event_id,user_id,event_date,event_type,traffic_source
1,4,2026-04-21,view_product,paid_search
2,854,2026-03-23,add_to_cart,social
3,640,2026-04-04,view_product,social
4,986,2026-05-06,purchase,organic
5,992,2026-04-03,checkout,paid_search
6,472,2026-04-02,view_product,social
7,110,2026-04-15,add_to_cart,paid_search
8,867,2026-05-20,add_to_cart,paid_search
9,37,2026-04-14,view_product,email
10,992,2026-03-19,view_product,paid_search
11,583,2026-05-26,add_to_cart,social
12,801,2026-03-15,view_product,organic
13,31,2026-05-17,view_product,paid_search
14,951,2026-05-05,view_product,social
15,381,2026-04-08,view_product,email
16,268,2026-03-18,view_product,paid_search
17,11,2026-05-09,view_product,organic
18,344,2026-04-28,view_product,paid_search
19,840,2026-04-01,view_product,social
20,544,2026-03-21,add_to_cart,paid_search
21,569,2026-04-09,purchase,paid_search
22,166,2026-03-27,view_product,email
23,700,2026-03-02,checkout,paid_search
24,342,2026-05-19,view_product,organic
25,482,2026-04-08,add_to_cart,paid_search
26,19,2026-05-25,view_product,email
27,628,2026-04-25,add_to_cart,social
28,980,2026-03-13,add_to_cart,paid_search
29,184,2026-04-25,view_product,paid_search
30,782,2026-05-05,view_product,email
31,545,2026-05-17,checkout,email
32,10,2026-04-25,view_product,email
33,592,2026-03-28,view_product,paid_search
34,192,2026-05-03,view_product,organic
35,320,2026-05-10,view_product,email
36,702,2026-05-21,view_product,social
37,580,2026-05-03,view_product,paid_search
38,475,2026-04-25,view_product,social
39,860,2026-04-10,view_product,social
40,637,2026-04-10,add_to_cart,organic
41,427,2026-03-04,add_to_cart,social
42,848,2026-04-26,purchase,email
43,59,2026-03-30,checkout,email
44,436,2026-05-27,purchase,paid_search
45,97,2026-05-23,add_to_cart,organic
46,496,2026-04-15,add_to_cart,organic
47,787,2026-04-25,view_product,social
48,661,2026-03-31,add_to_cart,organic
49,278,2026-05-27,view_product,social
50,265,2026-03-07,checkout,social
51,9,2026-05-29,view_product,organic
52,457,2026-05-16,add_to_cart,paid_search
53,795,2026-04-23,view_product,social
54,273,2026-03-08,view_product,email
55,940,2026-04-24,view_product,email
56,813,2026-05-08,view_product,organic
57,8,2026-04-13,view_product,organic
58,208,2026-03-13,view_product,social
59,914,2026-03-20,view_product,social
60,637,2026-05-17,view_product,email
61,123,2026-04-01,checkout,social
62,33,2026-04-29,view_product,email
63,513,2026-04-19,view_product,social
64,204,2026-03-27,purchase,paid_search
65,518,2026-03-25,add_to_cart,paid_search
66,809,2026-04-21,view_product,email
67,951,2026-05-07,view_product,paid_search
68,517,2026-03-21,checkout,paid_search
69,443,2026-03-18,view_product,organic
70,592,2026-04-08,view_product,social
71,786,2026-03-15,add_to_cart,organic
72,689,2026-04-22,view_product,email
73,850,2026-04-07,checkout,organic
74,833,2026-04-17,view_product,email
75,339,2026-04-21,add_to_cart,paid_search
76,438,2026-05-27,add_to_cart,organic
77,445,2026-05-11,view_product,paid_search
78,136,2026-03-28,checkout,social
79,387,2026-05-24,purchase,paid_search
80,25,2026-03-16,view_product,social
81,506,2026-03-16,purchase,paid_search
82,325,2026-04-04,view_product,organic
83,695,2026-03-17,checkout,organic
84,680,2026-05-12,view_product,paid_search
85,979,2026-04-21,view_product,email
86,338,2026-05-21,view_product,email
87,690,2026-03-12,view_product,social
88,885,2026-05-22,view_product,social
89,95,2026-04-17,checkout,paid_search
90,545,2026-03-22,checkout,organic
91,623,2026-04-18,view_product,social
92,146,2026-04-21,view_product,paid_search
93,893,2026-05-18,checkout,social
94,953,2026-03-01,view_product,organic
95,231,2026-05-05,view_product,social
96,784,2026-05-03,view_product,paid_search
97,848,2026-03-08,view_product,social
98,495,2026-05-25,view_product,email
99,38,2026-03-25,add_to_cart,social
100,425,2026-05-05,add_to_cart,organic
101,647,2026-05-12,view_product,organic
102,846,2026-05-12,purchase,organic
103,747,2026-05-16,add_to_cart,organic
104,437,2026-05-09,view_product,paid_search
105,831,2026-05-18,view_product,social
106,368,2026-04-20,view_product,social
107,345,2026-04-22,view_product,social
108,160,2026-03-15,view_product,social
109,550,2026-04-19,view_product,paid_search
110,662,2026-05-10,view_product,organic
111,912,2026-05-14,add_to_cart,social
112,820,2026-04-07,add_to_cart,social
113,541,2026-04-09,view_product,organic
114,144,2026-05-05,add_to_cart,email
115,588,2026-04-08,purchase,email
116,657,2026-05-13,add_to_cart,organic
117,741,2026-03-17,view_product,social
118,576,2026-03-07,view_product,organic
119,859,2026-04-08,checkout,social
120,345,2026-05-07,view_product,social
121,269,2026-04-04,view_product,email
122,840,2026-04-20,add_to_cart,email
123,696,2026-04-16,add_to_cart,social
124,773,2026-04-05,add_to_cart,social
125,268,2026-05-03,view_product,social
126,169,2026-05-28,view_product,email
127,771,2026-03-13,purchase,social
128,739,2026-03-18,view_product,organic
129,33,2026-03-21,view_product,paid_search
130,377,2026-05-04,view_product,paid_search
131,214,2026-03-08,checkout,social
132,562,2026-04-17,add_to_cart,organic
133,440,2026-05-24,purchase,social
134,492,2026-04-12,view_product,organic
135,393,2026-04-22,view_product,email
136,489,2026-05-24,view_product,email
137,722,2026-03-27,checkout,social
138,946,2026-03-19,view_product,email
139,29,2026-03-23,view_product,social
140,39,2026-04-19,add_to_cart,paid_search
141,859,2026-04-20,view_product,organic
142,612,2026-04-12,view_product,organic
143,173,2026-04-20,checkout,paid_search
144,17,2026-05-08,view_product,paid_search
145,56,2026-04-10,view_product,paid_search
146,226,2026-05-11,view_product,paid_search
147,558,2026-03-11,view_product,email
148,67,2026-05-19,view_product,organic
149,197,2026-05-27,add_to_cart,organic
150,654,2026-05-24,view_product,paid_search
151,835,2026-04-21,purchase,social
152,23,2026-03-23,view_product,social
153,999,2026-04-18,view_product,social
154,606,2026-04-07,view_product,social
155,754,2026-04-16,add_to_cart,email
156,237,2026-05-11,view_product,organic
157,957,2026-03-07,checkout,organic
158,919,2026-05-05,add_to_cart,organic
159,923,2026-05-16,purchase,social
160,566,2026-05-01,add_to_cart,paid_search
161,138,2026-05-26,view_product,social
162,473,2026-03-29,checkout,organic
163,845,2026-04-07,purchase,social
164,784,2026-05-23,purchase,paid_search
165,553,2026-04-02,view_product,paid_search
166,610,2026-03-29,add_to_cart,social
167,695,2026-05-18,view_product,organic
168,640,2026-03-23,view_product,email
169,229,2026-03-03,add_to_cart,organic
170,317,2026-04-14,purchase,email
171,598,2026-03-08,add_to_cart,organic
172,768,2026-05-25,checkout,social
173,721,2026-03-29,view_product,email
174,727,2026-03-02,view_product,organic
175,886,2026-04-19,add_to_cart,social
176,612,2026-05-04,view_product,organic
177,561,2026-03-20,checkout,paid_search
178,201,2026-04-21,view_product,paid_search
179,948,2026-05-24,view_product,organic
180,258,2026-04-06,view_product,social
181,480,2026-05-11,view_product,organic
182,888,2026-03-27,checkout,social
183,178,2026-04-16,view_product,email
184,757,2026-03-06,view_product,paid_search
185,123,2026-04-29,checkout,email
186,342,2026-04-14,view_product,social
187,171,2026-04-13,checkout,organic
188,845,2026-05-22,view_product,paid_search
189,648,2026-03-18,view_product,social
190,59,2026-05-04,purchase,social
191,705,2026-03-25,checkout,paid_search
192,465,2026-03-27,view_product,organic
193,780,2026-03-07,add_to_cart,paid_search
194,260,2026-04-13,purchase,organic
195,373,2026-03-29,view_product,organic
196,973,2026-04-13,view_product,social
197,95,2026-04-05,view_product,organic
198,125,2026-03-19,view_product,organic
199,41,2026-03-06,view_product,paid_search
200,891,2026-03-25,checkout,paid_search
201,254,2026-03-31,view_product,organic
202,7,2026-03-09,checkout,social
203,471,2026-05-23,view_product,paid_search
204,728,2026-05-13,add_to_cart,email
205,511,2026-04-06,add_to_cart,social
206,581,2026-03-27,view_product,paid_search
207,69,2026-03-13,view_product,paid_search
208,81,2026-04-10,view_product,email
209,542,2026-05-05,add_to_cart,organic
210,585,2026-05-24,view_product,paid_search
211,262,2026-03-24,view_product,email
212,89,2026-04-13,purchase,email
213,915,2026-04-29,purchase,paid_search
214,208,2026-03-09,view_product,social
215,213,2026-03-02,view_product,paid_search
216,834,2026-04-25,add_to_cart,email
217,266,2026-03-30,checkout,paid_search
218,912,2026-03-22,view_product,social
219,293,2026-05-14,view_product,organic
220,207,2026-05-20,checkout,organic
221,333,2026-03-13,purchase,paid_search
222,77,2026-05-10,add_to_cart,paid_search
223,288,2026-03-16,view_product,email
224,47,2026-04-14,view_product,social
225,622,2026-05-04,add_to_cart,email
226,200,2026-03-11,view_product,email
227,427,2026-05-09,view_product,organic
228,210,2026-03-20,view_product,email
229,888,2026-05-02,view_product,email
230,420,2026-05-29,view_product,organic
231,154,2026-03-12,checkout,organic
232,522,2026-05-01,add_to_cart,social
233,415,2026-04-11,checkout,social
234,353,2026-05-22,checkout,social
235,157,2026-05-08,view_product,paid_search
236,261,2026-04-27,view_product,organic
237,77,2026-03-05,view_product,paid_search
238,769,2026-03-27,view_product,paid_search
239,983,2026-03-28,checkout,social
240,488,2026-03-26,view_product,organic
241,131,2026-04-18,view_product,paid_search
242,579,2026-03-21,add_to_cart,email
243,455,2026-03-01,view_product,email
244,740,2026-04-27,add_to_cart,organic
245,163,2026-05-18,view_product,paid_search
246,15,2026-04-24,view_product,social
247,232,2026-05-20,view_product,paid_search
248,195,2026-03-26,checkout,email
249,861,2026-05-23,view_product,email
250,542,2026-03-25,view_product,social
251,359,2026-05-16,view_product,organic
252,850,2026-04-02,view_product,paid_search
253,331,2026-05-28,view_product,email
254,427,2026-05-11,add_to_cart,paid_search
255,497,2026-05-08,add_to_cart,social
256,828,2026-03-06,add_to_cart,social
257,486,2026-03-23,view_product,organic
258,808,2026-03-30,view_product,social
259,449,2026-05-17,view_product,organic
260,413,2026-04-23,view_product,paid_search
261,330,2026-05-26,view_product,email
262,732,2026-03-11,view_product,email
263,889,2026-03-31,add_to_cart,organic
264,991,2026-03-06,add_to_cart,email
265,147,2026-03-11,checkout,organic
266,259,2026-05-16,add_to_cart,organic
267,292,2026-03-12,view_product,paid_search
268,811,2026-05-05,view_product,paid_search
269,143,2026-04-22,view_product,social
270,993,2026-04-05,view_product,organic
271,937,2026-03-17,view_product,paid_search
272,747,2026-03-28,view_product,organic
273,627,2026-03-22,view_product,organic
274,365,2026-03-07,add_to_cart,organic
275,90,2026-03-15,add_to_cart,paid_search
276,720,2026-03-11,view_product,organic
277,164,2026-03-24,view_product,organic
278,481,2026-05-06,view_product,social
279,84,2026-03-30,add_to_cart,organic
280,77,2026-05-09,view_product,social
281,673,2026-05-05,add_to_cart,organic
282,517,2026-04-30,add_to_cart,social
283,485,2026-05-17,view_product,paid_search
284,590,2026-04-10,view_product,paid_search
285,603,2026-05-21,view_product,email
286,599,2026-04-20,view_product,organic
287,782,2026-04-13,add_to_cart,email
288,104,2026-03-13,view_product,email
289,452,2026-05-29,view_product,social
290,487,2026-03-12,purchase,paid_search
291,339,2026-05-21,view_product,organic
292,687,2026-03-09,view_product,organic
293,566,2026-05-24,view_product,social
294,900,2026-04-17,add_to_cart,email
295,478,2026-04-18,add_to_cart,social
296,723,2026-04-22,view_product,email
297,607,2026-04-25,purchase,organic
298,223,2026-04-09,add_to_cart,social
299,9,2026-03-24,view_product,email
300,53,2026-05-11,add_to_cart,social
301,77,2026-04-02,view_product,paid_search
302,718,2026-03-23,add_to_cart,social
303,503,2026-05-16,view_product,organic
304,316,2026-04-23,add_to_cart,social
305,814,2026-04-22,view_product,organic
306,822,2026-04-18,checkout,organic
307,842,2026-05-17,view_product,social
308,624,2026-05-17,add_to_cart,social
309,863,2026-05-19,view_product,social
310,165,2026-04-18,checkout,paid_search
311,279,2026-04-29,add_to_cart,paid_search
312,27,2026-05-29,view_product,email
313,70,2026-05-29,purchase,social
314,218,2026-05-04,view_product,email
315,962,2026-04-01,add_to_cart,email
316,365,2026-05-18,add_to_cart,organic
317,701,2026-03-21,view_product,email
318,845,2026-03-18,purchase,social
319,947,2026-04-29,view_product,paid_search
320,306,2026-03-13,view_product,email
321,124,2026-03-24,checkout,email
322,19,2026-03-30,add_to_cart,paid_search
323,257,2026-03-02,view_product,email
324,296,2026-05-22,view_product,social
325,928,2026-03-25,add_to_cart,email
326,22,2026-04-19,view_product,organic
327,880,2026-03-14,checkout,email
328,989,2026-03-06,add_to_cart,organic
329,450,2026-05-15,view_product,paid_search
330,552,2026-05-23,view_product,paid_search
331,550,2026-05-26,view_product,email
332,48,2026-03-30,view_product,email
333,695,2026-03-30,add_to_cart,paid_search
334,587,2026-04-07,purchase,organic
335,721,2026-04-27,add_to_cart,paid_search
336,183,2026-04-10,view_product,paid_search
337,435,2026-04-26,view_product,organic
338,107,2026-04-05,add_to_cart,paid_search
339,188,2026-05-03,add_to_cart,email
340,776,2026-03-16,add_to_cart,email
341,86,2026-05-27,view_product,paid_search
342,836,2026-05-17,checkout,email
343,843,2026-05-29,view_product,social
344,456,2026-05-11,add_to_cart,paid_search
345,137,2026-03-14,add_to_cart,social
346,858,2026-03-31,add_to_cart,paid_search
347,898,2026-05-05,view_product,paid_search
348,336,2026-05-07,add_to_cart,social
349,607,2026-05-04,view_product,paid_search
350,838,2026-04-24,add_to_cart,email
351,757,2026-05-23,view_product,social
352,469,2026-05-17,view_product,paid_search
353,602,2026-04-09,view_product,email
354,571,2026-03-25,checkout,social
355,403,2026-03-25,add_to_cart,social
356,540,2026-03-03,add_to_cart,email
357,72,2026-05-08,add_to_cart,paid_search
358,782,2026-03-26,checkout,paid_search
359,24,2026-04-09,view_product,social
360,624,2026-04-07,add_to_cart,organic
361,812,2026-04-07,add_to_cart,paid_search
362,485,2026-05-07,view_product,paid_search
363,56,2026-03-07,view_product,email
364,986,2026-03-30,view_product,organic
365,223,2026-03-19,view_product,organic
366,632,2026-04-04,view_product,social
367,179,2026-04-02,view_product,email
368,800,2026-04-02,add_to_cart,email
369,434,2026-05-17,view_product,paid_search
370,937,2026-04-07,view_product,social
371,450,2026-03-10,checkout,paid_search
372,793,2026-04-26,view_product,organic
373,884,2026-03-28,view_product,email
374,492,2026-05-17,add_to_cart,social
375,189,2026-04-07,view_product,paid_search
376,578,2026-03-16,view_product,paid_search
377,810,2026-03-21,view_product,organic
378,961,2026-03-06,purchase,email
379,420,2026-04-10,add_to_cart,organic
380,249,2026-03-15,add_to_cart,paid_search
381,588,2026-03-03,purchase,email
382,649,2026-04-12,purchase,email
383,164,2026-04-16,add_to_cart,organic
384,745,2026-03-14,add_to_cart,email
385,255,2026-05-05,view_product,organic
386,476,2026-03-29,view_product,email
387,806,2026-03-04,add_to_cart,email
388,417,2026-03-26,add_to_cart,social
389,170,2026-03-12,purchase,email
390,317,2026-03-02,view_product,paid_search
391,174,2026-03-17,add_to_cart,social
392,470,2026-04-04,add_to_cart,organic
393,345,2026-03-10,view_product,paid_search
394,445,2026-05-25,add_to_cart,organic
395,18,2026-04-12,view_product,organic
396,70,2026-03-21,view_product,paid_search
397,338,2026-03-15,view_product,organic
398,628,2026-04-04,view_product,social
399,592,2026-05-24,view_product,paid_search
400,527,2026-05-24,add_to_cart,organic
401,688,2026-05-24,view_product,organic
402,456,2026-04-29,view_product,email
403,269,2026-04-13,view_product,email
404,631,2026-03-05,view_product,organic
405,811,2026-05-12,view_product,paid_search
406,188,2026-03-18,view_product,social
407,569,2026-03-21,add_to_cart,organic
408,711,2026-05-11,checkout,organic
409,529,2026-05-13,view_product,organic
410,434,2026-04-20,view_product,email
411,288,2026-04-10,view_product,paid_search
412,918,2026-03-24,view_product,organic
413,567,2026-03-24,add_to_cart,email
414,499,2026-04-07,checkout,organic
415,441,2026-04-13,checkout,organic
416,781,2026-04-26,view_product,paid_search
417,303,2026-04-28,purchase,email
418,87,2026-04-03,view_product,social
419,830,2026-05-14,add_to_cart,paid_search
420,438,2026-05-21,add_to_cart,social
421,541,2026-03-23,add_to_cart,email
422,22,2026-05-25,view_product,email
423,833,2026-04-12,view_product,social
424,797,2026-05-21,view_product,email
425,560,2026-04-09,view_product,paid_search
426,517,2026-04-16,view_product,organic
427,762,2026-04-10,add_to_cart,social
428,675,2026-04-16,view_product,organic
429,503,2026-03-20,add_to_cart,social
430,714,2026-05-16,view_product,organic
431,467,2026-05-04,checkout,organic
432,101,2026-05-07,view_product,paid_search
433,583,2026-03-24,checkout,organic
434,942,2026-04-05,view_product,social
435,675,2026-04-14,view_product,organic
436,685,2026-03-02,checkout,email
437,141,2026-03-28,view_product,organic
438,138,2026-03-26,view_product,organic
439,578,2026-03-23,view_product,email
440,710,2026-05-18,view_product,email
441,840,2026-04-05,view_product,social
442,228,2026-03-06,view_product,email
443,281,2026-04-04,checkout,email
444,684,2026-04-07,add_to_cart,social
445,828,2026-04-04,view_product,social
446,431,2026-05-13,checkout,organic
447,40,2026-04-22,view_product,paid_search
448,519,2026-04-07,view_product,social
449,686,2026-04-28,view_product,email
450,663,2026-04-12,add_to_cart,organic
451,211,2026-03-04,view_product,email
452,302,2026-03-05,add_to_cart,social
453,86,2026-05-07,view_product,paid_search
454,397,2026-04-14,purchase,organic
455,253,2026-05-19,add_to_cart,social
456,533,2026-03-25,view_product,social
457,769,2026-05-17,add_to_cart,email
458,891,2026-03-11,add_to_cart,paid_search
459,915,2026-03-29,view_product,social
460,381,2026-04-03,view_product,email
461,444,2026-05-25,view_product,organic
462,33,2026-03-14,checkout,email
463,260,2026-03-24,add_to_cart,organic
464,234,2026-04-28,view_product,email
465,515,2026-04-08,view_product,paid_search
466,859,2026-03-26,view_product,email
467,308,2026-04-12,view_product,paid_search
468,739,2026-04-05,add_to_cart,paid_search
469,796,2026-04-08,purchase,organic
470,70,2026-04-30,view_product,email
471,454,2026-03-16,view_product,email
472,439,2026-04-28,view_product,email
473,825,2026-03-06,checkout,paid_search
474,364,2026-04-25,view_product,social
475,983,2026-03-08,view_product,email
476,766,2026-03-27,add_to_cart,email
477,481,2026-05-10,view_product,social
478,144,2026-03-27,view_product,organic
479,24,2026-05-28,add_to_cart,email
480,965,2026-04-15,view_product,social
481,425,2026-04-10,view_product,email
482,746,2026-05-18,view_product,paid_search
483,845,2026-03-25,view_product,social
484,175,2026-05-25,view_product,paid_search
485,844,2026-03-18,purchase,social
486,325,2026-03-12,view_product,organic
487,869,2026-05-26,add_to_cart,paid_search
488,671,2026-04-20,view_product,email
489,860,2026-04-08,view_product,social
490,348,2026-05-28,view_product,email
491,798,2026-03-10,view_product,organic
492,18,2026-05-13,view_product,social
493,44,2026-05-16,view_product,organic
494,155,2026-04-23,view_product,social
495,867,2026-03-29,view_product,paid_search
496,922,2026-04-10,purchase,email
497,377,2026-03-09,view_product,paid_search
498,743,2026-05-02,view_product,paid_search
499,883,2026-05-16,view_product,paid_search
500,828,2026-04-06,view_product,paid_search
501,402,2026-03-14,add_to_cart,social
502,225,2026-05-12,view_product,email
503,217,2026-05-11,view_product,social
504,568,2026-04-08,view_product,social
505,31,2026-04-09,add_to_cart,social
506,869,2026-04-23,view_product,paid_search
507,59,2026-03-03,view_product,organic
508,892,2026-04-24,view_product,paid_search
509,898,2026-04-02,view_product,social
510,353,2026-05-10,view_product,paid_search
511,935,2026-03-19,checkout,email
512,445,2026-04-03,add_to_cart,email
513,235,2026-05-17,add_to_cart,paid_search
514,107,2026-04-19,view_product,paid_search
515,191,2026-04-16,view_product,organic
516,992,2026-04-15,view_product,paid_search
517,530,2026-04-25,add_to_cart,paid_search
518,913,2026-04-26,view_product,organic
519,738,2026-05-22,purchase,paid_search
520,679,2026-04-20,view_product,paid_search
521,583,2026-04-23,purchase,paid_search
522,874,2026-05-29,view_product,paid_search
523,566,2026-05-20,view_product,paid_search
524,245,2026-03-28,view_product,social
525,995,2026-03-19,add_to_cart,paid_search
526,862,2026-03-27,view_product,organic
527,76,2026-04-17,checkout,paid_search
528,547,2026-03-19,checkout,social
529,267,2026-04-20,add_to_cart,organic
530,317,2026-03-07,add_to_cart,organic
531,812,2026-03-29,add_to_cart,paid_search
532,121,2026-04-12,add_to_cart,email
533,836,2026-05-08,view_product,social
534,25,2026-04-27,add_to_cart,email
535,432,2026-03-08,checkout,paid_search
536,160,2026-04-11,view_product,social
537,596,2026-05-15,purchase,email
538,114,2026-04-11,view_product,social
539,735,2026-03-13,view_product,paid_search
540,900,2026-03-26,view_product,social
541,502,2026-03-18,view_product,paid_search
542,166,2026-04-11,checkout,email
543,703,2026-04-20,checkout,social
544,175,2026-05-23,add_to_cart,organic
545,1,2026-03-16,purchase,paid_search
546,899,2026-03-03,view_product,social
547,741,2026-05-18,view_product,organic
548,86,2026-04-14,view_product,organic
549,574,2026-03-22,checkout,organic
550,320,2026-03-23,view_product,organic
551,401,2026-04-28,purchase,paid_search
552,382,2026-05-01,add_to_cart,social
553,718,2026-05-07,purchase,organic
554,617,2026-04-23,view_product,social
555,318,2026-04-26,view_product,social
556,803,2026-03-23,add_to_cart,email
557,250,2026-04-29,add_to_cart,social
558,525,2026-05-12,view_product,paid_search
559,675,2026-05-27,purchase,paid_search
560,555,2026-05-24,checkout,organic
561,898,2026-04-24,view_product,social
562,952,2026-05-19,view_product,paid_search
563,623,2026-05-02,view_product,paid_search
564,717,2026-04-25,view_product,paid_search
565,896,2026-04-24,add_to_cart,organic
566,256,2026-03-25,view_product,paid_search
567,307,2026-03-26,add_to_cart,social
568,950,2026-04-18,add_to_cart,paid_search
569,144,2026-05-02,view_product,paid_search
570,658,2026-04-14,view_product,organic
571,391,2026-05-12,view_product,social
572,813,2026-05-18,view_product,paid_search
573,676,2026-04-08,add_to_cart,social
574,169,2026-05-04,purchase,social
575,990,2026-05-08,view_product,paid_search
576,298,2026-04-25,view_product,organic
577,233,2026-03-09,view_product,social
578,903,2026-05-09,view_product,email
579,271,2026-03-28,view_product,paid_search
580,60,2026-04-14,add_to_cart,social
581,296,2026-03-26,view_product,social
582,467,2026-03-28,purchase,social
583,235,2026-04-09,view_product,paid_search
584,677,2026-03-15,checkout,email
585,706,2026-03-06,checkout,social
586,234,2026-03-27,view_product,social
587,368,2026-04-07,view_product,organic
588,695,2026-05-07,add_to_cart,paid_search
589,845,2026-05-14,add_to_cart,paid_search
590,232,2026-05-24,checkout,social
591,873,2026-05-03,add_to_cart,organic
592,491,2026-03-30,view_product,social
593,619,2026-05-21,checkout,social
594,503,2026-03-03,purchase,paid_search
595,890,2026-05-01,add_to_cart,organic
596,735,2026-03-12,checkout,social
597,592,2026-03-30,add_to_cart,paid_search
598,746,2026-05-24,add_to_cart,social
599,381,2026-04-07,add_to_cart,social
600,696,2026-05-24,add_to_cart,organic
601,428,2026-04-29,view_product,organic
602,697,2026-04-07,add_to_cart,organic
603,646,2026-03-15,add_to_cart,social
604,732,2026-03-18,view_product,email
605,800,2026-04-21,view_product,organic
606,364,2026-03-29,add_to_cart,email
607,202,2026-04-29,add_to_cart,email
608,882,2026-03-21,view_product,email
609,146,2026-03-17,checkout,paid_search
610,836,2026-03-18,checkout,social
611,639,2026-04-26,view_product,organic
612,457,2026-04-06,view_product,social
613,135,2026-04-29,purchase,social
614,626,2026-04-07,checkout,paid_search
615,264,2026-03-12,view_product,paid_search
616,64,2026-05-14,view_product,paid_search
617,491,2026-05-23,view_product,social
618,647,2026-05-12,add_to_cart,email
619,41,2026-03-01,view_product,social
620,296,2026-04-27,view_product,paid_search
621,3,2026-03-03,view_product,social
622,913,2026-05-02,checkout,paid_search
623,706,2026-03-21,view_product,paid_search
624,975,2026-03-23,view_product,organic
625,110,2026-03-09,purchase,email
626,221,2026-05-22,view_product,paid_search
627,370,2026-04-24,view_product,organic
628,368,2026-03-19,add_to_cart,email
629,436,2026-05-01,view_product,paid_search
630,918,2026-05-26,checkout,email
631,4,2026-04-08,view_product,email
632,244,2026-05-15,view_product,social
633,902,2026-03-27,checkout,organic
634,166,2026-04-15,view_product,email
635,26,2026-04-03,add_to_cart,social
636,395,2026-04-02,view_product,email
637,474,2026-04-19,view_product,social
638,17,2026-03-20,checkout,paid_search
639,728,2026-04-09,view_product,paid_search
640,92,2026-04-27,view_product,social
641,483,2026-03-31,view_product,paid_search
642,543,2026-04-07,view_product,paid_search
643,205,2026-05-25,add_to_cart,paid_search
644,502,2026-04-14,checkout,email
645,931,2026-04-10,add_to_cart,social
646,400,2026-03-09,add_to_cart,organic
647,207,2026-03-09,view_product,organic
648,619,2026-05-02,view_product,social
649,146,2026-05-18,add_to_cart,email
650,879,2026-05-16,view_product,paid_search
651,101,2026-03-22,view_product,paid_search
652,880,2026-03-16,purchase,email
653,830,2026-04-01,view_product,organic
654,880,2026-05-05,view_product,social
655,241,2026-05-29,add_to_cart,social
656,923,2026-03-14,add_to_cart,email
657,759,2026-04-07,view_product,paid_search
658,163,2026-03-08,view_product,paid_search
659,884,2026-03-21,purchase,paid_search
660,173,2026-04-25,add_to_cart,social
661,502,2026-04-15,checkout,organic
662,547,2026-04-12,view_product,social
663,284,2026-04-15,view_product,email
664,359,2026-04-17,view_product,social
665,381,2026-05-09,view_product,email
666,870,2026-05-23,view_product,social
667,905,2026-03-31,view_product,organic
668,972,2026-04-02,view_product,email
669,911,2026-04-13,add_to_cart,paid_search
670,533,2026-05-10,add_to_cart,paid_search
671,820,2026-03-08,view_product,social
672,163,2026-05-12,view_product,social
673,609,2026-03-02,view_product,organic
674,307,2026-03-17,view_product,organic
675,339,2026-04-21,view_product,paid_search
676,55,2026-04-14,view_product,social
677,983,2026-04-06,checkout,email
678,333,2026-04-11,checkout,organic
679,127,2026-04-13,add_to_cart,email
680,940,2026-05-20,checkout,email
681,705,2026-04-07,add_to_cart,organic
682,243,2026-03-06,checkout,social
683,861,2026-05-07,add_to_cart,email
684,600,2026-04-20,view_product,social
685,848,2026-04-04,add_to_cart,email
686,409,2026-04-27,view_product,social
687,503,2026-04-26,add_to_cart,social
688,727,2026-05-12,purchase,social
689,604,2026-03-06,add_to_cart,social
690,303,2026-03-13,view_product,organic
691,464,2026-04-28,view_product,email
692,235,2026-05-25,checkout,social
693,696,2026-03-30,purchase,paid_search
694,38,2026-03-02,view_product,email
695,139,2026-04-27,checkout,email
696,195,2026-04-05,checkout,social
697,527,2026-05-11,view_product,email
698,769,2026-04-14,checkout,paid_search
699,647,2026-03-09,view_product,paid_search
700,1,2026-05-04,add_to_cart,paid_search
701,561,2026-05-16,view_product,email
702,96,2026-04-19,add_to_cart,email
703,713,2026-05-18,add_to_cart,social
704,413,2026-04-01,view_product,email
705,538,2026-04-12,checkout,email
706,855,2026-05-17,checkout,social
707,429,2026-04-23,add_to_cart,paid_search
708,235,2026-04-16,view_product,social
709,349,2026-03-14,view_product,organic
710,756,2026-04-17,view_product,email
711,870,2026-04-24,checkout,email
712,481,2026-03-29,view_product,organic
713,839,2026-04-16,purchase,organic
714,396,2026-05-02,checkout,organic
715,351,2026-03-19,add_to_cart,social
716,416,2026-03-09,add_to_cart,paid_search
717,886,2026-04-06,add_to_cart,social
718,916,2026-04-21,add_to_cart,organic
719,887,2026-04-26,view_product,social
720,51,2026-05-27,checkout,email
721,81,2026-03-28,add_to_cart,social
722,36,2026-04-05,add_to_cart,organic
723,67,2026-05-03,add_to_cart,email
724,641,2026-03-18,view_product,paid_search
725,882,2026-05-28,view_product,social
726,667,2026-04-04,checkout,social
727,757,2026-05-07,view_product,organic
728,623,2026-05-17,add_to_cart,paid_search
729,680,2026-04-08,view_product,email
730,481,2026-05-29,view_product,organic
731,468,2026-03-08,view_product,organic
732,142,2026-05-27,checkout,social
733,356,2026-05-19,add_to_cart,paid_search
734,709,2026-05-23,view_product,organic
735,471,2026-03-15,purchase,social
736,621,2026-03-07,view_product,email
737,888,2026-03-17,view_product,organic
738,591,2026-05-25,add_to_cart,email
739,902,2026-05-25,add_to_cart,email
740,673,2026-05-03,view_product,social
741,439,2026-03-12,purchase,paid_search
742,531,2026-05-21,purchase,email
743,127,2026-04-25,view_product,organic
744,205,2026-04-15,view_product,paid_search
745,29,2026-04-16,checkout,paid_search
746,445,2026-05-18,view_product,social
747,966,2026-03-16,view_product,organic
748,719,2026-05-08,add_to_cart,organic
749,464,2026-03-02,view_product,social
750,280,2026-04-23,view_product,social
751,151,2026-03-27,view_product,paid_search
752,240,2026-03-31,add_to_cart,email
753,266,2026-04-10,add_to_cart,email
754,694,2026-04-05,view_product,email
755,105,2026-04-16,view_product,email
756,937,2026-04-12,add_to_cart,organic
757,433,2026-05-04,purchase,organic
758,913,2026-04-19,purchase,social
759,497,2026-03-01,view_product,social
760,440,2026-05-11,add_to_cart,email
761,748,2026-04-26,add_to_cart,social
762,685,2026-03-16,checkout,organic
763,158,2026-03-28,add_to_cart,email
764,172,2026-05-25,view_product,email
765,494,2026-05-21,add_to_cart,organic
766,970,2026-03-22,view_product,paid_search
767,311,2026-04-10,view_product,email
768,403,2026-05-15,add_to_cart,social
769,669,2026-03-19,purchase,paid_search
770,770,2026-05-28,view_product,organic
771,676,2026-04-19,add_to_cart,paid_search
772,659,2026-04-28,view_product,paid_search
773,903,2026-05-08,checkout,email
774,666,2026-04-03,add_to_cart,paid_search
775,463,2026-04-08,view_product,social
776,367,2026-05-13,view_product,email
777,550,2026-03-07,view_product,organic
778,643,2026-04-21,view_product,social
779,870,2026-04-29,view_product,email
780,255,2026-04-21,add_to_cart,paid_search
781,208,2026-05-18,view_product,social
782,450,2026-03-24,add_to_cart,email
783,95,2026-03-26,view_product,email
784,860,2026-05-29,add_to_cart,organic
785,839,2026-05-29,view_product,email
786,478,2026-03-10,view_product,organic
787,683,2026-03-17,view_product,paid_search
788,762,2026-05-17,view_product,email
789,190,2026-03-02,checkout,email
790,711,2026-05-16,add_to_cart,paid_search
791,484,2026-03-27,add_to_cart,email
792,733,2026-05-12,view_product,email
793,536,2026-05-10,view_product,social
794,756,2026-04-17,view_product,organic
795,423,2026-05-13,add_to_cart,email
796,836,2026-03-09,view_product,email
797,640,2026-05-25,view_product,organic
798,605,2026-03-23,view_product,social
799,812,2026-05-10,view_product,organic
800,133,2026-05-12,view_product,email
801,55,2026-03-27,view_product,paid_search
802,989,2026-05-27,view_product,paid_search
803,510,2026-05-20,view_product,social
804,670,2026-05-23,view_product,social
805,541,2026-05-10,add_to_cart,email
806,410,2026-04-12,view_product,social
807,211,2026-03-07,view_product,email
808,666,2026-05-22,view_product,paid_search
809,293,2026-05-02,view_product,social
810,987,2026-05-23,view_product,email
811,734,2026-04-13,checkout,organic
812,115,2026-04-08,checkout,social
813,949,2026-04-09,view_product,email
814,670,2026-03-07,checkout,email
815,259,2026-05-09,view_product,organic
816,763,2026-03-25,view_product,paid_search
817,122,2026-04-28,purchase,organic
818,299,2026-03-13,checkout,email
819,775,2026-05-25,purchase,organic
820,381,2026-05-20,view_product,organic
821,561,2026-05-25,view_product,email
822,889,2026-05-01,view_product,paid_search
823,841,2026-03-08,add_to_cart,organic
824,501,2026-04-14,view_product,organic
825,297,2026-03-18,checkout,social
826,362,2026-05-27,view_product,social
827,589,2026-04-29,view_product,email
828,463,2026-04-29,add_to_cart,email
829,438,2026-03-02,add_to_cart,email
830,127,2026-05-05,view_product,social
831,197,2026-03-14,purchase,email
832,221,2026-04-17,view_product,organic
833,995,2026-04-25,view_product,organic
834,91,2026-03-12,checkout,paid_search
835,411,2026-04-24,purchase,email
836,8,2026-03-28,checkout,organic
837,544,2026-05-28,checkout,organic
838,468,2026-03-04,add_to_cart,paid_search
839,320,2026-05-29,purchase,organic
840,394,2026-04-05,view_product,paid_search
841,269,2026-04-19,add_to_cart,paid_search
842,191,2026-03-03,add_to_cart,social
843,861,2026-03-01,view_product,organic
844,675,2026-03-17,view_product,social
845,61,2026-05-10,view_product,organic
846,438,2026-05-01,add_to_cart,social
847,264,2026-04-17,view_product,paid_search
848,797,2026-05-01,checkout,paid_search
849,95,2026-05-08,view_product,paid_search
850,553,2026-03-19,view_product,paid_search
851,926,2026-04-03,checkout,organic
852,470,2026-04-18,add_to_cart,email
853,661,2026-05-19,view_product,organic
854,716,2026-04-16,view_product,social
855,779,2026-04-19,add_to_cart,organic
856,514,2026-05-28,purchase,organic
857,690,2026-03-26,checkout,social
858,937,2026-04-25,add_to_cart,paid_search
859,194,2026-05-17,view_product,social
860,482,2026-03-14,view_product,social
861,899,2026-05-17,view_product,email
862,336,2026-03-25,view_product,email
863,435,2026-03-04,view_product,paid_search
864,196,2026-05-18,view_product,social
865,855,2026-04-01,add_to_cart,social
866,249,2026-05-21,view_product,social
867,498,2026-05-17,add_to_cart,organic
868,212,2026-05-04,purchase,email
869,665,2026-04-30,add_to_cart,email
870,670,2026-03-20,add_to_cart,paid_search
871,466,2026-05-13,add_to_cart,email
872,874,2026-03-10,view_product,email
873,651,2026-05-27,view_product,paid_search
874,221,2026-04-03,view_product,social
875,273,2026-04-30,view_product,organic
876,154,2026-03-27,add_to_cart,paid_search
877,249,2026-04-09,checkout,email
878,279,2026-05-04,purchase,paid_search
879,440,2026-04-02,view_product,email
880,948,2026-05-07,purchase,social
881,816,2026-05-10,view_product,social
882,276,2026-03-09,checkout,social
883,514,2026-03-16,view_product,email
884,88,2026-03-05,view_product,paid_search
885,799,2026-03-23,view_product,email
886,923,2026-04-12,checkout,social
887,642,2026-05-28,view_product,social
888,505,2026-04-26,view_product,social
889,590,2026-04-20,checkout,email
890,772,2026-03-13,purchase,organic
891,241,2026-03-24,view_product,social
892,653,2026-03-11,add_to_cart,paid_search
893,740,2026-04-21,view_product,social
894,675,2026-03-17,view_product,email
895,236,2026-04-06,view_product,paid_search
896,128,2026-03-13,view_product,email
897,503,2026-05-01,view_product,organic
898,200,2026-05-23,add_to_cart,organic
899,962,2026-03-08,view_product,email
900,902,2026-04-25,add_to_cart,social
901,543,2026-05-22,add_to_cart,paid_search
902,502,2026-05-09,view_product,social
903,650,2026-04-13,view_product,email
904,492,2026-04-29,add_to_cart,email
905,21,2026-04-10,add_to_cart,social
906,234,2026-03-21,add_to_cart,paid_search
907,714,2026-05-25,add_to_cart,paid_search
908,791,2026-04-11,view_product,paid_search
909,643,2026-05-13,add_to_cart,paid_search
910,416,2026-05-13,view_product,paid_search
911,148,2026-03-29,checkout,organic
912,970,2026-05-19,add_to_cart,organic
913,29,2026-05-04,view_product,email
914,361,2026-03-17,view_product,organic
915,308,2026-03-30,checkout,paid_search
916,883,2026-03-26,view_product,paid_search
917,942,2026-04-22,view_product,paid_search
918,162,2026-03-19,add_to_cart,email
919,869,2026-04-22,add_to_cart,email
920,852,2026-05-24,view_product,social
921,61,2026-03-17,add_to_cart,organic
922,125,2026-04-15,checkout,organic
923,456,2026-05-24,purchase,social
924,71,2026-04-22,add_to_cart,social
925,838,2026-05-03,purchase,organic
926,907,2026-04-14,add_to_cart,paid_search
927,876,2026-04-18,view_product,organic
928,466,2026-03-19,add_to_cart,paid_search
929,243,2026-05-10,view_product,email
930,490,2026-05-20,view_product,organic
931,761,2026-05-04,view_product,organic
932,221,2026-04-06,checkout,email
933,473,2026-05-09,add_to_cart,email
934,959,2026-03-26,add_to_cart,email
935,533,2026-03-02,view_product,email
936,494,2026-04-28,view_product,email
937,899,2026-03-05,view_product,social
938,82,2026-04-06,add_to_cart,social
939,856,2026-03-31,view_product,email
940,879,2026-05-15,view_product,email
941,998,2026-04-17,view_product,email
942,522,2026-03-06,add_to_cart,email
943,923,2026-03-15,checkout,paid_search
944,12,2026-03-15,add_to_cart,paid_search
945,263,2026-04-30,view_product,email
946,657,2026-03-16,view_product,email
947,449,2026-03-20,view_product,organic
948,192,2026-05-16,view_product,email
949,762,2026-04-13,view_product,email
950,114,2026-04-11,view_product,social
951,26,2026-04-15,view_product,paid_search
952,783,2026-04-03,view_product,email
953,499,2026-05-03,view_product,paid_search
954,508,2026-03-29,add_to_cart,paid_search
955,545,2026-03-03,purchase,organic
956,62,2026-03-09,checkout,paid_search
957,229,2026-05-14,view_product,paid_search
958,815,2026-05-14,view_product,email
959,607,2026-03-25,checkout,social
960,35,2026-05-25,view_product,email
961,705,2026-04-11,checkout,email
962,456,2026-04-15,add_to_cart,social
963,588,2026-05-12,purchase,social
964,891,2026-05-23,checkout,organic
965,502,2026-04-28,add_to_cart,social
966,761,2026-03-21,add_to_cart,email
967,595,2026-05-13,view_product,social
968,25,2026-03-22,view_product,social
969,569,2026-03-29,view_product,social
970,32,2026-05-02,view_product,paid_search
971,831,2026-05-12,view_product,organic
972,12,2026-04-30,view_product,paid_search
973,319,2026-05-03,checkout,paid_search
974,845,2026-05-08,view_product,organic
975,604,2026-04-09,view_product,paid_search
976,1,2026-05-14,view_product,social
977,435,2026-03-01,view_product,organic
978,838,2026-05-04,view_product,paid_search
979,136,2026-05-01,purchase,email
980,196,2026-04-23,add_to_cart,paid_search
981,133,2026-04-29,view_product,email
982,985,2026-04-15,view_product,social
983,86,2026-03-05,view_product,email
984,476,2026-03-22,checkout,paid_search
985,807,2026-05-29,view_product,paid_search
986,791,2026-04-22,view_product,paid_search
987,324,2026-05-09,view_product,organic
988,180,2026-04-01,purchase,organic
989,516,2026-03-11,view_product,paid_search
990,638,2026-03-10,checkout,paid_search
991,175,2026-04-08,view_product,social
992,763,2026-03-31,add_to_cart,organic
993,21,2026-03-12,add_to_cart,organic
994,997,2026-05-19,view_product,organic
995,952,2026-04-07,view_product,email
996,105,2026-05-06,view_product,paid_search
997,578,2026-05-05,view_product,social
998,443,2026-04-21,checkout,social
999,775,2026-03-05,view_product,paid_search
1000,49,2026-03-11,add_to_cart,paid_search
1001,528,2026-03-25,view_product,social
1002,145,2026-04-04,view_product,email
1003,340,2026-04-04,add_to_cart,social
1004,762,2026-03-22,add_to_cart,email
1005,855,2026-04-06,view_product,email
1006,354,2026-05-25,view_product,organic
1007,75,2026-04-24,view_product,paid_search
1008,802,2026-05-14,checkout,organic
1009,929,2026-05-11,view_product,email
1010,794,2026-05-03,view_product,social
1011,578,2026-03-20,add_to_cart,organic
1012,637,2026-03-04,view_product,social
1013,319,2026-03-18,view_product,email
1014,87,2026-04-20,view_product,social
1015,553,2026-05-07,checkout,organic
1016,982,2026-03-20,purchase,email
1017,698,2026-03-09,add_to_cart,paid_search
1018,866,2026-05-19,view_product,organic
1019,892,2026-03-26,add_to_cart,organic
1020,847,2026-03-25,view_product,paid_search
1021,778,2026-05-07,view_product,email
1022,783,2026-04-10,purchase,paid_search
1023,42,2026-04-28,view_product,organic
1024,93,2026-04-14,view_product,email
1025,697,2026-04-10,checkout,social
1026,727,2026-04-07,add_to_cart,organic
1027,507,2026-03-19,view_product,social
1028,529,2026-03-14,view_product,paid_search
1029,956,2026-03-21,view_product,email
1030,265,2026-03-15,view_product,paid_search
1031,626,2026-03-03,view_product,social
1032,292,2026-04-06,view_product,organic
1033,969,2026-04-15,purchase,email
1034,464,2026-03-16,view_product,paid_search
1035,804,2026-03-14,view_product,social
1036,560,2026-03-09,view_product,social
1037,819,2026-03-07,view_product,organic
1038,97,2026-03-14,view_product,social
1039,887,2026-03-06,checkout,email
1040,95,2026-05-24,checkout,social
1041,326,2026-03-15,view_product,organic
1042,74,2026-04-21,checkout,paid_search
1043,336,2026-05-11,view_product,email
1044,68,2026-04-03,add_to_cart,paid_search
1045,758,2026-03-01,view_product,paid_search
1046,918,2026-05-08,checkout,social
1047,77,2026-05-25,view_product,social
1048,208,2026-03-20,add_to_cart,organic
1049,884,2026-05-19,add_to_cart,social
1050,766,2026-03-07,view_product,social
1051,221,2026-03-07,view_product,paid_search
1052,262,2026-04-19,view_product,email
1053,410,2026-03-02,add_to_cart,social
1054,331,2026-04-16,view_product,email
1055,344,2026-03-14,add_to_cart,social
1056,989,2026-03-31,purchase,social
1057,771,2026-04-19,view_product,organic
1058,820,2026-04-30,view_product,social
1059,74,2026-04-10,add_to_cart,organic
1060,637,2026-03-14,add_to_cart,paid_search
1061,700,2026-03-05,purchase,email
1062,254,2026-05-14,view_product,social
1063,959,2026-03-05,view_product,organic
1064,833,2026-05-03,checkout,paid_search
1065,820,2026-03-29,checkout,social
1066,747,2026-05-14,add_to_cart,organic
1067,986,2026-03-05,view_product,organic
1068,762,2026-04-05,view_product,paid_search
1069,332,2026-05-18,view_product,social
1070,398,2026-03-19,purchase,social
1071,345,2026-05-03,view_product,email
1072,584,2026-03-22,add_to_cart,social
1073,747,2026-04-03,add_to_cart,organic
1074,836,2026-04-25,view_product,email
1075,668,2026-03-17,view_product,email
1076,455,2026-05-15,add_to_cart,social
1077,906,2026-05-28,view_product,email
1078,115,2026-04-25,view_product,organic
1079,313,2026-03-17,view_product,organic
1080,228,2026-05-13,checkout,paid_search
1081,834,2026-05-21,purchase,organic
1082,858,2026-03-18,add_to_cart,paid_search
1083,245,2026-04-14,add_to_cart,email
1084,818,2026-05-17,view_product,paid_search
1085,526,2026-04-25,add_to_cart,social
1086,528,2026-05-19,purchase,paid_search
1087,950,2026-04-19,view_product,social
1088,427,2026-04-27,view_product,email
1089,42,2026-03-18,purchase,paid_search
1090,465,2026-05-19,add_to_cart,organic
1091,622,2026-05-20,view_product,social
1092,278,2026-03-07,purchase,email
1093,836,2026-05-15,view_product,organic
1094,19,2026-03-10,view_product,social
1095,66,2026-05-08,add_to_cart,email
1096,167,2026-05-24,view_product,email
1097,585,2026-03-03,add_to_cart,organic
1098,403,2026-05-22,view_product,email
1099,912,2026-04-13,view_product,paid_search
1100,822,2026-05-09,view_product,email
1101,409,2026-03-14,add_to_cart,social
1102,112,2026-03-04,view_product,social
1103,274,2026-03-18,purchase,social
1104,407,2026-04-21,add_to_cart,paid_search
1105,373,2026-04-07,view_product,organic
1106,597,2026-05-19,view_product,paid_search
1107,651,2026-03-20,checkout,paid_search
1108,39,2026-05-27,view_product,paid_search
1109,105,2026-04-13,view_product,email
1110,324,2026-04-20,view_product,organic
1111,793,2026-03-19,view_product,email
1112,959,2026-05-07,view_product,paid_search
1113,992,2026-05-05,add_to_cart,social
1114,414,2026-03-13,purchase,paid_search
1115,429,2026-05-01,view_product,organic
1116,635,2026-04-30,checkout,social
1117,730,2026-03-30,purchase,organic
1118,889,2026-03-30,checkout,paid_search
1119,61,2026-04-20,purchase,organic
1120,612,2026-05-27,checkout,email
1121,307,2026-04-17,add_to_cart,social
1122,354,2026-04-02,view_product,organic
1123,393,2026-05-13,view_product,social
1124,204,2026-05-21,checkout,social
1125,258,2026-03-19,view_product,paid_search
1126,486,2026-05-10,view_product,paid_search
1127,517,2026-04-26,view_product,social
1128,446,2026-03-19,checkout,organic
1129,709,2026-05-27,add_to_cart,social
1130,180,2026-05-18,view_product,paid_search
1131,342,2026-04-10,view_product,organic
1132,133,2026-04-11,add_to_cart,social
1133,443,2026-05-26,view_product,paid_search
1134,836,2026-04-21,add_to_cart,social
1135,253,2026-03-04,view_product,social
1136,265,2026-03-04,purchase,social
1137,93,2026-03-05,view_product,organic
1138,662,2026-04-10,add_to_cart,paid_search
1139,411,2026-05-26,add_to_cart,paid_search
1140,138,2026-04-30,view_product,email
1141,208,2026-05-14,view_product,social
1142,637,2026-04-24,view_product,social
1143,746,2026-05-14,purchase,email
1144,573,2026-03-13,view_product,social
1145,307,2026-03-14,add_to_cart,organic
1146,266,2026-04-29,purchase,email
1147,646,2026-05-11,checkout,paid_search
1148,318,2026-03-25,add_to_cart,social
1149,113,2026-05-21,add_to_cart,paid_search
1150,901,2026-04-13,purchase,social
1151,378,2026-05-21,purchase,email
1152,454,2026-03-10,purchase,paid_search
1153,191,2026-05-10,add_to_cart,social
1154,891,2026-04-19,view_product,organic
1155,440,2026-04-13,view_product,email
1156,187,2026-03-14,view_product,social
1157,831,2026-03-15,purchase,social
1158,367,2026-03-16,checkout,social
1159,89,2026-03-02,view_product,email
1160,187,2026-03-30,view_product,social
1161,819,2026-03-30,view_product,social
1162,946,2026-05-21,view_product,paid_search
1163,132,2026-03-31,add_to_cart,paid_search
1164,872,2026-05-16,view_product,email
1165,635,2026-03-20,view_product,email
1166,560,2026-04-18,view_product,organic
1167,800,2026-04-04,view_product,social
1168,376,2026-03-23,purchase,paid_search
1169,691,2026-04-30,view_product,paid_search
1170,692,2026-05-23,checkout,social
1171,99,2026-04-24,view_product,social
1172,842,2026-05-06,view_product,email
1173,34,2026-03-08,add_to_cart,organic
1174,932,2026-04-09,add_to_cart,organic
1175,582,2026-04-28,add_to_cart,email
1176,171,2026-04-01,view_product,email
1177,366,2026-03-07,view_product,paid_search
1178,784,2026-03-02,add_to_cart,email
1179,59,2026-05-24,view_product,organic
1180,181,2026-03-06,view_product,paid_search
1181,19,2026-04-05,add_to_cart,organic
1182,226,2026-04-01,view_product,social
1183,473,2026-04-14,view_product,organic
1184,95,2026-04-11,view_product,paid_search
1185,881,2026-04-22,purchase,organic
1186,297,2026-03-09,view_product,paid_search
1187,593,2026-05-14,checkout,paid_search
1188,175,2026-05-26,view_product,email
1189,222,2026-05-14,add_to_cart,organic
1190,615,2026-04-18,view_product,email
1191,54,2026-03-02,view_product,email
1192,695,2026-05-06,checkout,organic
1193,863,2026-03-11,checkout,paid_search
1194,403,2026-04-19,add_to_cart,social
1195,318,2026-04-04,checkout,organic
1196,867,2026-03-15,view_product,email
1197,349,2026-05-14,view_product,email
1198,443,2026-03-31,view_product,paid_search
1199,833,2026-05-01,checkout,email
1200,580,2026-03-28,view_product,social
1201,540,2026-03-25,purchase,email
1202,786,2026-05-23,view_product,paid_search
1203,282,2026-03-25,add_to_cart,organic
1204,360,2026-05-14,view_product,paid_search
1205,915,2026-05-22,view_product,email
1206,823,2026-03-01,add_to_cart,paid_search
1207,631,2026-04-28,view_product,email
1208,892,2026-05-08,purchase,paid_search
1209,953,2026-05-13,add_to_cart,organic
1210,646,2026-04-11,add_to_cart,email
1211,641,2026-04-03,checkout,social
1212,8,2026-05-05,add_to_cart,social
1213,993,2026-03-18,add_to_cart,social
1214,563,2026-05-16,view_product,social
1215,491,2026-03-05,view_product,email
1216,341,2026-03-20,add_to_cart,email
1217,472,2026-05-05,checkout,organic
1218,793,2026-05-14,view_product,paid_search
1219,687,2026-05-01,view_product,email
1220,695,2026-04-01,add_to_cart,social
1221,704,2026-04-27,view_product,email
1222,249,2026-04-19,add_to_cart,social
1223,235,2026-04-07,add_to_cart,organic
1224,83,2026-04-24,view_product,paid_search
1225,93,2026-03-28,checkout,email
1226,885,2026-05-13,view_product,paid_search
1227,394,2026-05-25,add_to_cart,social
1228,824,2026-05-20,view_product,social
1229,268,2026-03-22,view_product,paid_search
1230,417,2026-04-12,checkout,organic
1231,632,2026-05-22,view_product,paid_search
1232,583,2026-05-20,view_product,paid_search
1233,529,2026-05-27,view_product,email
1234,253,2026-04-05,view_product,email
1235,957,2026-04-21,view_product,social
1236,122,2026-04-05,view_product,email
1237,892,2026-03-28,purchase,organic
1238,10,2026-05-17,add_to_cart,organic
1239,799,2026-04-27,view_product,organic
1240,316,2026-04-05,add_to_cart,social
1241,838,2026-05-09,view_product,organic
1242,273,2026-03-09,view_product,organic
1243,306,2026-03-21,view_product,email
1244,805,2026-05-03,view_product,social
1245,210,2026-05-15,checkout,paid_search
1246,958,2026-04-30,view_product,organic
1247,730,2026-04-09,checkout,email
1248,753,2026-04-25,view_product,paid_search
1249,886,2026-03-04,view_product,organic
1250,464,2026-03-31,add_to_cart,paid_search
1251,712,2026-03-27,add_to_cart,paid_search
1252,728,2026-04-27,view_product,social
1253,717,2026-03-25,view_product,social
1254,925,2026-05-08,view_product,organic
1255,416,2026-05-09,purchase,organic
1256,216,2026-03-05,view_product,social
1257,80,2026-03-08,view_product,organic
1258,779,2026-03-09,checkout,organic
1259,480,2026-03-15,view_product,social
1260,902,2026-03-07,view_product,paid_search
1261,891,2026-05-11,view_product,organic
1262,547,2026-03-15,add_to_cart,email
1263,801,2026-04-06,view_product,social
1264,18,2026-05-22,view_product,organic
1265,165,2026-04-08,checkout,organic
1266,525,2026-03-06,view_product,social
1267,202,2026-05-22,view_product,email
1268,741,2026-04-26,view_product,email
1269,346,2026-05-20,add_to_cart,social
1270,366,2026-03-19,checkout,email
1271,977,2026-05-02,view_product,organic
1272,448,2026-03-31,view_product,email
1273,513,2026-05-14,view_product,organic
1274,319,2026-05-18,view_product,paid_search
1275,217,2026-03-10,add_to_cart,email
1276,34,2026-05-26,view_product,paid_search
1277,871,2026-05-06,view_product,social
1278,266,2026-05-01,view_product,email
1279,640,2026-03-03,view_product,organic
1280,724,2026-03-18,add_to_cart,email
1281,775,2026-03-25,view_product,social
1282,824,2026-03-20,purchase,social
1283,80,2026-04-27,view_product,organic
1284,677,2026-05-25,purchase,email
1285,413,2026-04-19,view_product,paid_search
1286,252,2026-05-18,add_to_cart,social
1287,12,2026-03-10,view_product,social
1288,401,2026-03-21,add_to_cart,organic
1289,816,2026-03-29,view_product,email
1290,724,2026-03-10,view_product,paid_search
1291,282,2026-03-13,add_to_cart,email
1292,112,2026-04-16,add_to_cart,email
1293,723,2026-03-23,add_to_cart,paid_search
1294,378,2026-04-19,view_product,organic
1295,751,2026-05-26,view_product,social
1296,268,2026-03-04,add_to_cart,organic
1297,917,2026-05-06,view_product,organic
1298,298,2026-05-24,view_product,email
1299,317,2026-04-22,view_product,paid_search
1300,570,2026-03-02,view_product,social
1301,509,2026-05-07,view_product,email
1302,950,2026-05-04,add_to_cart,social
1303,546,2026-05-18,checkout,email
1304,775,2026-04-26,view_product,paid_search
1305,365,2026-05-09,purchase,social
1306,547,2026-03-07,add_to_cart,social
1307,271,2026-03-19,checkout,organic
1308,961,2026-04-13,checkout,email
1309,474,2026-05-02,add_to_cart,email
1310,739,2026-05-04,view_product,email
1311,537,2026-04-08,view_product,organic
1312,234,2026-05-22,view_product,organic
1313,59,2026-03-26,purchase,social
1314,251,2026-04-13,purchase,email
1315,847,2026-03-12,add_to_cart,email
1316,86,2026-03-22,checkout,social
1317,763,2026-05-16,checkout,social
1318,390,2026-03-14,view_product,social
1319,180,2026-05-25,add_to_cart,paid_search
1320,719,2026-03-30,view_product,paid_search
1321,856,2026-04-13,view_product,social
1322,149,2026-05-23,view_product,organic
1323,583,2026-04-07,view_product,organic
1324,121,2026-04-28,add_to_cart,email
1325,765,2026-04-11,view_product,paid_search
1326,605,2026-04-21,checkout,paid_search
1327,256,2026-05-02,view_product,social
1328,766,2026-04-30,view_product,social
1329,864,2026-04-03,checkout,social
1330,800,2026-04-08,add_to_cart,social
1331,309,2026-04-10,view_product,social
1332,59,2026-04-06,view_product,organic
1333,69,2026-05-04,view_product,organic
1334,446,2026-05-18,purchase,social
1335,388,2026-04-01,add_to_cart,organic
1336,86,2026-03-08,view_product,social
1337,786,2026-03-18,view_product,social
1338,227,2026-04-14,checkout,paid_search
1339,593,2026-04-02,add_to_cart,organic
1340,626,2026-03-05,checkout,organic
1341,184,2026-05-21,view_product,paid_search
1342,792,2026-05-13,checkout,organic
1343,322,2026-04-05,add_to_cart,paid_search
1344,909,2026-03-23,add_to_cart,email
1345,318,2026-04-09,view_product,organic
1346,566,2026-03-05,checkout,social
1347,399,2026-04-03,add_to_cart,paid_search
1348,709,2026-03-24,checkout,social
1349,899,2026-03-17,view_product,social
1350,293,2026-05-10,view_product,organic
1351,293,2026-05-20,view_product,paid_search
1352,485,2026-03-22,view_product,email
1353,899,2026-03-15,view_product,social
1354,447,2026-03-15,view_product,social
1355,803,2026-03-25,view_product,email
1356,692,2026-04-22,checkout,paid_search
1357,983,2026-03-21,view_product,organic
1358,892,2026-05-05,view_product,social
1359,412,2026-04-01,checkout,organic
1360,508,2026-03-21,add_to_cart,paid_search
1361,734,2026-05-07,add_to_cart,email
1362,786,2026-04-13,view_product,organic
1363,890,2026-05-22,view_product,paid_search
1364,244,2026-05-05,view_product,organic
1365,420,2026-05-29,view_product,organic
1366,929,2026-03-14,purchase,social
1367,960,2026-03-15,add_to_cart,organic
1368,154,2026-03-20,view_product,social
1369,816,2026-04-03,add_to_cart,paid_search
1370,424,2026-04-05,view_product,paid_search
1371,273,2026-05-22,view_product,social
1372,936,2026-03-09,checkout,email
1373,647,2026-05-10,view_product,organic
1374,825,2026-03-30,purchase,paid_search
1375,520,2026-05-16,view_product,paid_search
1376,128,2026-05-02,add_to_cart,email
1377,373,2026-04-04,view_product,paid_search
1378,568,2026-03-13,view_product,social
1379,638,2026-05-18,add_to_cart,email
1380,159,2026-04-15,purchase,paid_search
1381,571,2026-04-25,add_to_cart,email
1382,570,2026-03-09,add_to_cart,email
1383,652,2026-05-26,purchase,paid_search
1384,176,2026-04-05,view_product,paid_search
1385,927,2026-03-03,view_product,paid_search
1386,620,2026-03-19,view_product,email
1387,211,2026-03-28,add_to_cart,social
1388,447,2026-03-23,checkout,social
1389,586,2026-03-07,add_to_cart,organic
1390,167,2026-05-15,checkout,paid_search
1391,460,2026-03-14,add_to_cart,social
1392,916,2026-04-15,view_product,organic
1393,357,2026-03-15,view_product,organic
1394,304,2026-05-06,purchase,paid_search
1395,233,2026-03-15,view_product,organic
1396,327,2026-04-20,view_product,social
1397,884,2026-05-27,view_product,organic
1398,182,2026-03-08,view_product,organic
1399,634,2026-05-08,add_to_cart,social
1400,334,2026-05-01,view_product,organic
1401,715,2026-04-20,checkout,organic
1402,967,2026-05-02,view_product,email
1403,29,2026-05-07,add_to_cart,organic
1404,714,2026-05-17,add_to_cart,organic
1405,93,2026-03-16,add_to_cart,email
1406,841,2026-05-23,checkout,email
1407,868,2026-03-24,view_product,email
1408,688,2026-03-06,view_product,paid_search
1409,330,2026-04-26,view_product,paid_search
1410,723,2026-03-31,checkout,social
1411,184,2026-03-06,purchase,organic
1412,95,2026-05-18,view_product,social
1413,785,2026-03-29,add_to_cart,paid_search
1414,649,2026-05-06,view_product,organic
1415,749,2026-05-14,view_product,organic
1416,353,2026-03-03,add_to_cart,email
1417,930,2026-03-28,view_product,paid_search
1418,941,2026-05-13,view_product,organic
1419,984,2026-04-17,add_to_cart,email
1420,265,2026-05-19,add_to_cart,organic
1421,647,2026-03-10,view_product,paid_search
1422,656,2026-04-02,add_to_cart,social
1423,19,2026-05-06,view_product,social
1424,743,2026-05-08,view_product,organic
1425,646,2026-03-12,add_to_cart,email
1426,626,2026-04-26,view_product,email
1427,499,2026-04-13,view_product,email
1428,139,2026-03-13,view_product,paid_search
1429,637,2026-03-24,checkout,social
1430,716,2026-04-13,view_product,social
1431,573,2026-04-26,view_product,organic
1432,762,2026-03-16,view_product,social
1433,810,2026-03-21,view_product,email
1434,525,2026-05-15,add_to_cart,paid_search
1435,908,2026-04-20,view_product,email
1436,255,2026-03-21,checkout,email
1437,85,2026-04-29,add_to_cart,social
1438,458,2026-04-20,add_to_cart,paid_search
1439,532,2026-03-21,view_product,paid_search
1440,562,2026-03-06,view_product,email
1441,676,2026-05-12,view_product,organic
1442,92,2026-05-04,view_product,social
1443,600,2026-05-15,view_product,organic
1444,69,2026-04-27,add_to_cart,email
1445,37,2026-05-17,view_product,social
1446,765,2026-03-06,view_product,organic
1447,764,2026-05-04,view_product,organic
1448,140,2026-05-25,view_product,organic
1449,867,2026-04-03,checkout,social
1450,893,2026-04-25,view_product,organic
1451,680,2026-05-14,checkout,paid_search
1452,566,2026-03-03,add_to_cart,email
1453,898,2026-04-11,checkout,social
1454,178,2026-05-01,view_product,paid_search
1455,809,2026-03-06,purchase,organic
1456,813,2026-03-06,view_product,email
1457,871,2026-05-02,add_to_cart,organic
1458,618,2026-03-20,view_product,paid_search
1459,137,2026-03-21,view_product,organic
1460,190,2026-03-02,add_to_cart,social
1461,640,2026-05-29,add_to_cart,paid_search
1462,342,2026-05-29,view_product,social
1463,559,2026-04-25,view_product,email
1464,5,2026-03-10,add_to_cart,social
1465,972,2026-05-26,view_product,social
1466,257,2026-05-09,view_product,organic
1467,812,2026-03-23,purchase,organic
1468,662,2026-03-30,purchase,paid_search
1469,806,2026-05-17,checkout,email
1470,243,2026-04-06,checkout,paid_search
1471,787,2026-04-24,view_product,email
1472,720,2026-04-18,purchase,email
1473,415,2026-04-03,view_product,social
1474,627,2026-04-13,view_product,organic
1475,707,2026-03-22,checkout,email
1476,343,2026-03-31,view_product,organic
1477,682,2026-03-07,view_product,email
1478,379,2026-03-21,view_product,organic
1479,594,2026-03-16,view_product,paid_search
1480,666,2026-03-20,add_to_cart,organic
1481,653,2026-04-12,view_product,social
1482,826,2026-04-13,view_product,email
1483,146,2026-04-16,view_product,social
1484,323,2026-03-19,view_product,email
1485,122,2026-04-17,view_product,social
1486,252,2026-05-18,purchase,email
1487,855,2026-05-08,view_product,organic
1488,899,2026-03-11,checkout,email
1489,311,2026-05-18,view_product,social
1490,601,2026-03-29,view_product,social
1491,475,2026-04-14,view_product,email
1492,570,2026-05-07,view_product,email
1493,492,2026-04-05,view_product,paid_search
1494,575,2026-04-17,view_product,paid_search
1495,347,2026-05-26,view_product,organic
1496,820,2026-03-15,view_product,organic
1497,487,2026-04-13,add_to_cart,organic
1498,473,2026-05-06,purchase,organic
1499,382,2026-05-13,view_product,organic
1500,280,2026-04-09,add_to_cart,email
1501,72,2026-05-25,add_to_cart,paid_search
1502,521,2026-03-14,view_product,email
1503,366,2026-05-02,checkout,paid_search
1504,933,2026-05-20,purchase,paid_search
1505,94,2026-05-24,view_product,social
1506,373,2026-04-20,add_to_cart,social
1507,339,2026-05-18,add_to_cart,paid_search
1508,437,2026-04-27,view_product,email
1509,336,2026-03-15,view_product,paid_search
1510,664,2026-05-04,purchase,organic
1511,492,2026-05-27,add_to_cart,email
1512,917,2026-04-24,view_product,email
1513,868,2026-05-15,view_product,paid_search
1514,40,2026-03-10,purchase,organic
1515,359,2026-04-11,view_product,paid_search
1516,574,2026-03-11,add_to_cart,organic
1517,254,2026-03-16,view_product,email
1518,966,2026-05-12,view_product,paid_search
1519,581,2026-05-17,view_product,organic
1520,398,2026-03-19,view_product,social
1521,757,2026-03-31,view_product,email
1522,877,2026-05-12,add_to_cart,email
1523,170,2026-04-22,add_to_cart,social
1524,690,2026-05-29,view_product,organic
1525,701,2026-03-08,add_to_cart,email
1526,511,2026-03-24,view_product,organic
1527,260,2026-03-08,view_product,social
1528,584,2026-05-22,view_product,paid_search
1529,984,2026-04-17,view_product,email
1530,459,2026-03-30,purchase,email
1531,529,2026-04-27,add_to_cart,organic
1532,882,2026-05-25,view_product,email
1533,341,2026-04-24,add_to_cart,paid_search
1534,57,2026-05-12,view_product,social
1535,218,2026-05-01,view_product,email
1536,619,2026-04-17,view_product,social
1537,816,2026-03-04,add_to_cart,organic
1538,940,2026-04-06,view_product,paid_search
1539,685,2026-03-08,checkout,email
1540,731,2026-03-01,view_product,social
1541,464,2026-05-09,view_product,paid_search
1542,247,2026-04-16,purchase,social
1543,730,2026-05-14,view_product,organic
1544,373,2026-03-05,checkout,paid_search
1545,417,2026-04-19,checkout,paid_search
1546,31,2026-03-24,purchase,organic
1547,368,2026-04-16,view_product,organic
1548,559,2026-03-18,view_product,email
1549,646,2026-05-23,add_to_cart,organic
1550,108,2026-03-28,add_to_cart,organic
1551,584,2026-05-16,add_to_cart,social
1552,839,2026-03-05,view_product,paid_search
1553,418,2026-03-30,view_product,social
1554,620,2026-03-01,view_product,organic
1555,821,2026-05-25,view_product,email
1556,398,2026-05-21,view_product,social
1557,272,2026-04-15,view_product,social
1558,683,2026-05-08,view_product,paid_search
1559,116,2026-03-31,add_to_cart,paid_search
1560,841,2026-05-09,add_to_cart,paid_search
1561,586,2026-04-25,view_product,email
1562,256,2026-05-28,view_product,email
1563,81,2026-03-28,add_to_cart,organic
1564,780,2026-03-16,view_product,organic
1565,128,2026-04-23,checkout,paid_search
1566,838,2026-04-22,add_to_cart,social
1567,915,2026-03-12,checkout,paid_search
1568,235,2026-03-20,add_to_cart,organic
1569,553,2026-05-21,view_product,social
1570,181,2026-04-03,add_to_cart,organic
1571,157,2026-04-22,view_product,email
1572,454,2026-05-03,view_product,paid_search
1573,571,2026-03-23,view_product,paid_search
1574,857,2026-03-27,view_product,social
1575,761,2026-03-17,view_product,paid_search
1576,704,2026-04-17,view_product,organic
1577,24,2026-03-21,add_to_cart,organic
1578,473,2026-04-19,purchase,email
1579,400,2026-04-09,view_product,organic
1580,948,2026-03-03,view_product,social
1581,592,2026-03-17,view_product,organic
1582,134,2026-04-30,purchase,email
1583,421,2026-04-19,view_product,email
1584,213,2026-05-29,checkout,paid_search
1585,900,2026-05-26,view_product,social
1586,482,2026-03-06,checkout,organic
1587,348,2026-03-28,view_product,email
1588,166,2026-05-11,view_product,organic
1589,937,2026-04-24,view_product,email
1590,348,2026-04-27,view_product,paid_search
1591,849,2026-04-14,checkout,email
1592,398,2026-05-11,add_to_cart,paid_search
1593,583,2026-03-19,view_product,social
1594,726,2026-03-29,purchase,organic
1595,435,2026-03-23,view_product,organic
1596,577,2026-04-01,purchase,paid_search
1597,221,2026-03-10,view_product,social
1598,308,2026-04-18,checkout,paid_search
1599,991,2026-05-04,view_product,email
1600,798,2026-03-29,view_product,paid_search
1601,697,2026-04-28,view_product,social
1602,719,2026-04-14,view_product,email
1603,466,2026-05-06,add_to_cart,organic
1604,99,2026-04-20,view_product,organic
1605,242,2026-03-11,purchase,organic
1606,158,2026-05-25,purchase,social
1607,610,2026-05-21,purchase,social
1608,554,2026-03-06,purchase,social
1609,651,2026-05-06,add_to_cart,social
1610,795,2026-05-01,purchase,social
1611,920,2026-03-05,checkout,email
1612,227,2026-03-09,view_product,paid_search
1613,423,2026-03-28,add_to_cart,organic
1614,72,2026-05-22,checkout,social
1615,243,2026-05-16,add_to_cart,organic
1616,530,2026-04-07,view_product,social
1617,589,2026-04-12,view_product,organic
1618,45,2026-03-21,checkout,paid_search
1619,472,2026-05-01,purchase,organic
1620,371,2026-04-15,view_product,organic
1621,855,2026-05-09,view_product,social
1622,652,2026-04-07,view_product,email
1623,689,2026-04-18,add_to_cart,email
1624,734,2026-05-14,view_product,organic
1625,927,2026-05-20,add_to_cart,email
1626,92,2026-04-08,purchase,paid_search
1627,22,2026-05-10,add_to_cart,paid_search
1628,172,2026-03-30,view_product,email
1629,604,2026-03-21,purchase,email
1630,192,2026-03-01,add_to_cart,paid_search
1631,77,2026-05-28,view_product,email
1632,281,2026-04-01,view_product,email
1633,364,2026-03-08,add_to_cart,social
1634,179,2026-05-08,checkout,social
1635,238,2026-03-30,purchase,email
1636,135,2026-03-08,view_product,email
1637,877,2026-03-19,view_product,social
1638,902,2026-04-28,view_product,social
1639,280,2026-04-24,add_to_cart,email
1640,19,2026-03-30,add_to_cart,social
1641,595,2026-05-18,view_product,paid_search
1642,740,2026-04-05,view_product,organic
1643,371,2026-04-24,purchase,paid_search
1644,777,2026-04-13,checkout,social
1645,112,2026-03-27,view_product,paid_search
1646,763,2026-05-16,add_to_cart,organic
1647,676,2026-05-17,add_to_cart,social
1648,870,2026-04-23,view_product,paid_search
1649,680,2026-04-17,view_product,paid_search
1650,221,2026-03-30,view_product,organic
1651,920,2026-04-08,view_product,social
1652,304,2026-03-13,add_to_cart,email
1653,703,2026-03-16,view_product,social
1654,325,2026-04-13,view_product,organic
1655,437,2026-05-10,view_product,organic
1656,438,2026-03-27,view_product,organic
1657,170,2026-04-14,add_to_cart,organic
1658,375,2026-04-04,view_product,email
1659,557,2026-05-18,view_product,social
1660,381,2026-03-28,purchase,social
1661,986,2026-03-07,view_product,paid_search
1662,14,2026-05-01,add_to_cart,email
1663,743,2026-04-20,view_product,email
1664,669,2026-04-15,checkout,paid_search
1665,500,2026-03-20,checkout,paid_search
1666,646,2026-04-07,view_product,social
1667,391,2026-04-30,add_to_cart,social
1668,549,2026-04-01,view_product,social
1669,565,2026-03-26,purchase,email
1670,530,2026-04-27,view_product,email
1671,983,2026-04-08,checkout,paid_search
1672,492,2026-03-20,view_product,organic
1673,550,2026-05-21,add_to_cart,organic
1674,699,2026-04-19,purchase,organic
1675,385,2026-05-18,checkout,organic
1676,196,2026-04-21,view_product,organic
1677,755,2026-05-25,view_product,social
1678,300,2026-03-22,view_product,paid_search
1679,815,2026-04-22,view_product,organic
1680,547,2026-05-24,view_product,organic
1681,727,2026-05-05,view_product,organic
1682,731,2026-04-12,view_product,social
1683,828,2026-05-21,view_product,organic
1684,602,2026-03-23,view_product,paid_search
1685,308,2026-05-16,view_product,social
1686,252,2026-05-03,view_product,social
1687,8,2026-03-09,add_to_cart,email
1688,768,2026-03-07,view_product,email
1689,875,2026-04-10,view_product,social
1690,208,2026-04-23,view_product,organic
1691,937,2026-05-04,view_product,organic
1692,131,2026-03-02,add_to_cart,organic
1693,736,2026-03-04,view_product,organic
1694,709,2026-05-17,view_product,email
1695,980,2026-04-01,checkout,paid_search
1696,654,2026-03-02,purchase,social
1697,764,2026-05-03,view_product,organic
1698,608,2026-03-14,view_product,email
1699,26,2026-03-20,view_product,paid_search
1700,623,2026-05-28,view_product,social
1701,454,2026-04-18,view_product,social
1702,635,2026-03-08,add_to_cart,social
1703,186,2026-05-02,view_product,organic
1704,484,2026-04-15,checkout,social
1705,680,2026-03-21,view_product,organic
1706,51,2026-05-26,view_product,paid_search
1707,891,2026-04-01,add_to_cart,email
1708,5,2026-03-08,view_product,email
1709,589,2026-03-16,view_product,email
1710,160,2026-04-09,view_product,social
1711,208,2026-03-27,view_product,email
1712,257,2026-03-18,view_product,paid_search
1713,205,2026-04-04,view_product,organic
1714,767,2026-04-21,view_product,email
1715,950,2026-03-15,view_product,organic
1716,11,2026-05-02,purchase,organic
1717,949,2026-04-22,view_product,email
1718,8,2026-05-20,view_product,email
1719,409,2026-05-05,purchase,email
1720,936,2026-03-31,add_to_cart,social
1721,32,2026-04-30,view_product,email
1722,984,2026-05-03,view_product,social
1723,540,2026-04-03,add_to_cart,paid_search
1724,718,2026-04-24,view_product,organic
1725,387,2026-04-28,add_to_cart,paid_search
1726,228,2026-03-03,purchase,email
1727,640,2026-03-17,view_product,organic
1728,767,2026-05-17,view_product,email
1729,475,2026-05-17,add_to_cart,email
1730,724,2026-04-15,view_product,organic
1731,751,2026-04-07,view_product,paid_search
1732,207,2026-04-04,view_product,email
1733,318,2026-03-01,add_to_cart,organic
1734,795,2026-03-29,add_to_cart,paid_search
1735,757,2026-03-04,purchase,social
1736,557,2026-04-30,checkout,paid_search
1737,617,2026-03-17,view_product,paid_search
1738,348,2026-03-28,add_to_cart,organic
1739,793,2026-04-19,view_product,paid_search
1740,234,2026-05-29,add_to_cart,social
1741,701,2026-03-08,view_product,social
1742,44,2026-04-03,view_product,email
1743,737,2026-04-28,add_to_cart,social
1744,942,2026-03-18,view_product,email
1745,142,2026-04-28,checkout,social
1746,648,2026-03-27,add_to_cart,paid_search
1747,176,2026-03-16,view_product,email
1748,654,2026-03-10,view_product,social
1749,449,2026-05-15,purchase,paid_search
1750,592,2026-03-22,view_product,paid_search
1751,82,2026-03-16,add_to_cart,email
1752,135,2026-03-12,add_to_cart,organic
1753,719,2026-05-14,purchase,paid_search
1754,856,2026-05-23,add_to_cart,paid_search
1755,177,2026-04-20,add_to_cart,organic
1756,383,2026-03-01,checkout,email
1757,243,2026-03-27,checkout,social
1758,567,2026-05-06,add_to_cart,social
1759,141,2026-03-12,view_product,paid_search
1760,457,2026-03-30,view_product,organic
1761,440,2026-03-09,add_to_cart,paid_search
1762,56,2026-04-22,view_product,email
1763,527,2026-04-30,view_product,paid_search
1764,697,2026-04-23,view_product,social
1765,826,2026-04-06,add_to_cart,organic
1766,419,2026-05-04,view_product,email
1767,88,2026-04-11,view_product,paid_search
1768,609,2026-04-18,view_product,social
1769,656,2026-03-04,add_to_cart,paid_search
1770,8,2026-05-03,view_product,social
1771,477,2026-05-18,view_product,organic
1772,215,2026-04-20,view_product,email
1773,685,2026-05-11,view_product,paid_search
1774,735,2026-04-29,add_to_cart,email
1775,552,2026-05-26,add_to_cart,organic
1776,497,2026-05-18,view_product,social
1777,694,2026-03-31,view_product,organic
1778,503,2026-05-11,checkout,organic
1779,782,2026-04-27,view_product,email
1780,699,2026-05-21,view_product,organic
1781,245,2026-03-04,view_product,paid_search
1782,478,2026-03-22,view_product,social
1783,309,2026-03-03,view_product,organic
1784,231,2026-05-18,add_to_cart,paid_search
1785,383,2026-04-16,view_product,social
1786,155,2026-04-07,view_product,email
1787,175,2026-04-02,view_product,social
1788,848,2026-05-17,view_product,email
1789,115,2026-04-17,view_product,social
1790,390,2026-05-04,view_product,organic
1791,311,2026-03-26,view_product,email
1792,993,2026-03-08,add_to_cart,email
1793,300,2026-04-19,add_to_cart,email
1794,18,2026-05-19,view_product,organic
1795,784,2026-04-07,view_product,organic
1796,12,2026-03-10,add_to_cart,social
1797,404,2026-04-11,view_product,social
1798,813,2026-04-06,view_product,organic
1799,704,2026-03-26,add_to_cart,organic
1800,232,2026-03-12,checkout,email
1801,955,2026-05-23,view_product,social
1802,605,2026-04-18,view_product,social
1803,990,2026-03-14,checkout,email
1804,730,2026-04-15,view_product,email
1805,278,2026-04-04,checkout,email
1806,353,2026-03-29,view_product,paid_search
1807,999,2026-03-12,view_product,paid_search
1808,303,2026-05-21,view_product,organic
1809,541,2026-04-13,purchase,social
1810,470,2026-05-05,checkout,email
1811,813,2026-03-02,view_product,email
1812,77,2026-04-28,add_to_cart,social
1813,521,2026-03-17,add_to_cart,paid_search
1814,24,2026-03-10,add_to_cart,social
1815,15,2026-03-18,checkout,organic
1816,676,2026-03-22,view_product,paid_search
1817,525,2026-05-22,view_product,social
1818,347,2026-04-27,purchase,social
1819,172,2026-04-22,purchase,organic
1820,869,2026-03-01,view_product,social
1821,327,2026-05-27,view_product,paid_search
1822,712,2026-04-30,purchase,email
1823,485,2026-05-28,view_product,email
1824,489,2026-03-31,add_to_cart,email
1825,462,2026-03-31,view_product,paid_search
1826,378,2026-05-05,checkout,social
1827,588,2026-03-19,view_product,social
1828,164,2026-04-22,view_product,social
1829,372,2026-05-15,view_product,social
1830,573,2026-05-13,checkout,email
1831,1000,2026-03-22,add_to_cart,paid_search
1832,977,2026-03-23,add_to_cart,organic
1833,424,2026-05-26,view_product,paid_search
1834,757,2026-03-15,checkout,social
1835,477,2026-03-26,add_to_cart,social
1836,382,2026-03-03,add_to_cart,paid_search
1837,155,2026-05-26,purchase,paid_search
1838,257,2026-03-20,view_product,email
1839,756,2026-04-09,add_to_cart,social
1840,674,2026-04-08,checkout,paid_search
1841,68,2026-05-11,add_to_cart,social
1842,344,2026-03-18,add_to_cart,paid_search
1843,277,2026-04-10,view_product,social
1844,673,2026-05-09,add_to_cart,paid_search
1845,391,2026-03-27,view_product,social
1846,449,2026-03-15,view_product,organic
1847,259,2026-04-06,checkout,email
1848,307,2026-04-27,view_product,organic
1849,847,2026-03-05,view_product,email
1850,95,2026-05-12,add_to_cart,email
1851,950,2026-03-07,view_product,paid_search
1852,464,2026-04-10,view_product,organic
1853,970,2026-05-23,view_product,email
1854,246,2026-03-10,view_product,social
1855,733,2026-05-01,view_product,paid_search
1856,635,2026-03-26,view_product,paid_search
1857,187,2026-05-07,view_product,social
1858,774,2026-03-24,view_product,social
1859,925,2026-05-17,view_product,email
1860,785,2026-04-10,checkout,social
1861,373,2026-05-04,view_product,paid_search
1862,572,2026-03-17,add_to_cart,social
1863,406,2026-03-24,view_product,organic
1864,408,2026-03-27,add_to_cart,paid_search
1865,125,2026-03-07,add_to_cart,social
1866,337,2026-05-12,view_product,paid_search
1867,341,2026-03-12,view_product,email
1868,563,2026-05-24,view_product,organic
1869,178,2026-03-03,add_to_cart,email
1870,651,2026-05-18,view_product,organic
1871,952,2026-05-24,checkout,social
1872,839,2026-03-10,view_product,paid_search
1873,170,2026-04-02,view_product,social
1874,39,2026-04-15,add_to_cart,email
1875,69,2026-04-28,checkout,paid_search
1876,236,2026-04-21,view_product,social
1877,560,2026-03-06,add_to_cart,social
1878,381,2026-03-02,view_product,paid_search
1879,57,2026-03-29,add_to_cart,paid_search
1880,277,2026-04-09,add_to_cart,email
1881,850,2026-04-30,checkout,organic
1882,99,2026-05-07,view_product,organic
1883,916,2026-05-07,view_product,paid_search
1884,527,2026-03-29,add_to_cart,organic
1885,325,2026-05-01,view_product,email
1886,461,2026-04-29,add_to_cart,organic
1887,179,2026-05-23,view_product,paid_search
1888,844,2026-04-10,view_product,email
1889,574,2026-05-26,checkout,paid_search
1890,119,2026-05-21,view_product,email
1891,469,2026-05-28,purchase,email
1892,549,2026-05-04,checkout,paid_search
1893,646,2026-05-03,add_to_cart,social
1894,455,2026-05-18,view_product,paid_search
1895,26,2026-05-02,checkout,email
1896,490,2026-04-17,add_to_cart,paid_search
1897,8,2026-03-20,view_product,paid_search
1898,969,2026-04-06,view_product,email
1899,987,2026-05-03,view_product,organic
1900,516,2026-05-25,purchase,email
1901,533,2026-03-05,checkout,paid_search
1902,927,2026-04-03,purchase,email
1903,149,2026-04-08,add_to_cart,email
1904,488,2026-05-06,view_product,organic
1905,25,2026-05-20,view_product,social
1906,999,2026-05-01,view_product,paid_search
1907,655,2026-05-27,view_product,paid_search
1908,757,2026-03-24,view_product,organic
1909,931,2026-03-03,checkout,email
1910,945,2026-05-10,purchase,social
1911,555,2026-05-28,view_product,paid_search
1912,425,2026-05-06,add_to_cart,social
1913,293,2026-05-18,add_to_cart,social
1914,185,2026-04-19,view_product,email
1915,554,2026-03-29,add_to_cart,email
1916,431,2026-05-13,view_product,email
1917,604,2026-04-01,purchase,paid_search
1918,317,2026-05-26,add_to_cart,social
1919,398,2026-04-08,add_to_cart,social
1920,324,2026-03-09,view_product,paid_search
1921,565,2026-03-14,view_product,organic
1922,596,2026-05-07,view_product,email
1923,546,2026-05-03,add_to_cart,paid_search
1924,76,2026-03-20,purchase,email
1925,865,2026-03-28,view_product,social
1926,920,2026-03-14,add_to_cart,paid_search
1927,916,2026-04-13,view_product,organic
1928,709,2026-05-16,view_product,email
1929,486,2026-04-08,add_to_cart,social
1930,798,2026-03-28,add_to_cart,social
1931,88,2026-05-03,view_product,organic
1932,747,2026-05-28,view_product,organic
1933,232,2026-04-01,view_product,email
1934,7,2026-03-09,view_product,social
1935,804,2026-03-28,purchase,organic
1936,550,2026-03-17,add_to_cart,paid_search
1937,976,2026-05-26,view_product,organic
1938,52,2026-05-16,view_product,paid_search
1939,655,2026-04-24,purchase,social
1940,942,2026-03-10,add_to_cart,email
1941,919,2026-05-19,add_to_cart,social
1942,396,2026-03-06,view_product,social
1943,221,2026-04-17,checkout,social
1944,428,2026-05-14,view_product,social
1945,752,2026-05-06,add_to_cart,email
1946,143,2026-04-10,purchase,organic
1947,861,2026-05-18,view_product,email
1948,363,2026-04-29,view_product,email
1949,382,2026-05-16,view_product,email
1950,561,2026-04-11,view_product,email
1951,277,2026-05-20,view_product,organic
1952,271,2026-05-10,checkout,social
1953,14,2026-03-28,view_product,organic
1954,298,2026-03-13,add_to_cart,organic
1955,464,2026-05-20,checkout,social
1956,527,2026-03-15,purchase,organic
1957,234,2026-04-05,view_product,email
1958,575,2026-03-15,view_product,email
1959,708,2026-05-14,view_product,social
1960,27,2026-04-25,view_product,social
1961,471,2026-03-04,add_to_cart,social
1962,93,2026-04-21,view_product,email
1963,617,2026-03-10,view_product,social
1964,309,2026-04-14,view_product,organic
1965,52,2026-05-23,add_to_cart,organic
1966,319,2026-03-29,view_product,paid_search
1967,969,2026-04-22,view_product,paid_search
1968,181,2026-03-29,view_product,social
1969,569,2026-03-23,add_to_cart,paid_search
1970,120,2026-04-26,add_to_cart,email
1971,820,2026-04-19,view_product,email
1972,875,2026-03-21,checkout,organic
1973,43,2026-04-12,view_product,organic
1974,647,2026-03-10,view_product,paid_search
1975,885,2026-05-15,view_product,paid_search
1976,938,2026-03-30,view_product,email
1977,260,2026-04-20,add_to_cart,organic
1978,197,2026-04-02,view_product,paid_search
1979,645,2026-03-18,add_to_cart,email
1980,971,2026-05-17,view_product,organic
1981,255,2026-03-22,purchase,email
1982,732,2026-05-03,add_to_cart,email
1983,336,2026-03-21,add_to_cart,organic
1984,553,2026-03-01,add_to_cart,email
1985,502,2026-03-15,purchase,paid_search
1986,990,2026-04-05,purchase,email
1987,900,2026-04-16,view_product,paid_search
1988,255,2026-04-23,view_product,social
1989,514,2026-05-25,view_product,social
1990,707,2026-04-01,view_product,social
1991,242,2026-04-27,view_product,email
1992,149,2026-04-15,view_product,social
1993,710,2026-04-23,purchase,social
1994,299,2026-04-02,view_product,email
1995,757,2026-04-08,checkout,organic
1996,850,2026-03-23,view_product,email
1997,620,2026-04-12,add_to_cart,paid_search
1998,453,2026-04-24,view_product,email
1999,393,2026-03-02,add_to_cart,organic
2000,212,2026-05-05,view_product,social
2001,668,2026-04-07,view_product,email
2002,538,2026-03-29,checkout,social
2003,594,2026-05-06,view_product,paid_search
2004,595,2026-05-10,view_product,organic
2005,131,2026-04-05,view_product,social
2006,329,2026-03-29,checkout,social
2007,612,2026-04-06,view_product,social
2008,256,2026-05-26,add_to_cart,social
2009,479,2026-04-14,view_product,email
2010,561,2026-03-16,view_product,organic
2011,913,2026-03-31,checkout,organic
2012,63,2026-04-03,view_product,social
2013,311,2026-04-19,add_to_cart,organic
2014,407,2026-05-04,view_product,social
2015,802,2026-05-21,view_product,paid_search
2016,105,2026-05-01,view_product,paid_search
2017,617,2026-04-12,add_to_cart,paid_search
2018,837,2026-04-25,add_to_cart,organic
2019,15,2026-03-15,add_to_cart,social
2020,687,2026-04-17,view_product,email
2021,259,2026-04-18,view_product,email
2022,723,2026-05-20,view_product,paid_search
2023,412,2026-04-13,add_to_cart,paid_search
2024,259,2026-03-10,checkout,organic
2025,614,2026-03-20,view_product,email
2026,260,2026-05-09,view_product,organic
2027,856,2026-03-08,view_product,paid_search
2028,671,2026-04-14,purchase,social
2029,45,2026-04-03,checkout,social
2030,955,2026-04-20,view_product,social
2031,813,2026-03-04,view_product,paid_search
2032,763,2026-04-08,view_product,organic
2033,331,2026-05-23,add_to_cart,social
2034,165,2026-03-24,add_to_cart,email
2035,193,2026-05-27,view_product,email
2036,521,2026-04-24,checkout,paid_search
2037,401,2026-03-26,view_product,email
2038,374,2026-03-25,view_product,email
2039,65,2026-04-05,add_to_cart,paid_search
2040,387,2026-05-10,view_product,organic
2041,495,2026-05-13,purchase,social
2042,794,2026-04-27,view_product,paid_search
2043,693,2026-03-12,view_product,email
2044,415,2026-03-01,add_to_cart,social
2045,794,2026-04-19,view_product,social
2046,791,2026-03-25,view_product,social
2047,30,2026-05-19,purchase,paid_search
2048,266,2026-03-05,view_product,social
2049,328,2026-05-22,view_product,organic
2050,492,2026-05-07,checkout,email
2051,217,2026-03-06,view_product,paid_search
2052,320,2026-03-26,view_product,paid_search
2053,918,2026-04-24,add_to_cart,social
2054,399,2026-04-08,view_product,email
2055,891,2026-03-09,purchase,social
2056,105,2026-04-14,view_product,social
2057,696,2026-03-14,add_to_cart,paid_search
2058,330,2026-04-24,view_product,organic
2059,660,2026-03-09,view_product,email
2060,617,2026-03-15,add_to_cart,email
2061,47,2026-04-06,view_product,email
2062,599,2026-04-19,add_to_cart,email
2063,821,2026-05-23,view_product,organic
2064,949,2026-05-11,add_to_cart,paid_search
2065,641,2026-03-21,view_product,organic
2066,770,2026-04-26,add_to_cart,social
2067,314,2026-03-19,add_to_cart,paid_search
2068,147,2026-04-27,view_product,organic
2069,958,2026-03-06,view_product,email
2070,462,2026-03-04,view_product,email
2071,584,2026-04-12,view_product,paid_search
2072,486,2026-04-11,add_to_cart,organic
2073,652,2026-03-03,view_product,paid_search
2074,410,2026-03-01,purchase,email
2075,27,2026-04-24,view_product,organic
2076,29,2026-03-15,purchase,email
2077,271,2026-04-16,view_product,paid_search
2078,686,2026-05-24,purchase,paid_search
2079,501,2026-04-15,view_product,paid_search
2080,253,2026-04-27,view_product,paid_search
2081,385,2026-05-10,purchase,paid_search
2082,60,2026-05-20,view_product,social
2083,107,2026-05-22,view_product,paid_search
2084,220,2026-04-08,add_to_cart,paid_search
2085,441,2026-03-03,add_to_cart,email
2086,771,2026-03-30,view_product,paid_search
2087,883,2026-04-04,view_product,organic
2088,658,2026-04-26,add_to_cart,paid_search
2089,564,2026-03-29,view_product,social
2090,572,2026-04-19,purchase,paid_search
2091,546,2026-05-01,add_to_cart,email
2092,96,2026-04-21,add_to_cart,organic
2093,989,2026-03-14,view_product,organic
2094,89,2026-04-04,checkout,paid_search
2095,828,2026-03-28,view_product,paid_search
2096,922,2026-04-27,checkout,paid_search
2097,231,2026-03-30,view_product,paid_search
2098,968,2026-05-29,add_to_cart,email
2099,275,2026-03-07,add_to_cart,email
2100,246,2026-04-08,view_product,organic
2101,111,2026-05-08,view_product,paid_search
2102,234,2026-04-04,view_product,email
2103,278,2026-04-21,view_product,email
2104,477,2026-03-14,view_product,organic
2105,417,2026-05-02,view_product,organic
2106,678,2026-04-05,add_to_cart,social
2107,128,2026-03-24,add_to_cart,email
2108,237,2026-04-09,view_product,organic
2109,803,2026-03-29,add_to_cart,email
2110,619,2026-04-22,purchase,email
2111,128,2026-03-22,view_product,paid_search
2112,707,2026-05-11,view_product,paid_search
2113,851,2026-03-15,view_product,paid_search
2114,394,2026-05-08,add_to_cart,paid_search
2115,475,2026-05-03,add_to_cart,email
2116,655,2026-03-04,add_to_cart,social
2117,395,2026-05-14,view_product,social
2118,111,2026-03-18,checkout,social
2119,90,2026-04-11,view_product,email
2120,763,2026-03-30,view_product,social
2121,280,2026-03-15,view_product,email
2122,333,2026-05-09,view_product,organic
2123,224,2026-04-24,add_to_cart,social
2124,101,2026-04-22,add_to_cart,email
2125,132,2026-03-16,purchase,organic
2126,13,2026-05-12,view_product,paid_search
2127,457,2026-04-03,purchase,organic
2128,441,2026-03-27,add_to_cart,organic
2129,98,2026-03-13,view_product,social
2130,120,2026-03-27,checkout,paid_search
2131,293,2026-05-12,add_to_cart,paid_search
2132,816,2026-05-08,view_product,social
2133,711,2026-05-25,checkout,organic
2134,1,2026-03-31,add_to_cart,email
2135,572,2026-03-03,add_to_cart,social
2136,250,2026-03-30,checkout,organic
2137,652,2026-03-21,view_product,email
2138,149,2026-03-06,add_to_cart,social
2139,395,2026-04-01,add_to_cart,social
2140,44,2026-04-11,view_product,paid_search
2141,883,2026-05-01,view_product,paid_search
2142,698,2026-05-28,add_to_cart,paid_search
2143,620,2026-04-01,view_product,email
2144,44,2026-05-25,add_to_cart,social
2145,78,2026-05-27,checkout,paid_search
2146,226,2026-04-08,view_product,paid_search
2147,162,2026-05-03,view_product,social
2148,793,2026-03-30,view_product,email
2149,253,2026-05-02,add_to_cart,paid_search
2150,132,2026-03-31,purchase,organic
2151,448,2026-05-26,view_product,email
2152,884,2026-04-09,view_product,paid_search
2153,887,2026-04-02,add_to_cart,organic
2154,474,2026-05-02,add_to_cart,paid_search
2155,656,2026-03-25,view_product,email
2156,778,2026-04-05,add_to_cart,social
2157,109,2026-03-24,view_product,social
2158,706,2026-04-27,add_to_cart,email
2159,35,2026-04-08,view_product,paid_search
2160,467,2026-04-15,view_product,email
2161,902,2026-05-16,checkout,organic
2162,275,2026-03-10,view_product,paid_search
2163,187,2026-05-26,view_product,email
2164,949,2026-05-21,purchase,social
2165,243,2026-04-01,add_to_cart,email
2166,264,2026-04-05,view_product,paid_search
2167,974,2026-03-28,add_to_cart,email
2168,522,2026-03-16,checkout,social
2169,963,2026-03-16,add_to_cart,organic
2170,678,2026-03-18,view_product,email
2171,541,2026-03-08,add_to_cart,email
2172,783,2026-05-19,add_to_cart,organic
2173,87,2026-05-14,checkout,email
2174,535,2026-05-09,view_product,social
2175,210,2026-03-01,add_to_cart,organic
2176,46,2026-05-01,view_product,social
2177,467,2026-05-15,add_to_cart,social
2178,540,2026-04-07,purchase,social
2179,26,2026-04-14,view_product,paid_search
2180,266,2026-04-27,view_product,organic
2181,175,2026-05-20,add_to_cart,paid_search
2182,516,2026-03-01,add_to_cart,paid_search
2183,311,2026-04-01,view_product,email
2184,322,2026-03-08,add_to_cart,organic
2185,579,2026-04-09,checkout,email
2186,135,2026-04-25,add_to_cart,paid_search
2187,55,2026-05-02,add_to_cart,email
2188,976,2026-05-27,view_product,social
2189,543,2026-05-13,checkout,paid_search
2190,586,2026-05-13,view_product,social
2191,531,2026-04-05,view_product,organic
2192,156,2026-05-28,view_product,email
2193,849,2026-04-26,add_to_cart,paid_search
2194,668,2026-05-13,checkout,organic
2195,147,2026-05-22,view_product,social
2196,485,2026-04-14,checkout,email
2197,599,2026-05-18,checkout,email
2198,20,2026-05-19,add_to_cart,paid_search
2199,269,2026-03-02,add_to_cart,email
2200,333,2026-05-07,view_product,email
2201,555,2026-04-19,view_product,social
2202,907,2026-03-29,checkout,social
2203,944,2026-05-20,view_product,social
2204,911,2026-03-10,view_product,organic
2205,401,2026-03-27,add_to_cart,organic
2206,950,2026-03-15,checkout,email
2207,306,2026-04-29,add_to_cart,organic
2208,28,2026-03-31,view_product,paid_search
2209,467,2026-03-21,view_product,social
2210,260,2026-04-29,add_to_cart,organic
2211,534,2026-04-27,view_product,email
2212,982,2026-04-10,view_product,social
2213,887,2026-04-15,view_product,organic
2214,101,2026-04-14,add_to_cart,social
2215,551,2026-03-26,view_product,organic
2216,802,2026-04-20,view_product,email
2217,353,2026-04-05,view_product,organic
2218,300,2026-04-21,view_product,organic
2219,682,2026-05-20,view_product,organic
2220,296,2026-04-20,view_product,social
2221,353,2026-03-03,add_to_cart,organic
2222,908,2026-03-14,view_product,organic
2223,130,2026-04-18,view_product,organic
2224,156,2026-05-16,view_product,social
2225,74,2026-03-01,view_product,email
2226,342,2026-04-26,view_product,email
2227,465,2026-03-17,view_product,email
2228,90,2026-04-19,view_product,organic
2229,579,2026-03-14,purchase,social
2230,455,2026-04-28,view_product,email
2231,748,2026-05-20,purchase,email
2232,712,2026-03-03,view_product,email
2233,980,2026-04-09,view_product,paid_search
2234,332,2026-05-28,add_to_cart,social
2235,739,2026-05-05,view_product,paid_search
2236,977,2026-04-03,view_product,organic
2237,348,2026-05-29,purchase,email
2238,233,2026-03-09,view_product,organic
2239,778,2026-05-23,view_product,social
2240,598,2026-03-21,view_product,organic
2241,102,2026-03-25,checkout,organic
2242,953,2026-04-13,checkout,email
2243,481,2026-03-25,view_product,social
2244,214,2026-03-09,view_product,organic
2245,108,2026-05-01,checkout,paid_search
2246,165,2026-03-26,view_product,email
2247,973,2026-04-26,view_product,paid_search
2248,603,2026-04-06,add_to_cart,email
2249,704,2026-03-16,view_product,organic
2250,335,2026-04-06,add_to_cart,email
2251,86,2026-05-15,checkout,organic
2252,734,2026-03-24,add_to_cart,paid_search
2253,875,2026-03-26,view_product,organic
2254,424,2026-03-20,view_product,email
2255,613,2026-03-09,view_product,email
2256,738,2026-05-26,view_product,email
2257,364,2026-03-29,view_product,paid_search
2258,60,2026-03-31,view_product,social
2259,482,2026-03-19,view_product,paid_search
2260,250,2026-03-20,view_product,organic
2261,560,2026-05-26,view_product,organic
2262,117,2026-03-27,add_to_cart,paid_search
2263,739,2026-05-24,add_to_cart,paid_search
2264,874,2026-04-13,view_product,organic
2265,915,2026-04-04,add_to_cart,organic
2266,968,2026-05-10,add_to_cart,organic
2267,999,2026-03-22,view_product,social
2268,545,2026-05-13,view_product,social
2269,44,2026-05-26,view_product,paid_search
2270,509,2026-03-15,view_product,paid_search
2271,988,2026-03-13,view_product,social
2272,165,2026-03-04,purchase,email
2273,368,2026-05-21,view_product,social
2274,857,2026-04-25,add_to_cart,paid_search
2275,292,2026-03-23,view_product,social
2276,849,2026-04-03,view_product,email
2277,856,2026-03-17,view_product,paid_search
2278,917,2026-03-28,add_to_cart,organic
2279,898,2026-03-14,view_product,paid_search
2280,799,2026-04-03,view_product,social
2281,876,2026-05-14,purchase,social
2282,737,2026-04-26,view_product,email
2283,286,2026-05-16,view_product,social
2284,204,2026-04-24,view_product,email
2285,684,2026-05-05,add_to_cart,paid_search
2286,524,2026-04-06,view_product,social
2287,819,2026-05-07,view_product,paid_search
2288,121,2026-05-15,view_product,organic
2289,945,2026-03-26,view_product,organic
2290,756,2026-04-30,add_to_cart,email
2291,664,2026-05-06,add_to_cart,social
2292,664,2026-05-23,view_product,paid_search
2293,188,2026-05-13,view_product,paid_search
2294,907,2026-04-21,view_product,social
2295,13,2026-03-18,add_to_cart,paid_search
2296,603,2026-04-22,view_product,social
2297,200,2026-05-02,view_product,social
2298,586,2026-04-22,purchase,organic
2299,768,2026-03-27,view_product,social
2300,456,2026-03-31,purchase,paid_search
2301,448,2026-03-01,view_product,social
2302,788,2026-03-06,view_product,organic
2303,840,2026-03-11,view_product,organic
2304,841,2026-04-03,view_product,email
2305,71,2026-05-23,view_product,paid_search
2306,590,2026-05-02,view_product,social
2307,796,2026-04-22,purchase,paid_search
2308,130,2026-05-24,view_product,paid_search
2309,889,2026-05-24,add_to_cart,social
2310,43,2026-03-18,add_to_cart,organic
2311,520,2026-03-21,add_to_cart,paid_search
2312,13,2026-03-19,add_to_cart,email
2313,725,2026-03-04,view_product,paid_search
2314,623,2026-05-16,view_product,organic
2315,988,2026-05-21,view_product,email
2316,803,2026-03-29,view_product,email
2317,535,2026-03-25,view_product,email
2318,302,2026-04-25,view_product,email
2319,766,2026-05-16,purchase,social
2320,527,2026-05-02,purchase,social
2321,642,2026-03-27,view_product,social
2322,573,2026-04-29,view_product,email
2323,115,2026-05-22,view_product,organic
2324,460,2026-04-18,view_product,paid_search
2325,832,2026-05-04,view_product,email
2326,505,2026-04-07,purchase,organic
2327,308,2026-05-22,view_product,paid_search
2328,932,2026-04-21,view_product,email
2329,963,2026-03-01,view_product,paid_search
2330,325,2026-04-09,purchase,social
2331,579,2026-05-20,checkout,social
2332,761,2026-03-21,add_to_cart,social
2333,175,2026-05-25,view_product,organic
2334,851,2026-03-15,view_product,social
2335,514,2026-04-19,view_product,organic
2336,172,2026-04-17,view_product,social
2337,997,2026-04-01,add_to_cart,social
2338,960,2026-04-18,view_product,social
2339,502,2026-05-07,view_product,organic
2340,977,2026-04-14,add_to_cart,paid_search
2341,334,2026-04-01,view_product,organic
2342,284,2026-03-04,add_to_cart,email
2343,475,2026-05-04,view_product,email
2344,54,2026-05-10,view_product,organic
2345,458,2026-05-12,view_product,organic
2346,579,2026-05-04,checkout,paid_search
2347,420,2026-05-19,view_product,organic
2348,614,2026-03-18,view_product,social
2349,632,2026-04-23,view_product,paid_search
2350,703,2026-04-16,add_to_cart,organic
2351,409,2026-03-06,checkout,organic
2352,982,2026-05-05,view_product,email
2353,304,2026-03-09,view_product,paid_search
2354,935,2026-05-07,purchase,email
2355,559,2026-03-23,add_to_cart,organic
2356,222,2026-04-12,add_to_cart,paid_search
2357,533,2026-04-20,view_product,social
2358,158,2026-05-11,view_product,organic
2359,348,2026-03-25,add_to_cart,organic
2360,159,2026-05-19,view_product,email
2361,889,2026-04-04,view_product,social
2362,884,2026-03-17,view_product,organic
2363,922,2026-03-18,view_product,email
2364,235,2026-03-27,checkout,email
2365,662,2026-03-15,purchase,organic
2366,405,2026-05-20,view_product,paid_search
2367,257,2026-05-08,add_to_cart,organic
2368,677,2026-05-19,add_to_cart,social
2369,589,2026-03-15,checkout,organic
2370,597,2026-04-11,add_to_cart,paid_search
2371,558,2026-04-03,purchase,email
2372,905,2026-04-17,purchase,social
2373,913,2026-05-22,view_product,social
2374,47,2026-03-08,add_to_cart,social
2375,213,2026-03-10,view_product,social
2376,479,2026-03-05,view_product,paid_search
2377,487,2026-04-17,view_product,paid_search
2378,571,2026-03-26,view_product,paid_search
2379,566,2026-05-25,add_to_cart,paid_search
2380,342,2026-03-23,view_product,email
2381,524,2026-05-01,checkout,organic
2382,704,2026-03-13,add_to_cart,paid_search
2383,503,2026-03-09,add_to_cart,organic
2384,6,2026-03-20,view_product,social
2385,821,2026-04-26,view_product,email
2386,144,2026-03-24,view_product,email
2387,858,2026-04-02,view_product,organic
2388,261,2026-03-20,checkout,organic
2389,585,2026-04-29,add_to_cart,organic
2390,686,2026-04-17,view_product,email
2391,232,2026-05-03,checkout,paid_search
2392,270,2026-03-30,view_product,email
2393,940,2026-05-12,view_product,paid_search
2394,447,2026-03-17,add_to_cart,social
2395,874,2026-03-14,view_product,paid_search
2396,222,2026-03-19,add_to_cart,organic
2397,52,2026-05-10,add_to_cart,paid_search
2398,116,2026-04-28,add_to_cart,paid_search
2399,538,2026-05-06,view_product,email
2400,565,2026-04-13,view_product,organic
2401,877,2026-04-01,view_product,social
2402,541,2026-03-11,purchase,paid_search
2403,19,2026-03-02,view_product,social
2404,815,2026-05-29,view_product,organic
2405,392,2026-05-07,checkout,paid_search
2406,791,2026-03-17,add_to_cart,email
2407,629,2026-05-20,checkout,social
2408,618,2026-04-09,purchase,email
2409,419,2026-05-26,view_product,social
2410,991,2026-04-15,view_product,organic
2411,309,2026-05-27,view_product,paid_search
2412,739,2026-03-04,view_product,social
2413,864,2026-04-07,add_to_cart,email
2414,186,2026-05-02,view_product,social
2415,261,2026-03-29,add_to_cart,social
2416,528,2026-03-19,view_product,social
2417,273,2026-03-29,view_product,social
2418,160,2026-04-04,add_to_cart,social
2419,870,2026-05-09,view_product,social
2420,762,2026-03-23,add_to_cart,email
2421,224,2026-04-15,purchase,social
2422,256,2026-04-13,add_to_cart,social
2423,180,2026-04-17,view_product,social
2424,20,2026-04-21,checkout,paid_search
2425,624,2026-03-08,view_product,organic
2426,632,2026-04-24,add_to_cart,organic
2427,706,2026-05-05,view_product,organic
2428,468,2026-05-16,view_product,email
2429,623,2026-04-09,purchase,email
2430,210,2026-05-24,view_product,email
2431,513,2026-03-31,checkout,social
2432,58,2026-04-17,view_product,organic
2433,93,2026-04-30,checkout,social
2434,221,2026-04-21,purchase,paid_search
2435,723,2026-04-07,view_product,organic
2436,940,2026-04-05,add_to_cart,paid_search
2437,232,2026-05-26,add_to_cart,paid_search
2438,774,2026-04-24,purchase,social
2439,364,2026-05-24,view_product,organic
2440,615,2026-03-13,add_to_cart,paid_search
2441,562,2026-04-06,view_product,organic
2442,374,2026-04-16,view_product,paid_search
2443,622,2026-05-29,view_product,paid_search
2444,456,2026-05-10,add_to_cart,social
2445,88,2026-03-22,checkout,organic
2446,20,2026-04-08,view_product,social
2447,14,2026-05-26,add_to_cart,social
2448,133,2026-04-27,add_to_cart,social
2449,937,2026-03-30,view_product,social
2450,808,2026-03-18,checkout,social
2451,34,2026-03-18,view_product,paid_search
2452,892,2026-05-13,view_product,organic
2453,208,2026-04-08,view_product,organic
2454,813,2026-03-26,checkout,social
2455,199,2026-05-10,purchase,organic
2456,592,2026-03-07,view_product,paid_search
2457,583,2026-05-08,view_product,social
2458,155,2026-05-04,view_product,email
2459,590,2026-04-15,add_to_cart,email
2460,78,2026-03-18,add_to_cart,paid_search
2461,172,2026-03-13,purchase,paid_search
2462,289,2026-03-25,checkout,email
2463,545,2026-03-08,checkout,social
2464,812,2026-05-13,view_product,paid_search
2465,788,2026-04-01,view_product,email
2466,879,2026-03-17,add_to_cart,social
2467,420,2026-05-18,view_product,paid_search
2468,7,2026-05-18,view_product,organic
2469,160,2026-04-17,view_product,organic
2470,240,2026-05-02,view_product,organic
2471,963,2026-04-09,add_to_cart,social
2472,423,2026-05-23,add_to_cart,paid_search
2473,989,2026-03-15,view_product,email
2474,536,2026-03-06,add_to_cart,paid_search
2475,726,2026-05-02,view_product,organic
2476,70,2026-03-08,add_to_cart,organic
2477,880,2026-04-01,view_product,social
2478,216,2026-04-14,checkout,email
2479,104,2026-04-21,add_to_cart,social
2480,727,2026-05-18,add_to_cart,email
2481,54,2026-05-21,add_to_cart,paid_search
2482,806,2026-03-13,add_to_cart,social
2483,330,2026-03-24,view_product,social
2484,848,2026-04-09,add_to_cart,social
2485,203,2026-03-14,view_product,organic
2486,288,2026-05-14,view_product,organic
2487,45,2026-05-09,view_product,email
2488,829,2026-05-01,purchase,paid_search
2489,198,2026-05-28,view_product,social
2490,216,2026-04-30,view_product,organic
2491,481,2026-03-01,purchase,social
2492,309,2026-05-28,checkout,email
2493,896,2026-05-05,view_product,email
2494,435,2026-04-01,checkout,paid_search
2495,332,2026-03-13,view_product,email
2496,696,2026-04-02,add_to_cart,social
2497,27,2026-04-01,add_to_cart,paid_search
2498,166,2026-04-25,view_product,paid_search
2499,318,2026-03-24,add_to_cart,organic
2500,274,2026-03-04,view_product,social
2501,383,2026-05-27,view_product,email
2502,365,2026-03-23,add_to_cart,organic
2503,103,2026-03-29,view_product,social
2504,960,2026-03-21,purchase,social
2505,503,2026-03-30,view_product,paid_search
2506,845,2026-05-29,view_product,paid_search
2507,373,2026-03-20,add_to_cart,social
2508,616,2026-03-16,view_product,organic
2509,926,2026-05-06,view_product,paid_search
2510,245,2026-04-18,view_product,paid_search
2511,817,2026-04-27,purchase,social
2512,169,2026-04-13,view_product,social
2513,628,2026-03-25,view_product,paid_search
2514,653,2026-03-23,view_product,organic
2515,418,2026-04-28,view_product,paid_search
2516,356,2026-03-01,view_product,social
2517,478,2026-03-15,checkout,paid_search
2518,125,2026-05-20,purchase,social
2519,537,2026-05-20,view_product,paid_search
2520,706,2026-04-21,view_product,social
2521,896,2026-04-27,purchase,social
2522,612,2026-04-10,view_product,organic
2523,402,2026-04-13,view_product,social
2524,517,2026-03-04,purchase,paid_search
2525,531,2026-05-16,add_to_cart,social
2526,682,2026-05-07,view_product,email
2527,786,2026-03-07,view_product,paid_search
2528,254,2026-04-15,view_product,organic
2529,121,2026-03-09,view_product,paid_search
2530,32,2026-05-26,add_to_cart,organic
2531,661,2026-04-02,add_to_cart,email
2532,778,2026-04-02,add_to_cart,organic
2533,37,2026-05-23,view_product,social
2534,689,2026-03-04,view_product,email
2535,342,2026-05-04,view_product,email
2536,13,2026-04-03,checkout,organic
2537,183,2026-05-24,add_to_cart,paid_search
2538,657,2026-05-27,view_product,organic
2539,265,2026-05-18,view_product,organic
2540,88,2026-05-03,checkout,email
2541,940,2026-03-25,view_product,social
2542,462,2026-04-24,view_product,paid_search
2543,46,2026-03-09,view_product,organic
2544,392,2026-03-17,view_product,social
2545,119,2026-03-21,checkout,social
2546,933,2026-04-29,add_to_cart,paid_search
2547,531,2026-03-13,add_to_cart,social
2548,447,2026-03-03,checkout,organic
2549,732,2026-05-07,purchase,email
2550,942,2026-03-04,view_product,social
2551,745,2026-03-07,view_product,email
2552,606,2026-03-26,view_product,paid_search
2553,967,2026-05-14,view_product,paid_search
2554,763,2026-03-24,add_to_cart,social
2555,762,2026-03-10,checkout,email
2556,794,2026-03-13,add_to_cart,organic
2557,744,2026-04-13,view_product,email
2558,46,2026-04-08,view_product,social
2559,886,2026-03-19,view_product,email
2560,508,2026-04-20,checkout,email
2561,558,2026-03-19,view_product,paid_search
2562,971,2026-05-15,view_product,social
2563,526,2026-04-21,view_product,email
2564,597,2026-05-25,purchase,social
2565,831,2026-04-16,add_to_cart,organic
2566,840,2026-03-30,checkout,social
2567,3,2026-04-15,add_to_cart,organic
2568,28,2026-05-15,view_product,social
2569,381,2026-03-21,view_product,social
2570,157,2026-05-14,view_product,email
2571,855,2026-04-17,add_to_cart,email
2572,914,2026-05-01,checkout,organic
2573,931,2026-04-27,view_product,organic
2574,511,2026-03-18,view_product,paid_search
2575,333,2026-04-28,add_to_cart,email
2576,844,2026-04-17,view_product,organic
2577,687,2026-05-02,add_to_cart,email
2578,114,2026-03-12,view_product,social
2579,389,2026-05-26,view_product,paid_search
2580,487,2026-04-03,view_product,email
2581,843,2026-04-30,add_to_cart,email
2582,250,2026-05-26,view_product,email
2583,571,2026-04-22,view_product,email
2584,715,2026-03-25,checkout,organic
2585,315,2026-05-01,view_product,organic
2586,239,2026-03-04,view_product,paid_search
2587,234,2026-03-13,add_to_cart,social
2588,303,2026-04-11,view_product,social
2589,607,2026-04-18,view_product,paid_search
2590,991,2026-05-17,purchase,social
2591,653,2026-04-25,add_to_cart,organic
2592,334,2026-04-16,add_to_cart,email
2593,113,2026-03-08,add_to_cart,social
2594,621,2026-04-24,view_product,email
2595,362,2026-05-27,view_product,email
2596,857,2026-03-18,view_product,organic
2597,801,2026-04-04,purchase,email
2598,97,2026-05-28,view_product,social
2599,958,2026-05-20,view_product,organic
2600,847,2026-04-01,purchase,paid_search
2601,16,2026-03-24,add_to_cart,organic
2602,556,2026-03-07,purchase,social
2603,954,2026-03-13,add_to_cart,organic
2604,376,2026-05-08,view_product,social
2605,742,2026-05-29,checkout,social
2606,390,2026-04-11,view_product,organic
2607,620,2026-03-31,view_product,social
2608,217,2026-05-13,add_to_cart,paid_search
2609,399,2026-03-26,add_to_cart,social
2610,260,2026-05-25,checkout,paid_search
2611,824,2026-05-15,purchase,paid_search
2612,320,2026-04-01,checkout,social
2613,196,2026-04-21,view_product,email
2614,478,2026-03-20,add_to_cart,paid_search
2615,418,2026-04-09,add_to_cart,paid_search
2616,475,2026-04-28,purchase,organic
2617,607,2026-05-16,view_product,paid_search
2618,568,2026-03-14,view_product,paid_search
2619,544,2026-04-13,checkout,paid_search
2620,231,2026-05-25,view_product,paid_search
2621,884,2026-05-21,add_to_cart,email
2622,521,2026-04-17,view_product,paid_search
2623,703,2026-04-12,view_product,social
2624,873,2026-03-16,add_to_cart,email
2625,200,2026-04-04,view_product,paid_search
2626,846,2026-04-22,add_to_cart,social
2627,673,2026-04-03,view_product,social
2628,599,2026-03-03,view_product,email
2629,21,2026-05-07,view_product,email
2630,311,2026-03-05,add_to_cart,social
2631,588,2026-03-10,view_product,email
2632,953,2026-04-21,add_to_cart,email
2633,898,2026-03-29,add_to_cart,organic
2634,653,2026-03-31,add_to_cart,email
2635,638,2026-05-05,add_to_cart,organic
2636,763,2026-05-15,view_product,email
2637,900,2026-05-08,view_product,email
2638,596,2026-04-06,add_to_cart,social
2639,434,2026-03-27,view_product,organic
2640,371,2026-05-26,checkout,email
2641,560,2026-04-02,checkout,paid_search
2642,891,2026-05-07,view_product,email
2643,78,2026-04-28,add_to_cart,social
2644,542,2026-05-03,purchase,social
2645,285,2026-05-24,view_product,social
2646,648,2026-05-27,add_to_cart,organic
2647,140,2026-04-13,view_product,organic
2648,553,2026-05-27,view_product,organic
2649,998,2026-04-18,checkout,paid_search
2650,282,2026-04-22,add_to_cart,organic
2651,562,2026-05-13,add_to_cart,social
2652,258,2026-04-18,checkout,organic
2653,823,2026-05-05,add_to_cart,organic
2654,360,2026-05-02,add_to_cart,email
2655,440,2026-03-25,add_to_cart,organic
2656,270,2026-03-04,add_to_cart,email
2657,134,2026-04-20,checkout,organic
2658,746,2026-03-11,purchase,email
2659,640,2026-03-17,add_to_cart,social
2660,104,2026-05-05,add_to_cart,organic
2661,766,2026-05-09,view_product,social
2662,95,2026-05-12,checkout,organic
2663,849,2026-05-08,add_to_cart,paid_search
2664,729,2026-05-23,add_to_cart,paid_search
2665,573,2026-03-29,view_product,social
2666,480,2026-05-24,checkout,social
2667,780,2026-05-12,view_product,paid_search
2668,241,2026-05-11,view_product,paid_search
2669,13,2026-03-20,add_to_cart,email
2670,147,2026-03-27,add_to_cart,organic
2671,940,2026-03-08,view_product,paid_search
2672,752,2026-05-24,add_to_cart,social
2673,601,2026-04-30,view_product,social
2674,95,2026-03-28,view_product,paid_search
2675,827,2026-05-26,view_product,social
2676,293,2026-05-09,checkout,organic
2677,25,2026-03-03,view_product,email
2678,272,2026-05-08,view_product,organic
2679,505,2026-05-12,add_to_cart,email
2680,166,2026-03-07,view_product,email
2681,939,2026-04-29,add_to_cart,paid_search
2682,762,2026-03-04,checkout,social
2683,87,2026-03-05,checkout,email
2684,654,2026-03-11,view_product,paid_search
2685,646,2026-03-15,view_product,social
2686,985,2026-05-03,add_to_cart,social
2687,791,2026-03-13,view_product,email
2688,638,2026-03-07,view_product,social
2689,828,2026-03-06,view_product,organic
2690,491,2026-04-25,view_product,social
2691,908,2026-05-03,purchase,organic
2692,141,2026-04-19,add_to_cart,social
2693,868,2026-03-30,view_product,email
2694,103,2026-03-22,view_product,email
2695,226,2026-03-25,purchase,paid_search
2696,902,2026-03-28,view_product,organic
2697,575,2026-05-23,add_to_cart,organic
2698,294,2026-04-08,view_product,email
2699,896,2026-05-06,checkout,email
2700,306,2026-03-05,add_to_cart,email
2701,254,2026-05-04,view_product,organic
2702,180,2026-03-15,view_product,paid_search
2703,40,2026-05-29,add_to_cart,organic
2704,776,2026-05-06,purchase,email
2705,701,2026-04-09,view_product,paid_search
2706,520,2026-05-08,add_to_cart,social
2707,616,2026-05-16,view_product,social
2708,737,2026-04-12,checkout,email
2709,546,2026-03-01,add_to_cart,paid_search
2710,236,2026-03-22,view_product,email
2711,463,2026-05-01,view_product,organic
2712,228,2026-05-18,view_product,organic
2713,700,2026-03-26,add_to_cart,paid_search
2714,825,2026-03-18,view_product,email
2715,483,2026-04-17,view_product,email
2716,430,2026-03-09,purchase,social
2717,22,2026-03-01,view_product,paid_search
2718,343,2026-03-09,add_to_cart,email
2719,40,2026-03-23,view_product,organic
2720,173,2026-04-14,view_product,email
2721,439,2026-03-02,view_product,email
2722,179,2026-03-14,add_to_cart,organic
2723,598,2026-04-07,view_product,organic
2724,133,2026-04-09,checkout,email
2725,351,2026-05-02,view_product,organic
2726,525,2026-05-21,view_product,social
2727,540,2026-03-16,checkout,social
2728,506,2026-05-14,view_product,social
2729,84,2026-03-06,view_product,organic
2730,993,2026-03-03,view_product,organic
2731,464,2026-03-14,add_to_cart,organic
2732,830,2026-05-05,checkout,paid_search
2733,861,2026-05-14,view_product,organic
2734,343,2026-05-25,view_product,social
2735,280,2026-05-06,add_to_cart,social
2736,866,2026-03-31,purchase,social
2737,263,2026-04-02,view_product,paid_search
2738,166,2026-05-27,checkout,email
2739,293,2026-03-01,view_product,social
2740,509,2026-04-13,view_product,paid_search
2741,580,2026-03-15,view_product,email
2742,226,2026-04-06,view_product,paid_search
2743,170,2026-03-27,view_product,paid_search
2744,598,2026-04-17,purchase,email
2745,645,2026-03-27,view_product,organic
2746,448,2026-03-12,view_product,organic
2747,690,2026-05-06,view_product,social
2748,855,2026-03-30,add_to_cart,email
2749,502,2026-05-26,checkout,social
2750,764,2026-05-05,view_product,paid_search
2751,527,2026-03-07,view_product,organic
2752,735,2026-04-03,view_product,social
2753,379,2026-04-01,view_product,social
2754,201,2026-04-08,view_product,organic
2755,619,2026-04-12,view_product,paid_search
2756,250,2026-04-12,add_to_cart,social
2757,949,2026-05-17,add_to_cart,social
2758,409,2026-03-03,view_product,email
2759,601,2026-04-15,view_product,email
2760,125,2026-04-01,add_to_cart,organic
2761,113,2026-04-12,add_to_cart,organic
2762,981,2026-05-20,view_product,paid_search
2763,137,2026-03-03,checkout,paid_search
2764,759,2026-05-13,view_product,social
2765,496,2026-05-02,view_product,email
2766,678,2026-04-09,view_product,paid_search
2767,150,2026-03-18,purchase,social
2768,875,2026-05-06,view_product,social
2769,343,2026-05-01,checkout,organic
2770,945,2026-03-10,view_product,email
2771,580,2026-04-21,view_product,social
2772,733,2026-05-12,add_to_cart,organic
2773,783,2026-04-15,view_product,social
2774,321,2026-04-24,view_product,email
2775,822,2026-04-15,view_product,social
2776,926,2026-05-14,checkout,social
2777,861,2026-04-29,view_product,paid_search
2778,532,2026-03-26,view_product,paid_search
2779,289,2026-03-27,view_product,organic
2780,489,2026-04-07,add_to_cart,social
2781,492,2026-03-22,view_product,organic
2782,612,2026-03-26,view_product,email
2783,252,2026-05-25,view_product,organic
2784,982,2026-05-08,add_to_cart,social
2785,77,2026-04-04,view_product,paid_search
2786,647,2026-05-05,view_product,paid_search
2787,392,2026-05-12,add_to_cart,organic
2788,412,2026-04-20,purchase,paid_search
2789,173,2026-03-18,add_to_cart,social
2790,875,2026-04-12,view_product,social
2791,201,2026-03-12,add_to_cart,email
2792,217,2026-03-03,purchase,paid_search
2793,376,2026-05-21,view_product,paid_search
2794,720,2026-03-07,view_product,email
2795,586,2026-03-06,view_product,organic
2796,11,2026-05-21,checkout,email
2797,799,2026-04-14,view_product,paid_search
2798,768,2026-05-25,view_product,organic
2799,12,2026-04-08,view_product,social
2800,892,2026-04-20,checkout,social
2801,991,2026-03-09,view_product,email
2802,590,2026-03-23,add_to_cart,social
2803,435,2026-03-12,checkout,paid_search
2804,684,2026-05-27,view_product,email
2805,608,2026-05-01,add_to_cart,paid_search
2806,818,2026-05-12,view_product,paid_search
2807,373,2026-05-16,purchase,organic
2808,273,2026-04-09,add_to_cart,organic
2809,931,2026-04-23,purchase,organic
2810,897,2026-05-20,view_product,social
2811,925,2026-03-07,view_product,organic
2812,691,2026-03-17,view_product,paid_search
2813,576,2026-04-19,view_product,email
2814,509,2026-03-24,checkout,email
2815,132,2026-03-02,view_product,paid_search
2816,855,2026-05-22,view_product,social
2817,924,2026-04-02,view_product,email
2818,784,2026-03-21,view_product,paid_search
2819,319,2026-05-13,view_product,paid_search
2820,844,2026-04-22,view_product,paid_search
2821,949,2026-04-15,checkout,email
2822,853,2026-04-14,view_product,email
2823,621,2026-03-09,add_to_cart,organic
2824,785,2026-03-06,view_product,organic
2825,168,2026-04-20,add_to_cart,paid_search
2826,397,2026-04-04,view_product,paid_search
2827,180,2026-05-21,purchase,paid_search
2828,58,2026-04-22,add_to_cart,paid_search
2829,480,2026-03-19,view_product,email
2830,933,2026-05-08,view_product,organic
2831,591,2026-03-25,view_product,social
2832,460,2026-03-11,add_to_cart,paid_search
2833,61,2026-05-13,add_to_cart,organic
2834,369,2026-03-17,view_product,paid_search
2835,121,2026-04-05,view_product,email
2836,719,2026-05-29,checkout,social
2837,546,2026-03-21,checkout,organic
2838,582,2026-03-18,add_to_cart,organic
2839,17,2026-04-29,view_product,social
2840,496,2026-03-18,checkout,email
2841,497,2026-03-01,add_to_cart,social
2842,505,2026-03-14,view_product,organic
2843,532,2026-03-08,view_product,social
2844,969,2026-05-05,add_to_cart,email
2845,315,2026-04-20,view_product,email
2846,69,2026-05-18,view_product,paid_search
2847,727,2026-04-29,checkout,social
2848,161,2026-04-03,add_to_cart,social
2849,614,2026-04-05,checkout,organic
2850,888,2026-05-01,view_product,email
2851,718,2026-03-01,purchase,social
2852,145,2026-05-24,view_product,organic
2853,569,2026-04-11,add_to_cart,paid_search
2854,595,2026-03-01,view_product,social
2855,993,2026-05-23,view_product,social
2856,385,2026-04-23,view_product,organic
2857,269,2026-04-16,add_to_cart,organic
2858,923,2026-04-08,view_product,email
2859,454,2026-03-30,view_product,email
2860,699,2026-03-07,view_product,email
2861,518,2026-03-22,view_product,social
2862,865,2026-04-19,add_to_cart,organic
2863,350,2026-04-14,purchase,email
2864,110,2026-05-13,view_product,social
2865,483,2026-05-11,add_to_cart,email
2866,407,2026-03-10,purchase,paid_search
2867,650,2026-03-14,add_to_cart,social
2868,51,2026-04-15,add_to_cart,email
2869,403,2026-05-14,view_product,email
2870,563,2026-03-06,view_product,paid_search
2871,476,2026-03-21,view_product,paid_search
2872,87,2026-05-01,view_product,email
2873,68,2026-03-19,checkout,email
2874,596,2026-05-27,view_product,organic
2875,979,2026-05-21,view_product,email
2876,42,2026-05-01,checkout,email
2877,731,2026-05-22,view_product,organic
2878,57,2026-04-22,purchase,organic
2879,738,2026-03-24,add_to_cart,email
2880,196,2026-04-25,view_product,organic
2881,760,2026-05-01,add_to_cart,social
2882,678,2026-04-03,add_to_cart,paid_search
2883,62,2026-03-22,view_product,social
2884,263,2026-05-07,view_product,paid_search
2885,112,2026-04-26,view_product,paid_search
2886,765,2026-03-10,add_to_cart,email
2887,711,2026-05-05,view_product,paid_search
2888,178,2026-03-08,add_to_cart,social
2889,948,2026-04-07,view_product,email
2890,26,2026-05-01,view_product,organic
2891,410,2026-03-28,view_product,social
2892,758,2026-03-10,view_product,email
2893,531,2026-04-14,view_product,paid_search
2894,777,2026-05-04,view_product,social
2895,317,2026-05-06,view_product,paid_search
2896,532,2026-03-09,purchase,email
2897,106,2026-03-05,view_product,email
2898,749,2026-03-10,add_to_cart,organic
2899,818,2026-03-12,purchase,organic
2900,464,2026-05-21,purchase,social
2901,246,2026-04-27,checkout,organic
2902,81,2026-03-21,view_product,paid_search
2903,662,2026-03-21,add_to_cart,paid_search
2904,909,2026-05-04,checkout,organic
2905,396,2026-03-03,checkout,organic
2906,522,2026-05-08,add_to_cart,organic
2907,833,2026-05-28,view_product,social
2908,736,2026-05-03,purchase,social
2909,926,2026-04-18,view_product,paid_search
2910,264,2026-05-11,view_product,social
2911,661,2026-03-17,view_product,social
2912,790,2026-05-12,view_product,email
2913,274,2026-04-01,view_product,paid_search
2914,706,2026-05-09,view_product,paid_search
2915,944,2026-03-21,purchase,organic
2916,172,2026-03-07,view_product,email
2917,265,2026-03-07,view_product,organic
2918,963,2026-03-27,checkout,social
2919,822,2026-03-08,view_product,paid_search
2920,26,2026-05-12,view_product,social
2921,469,2026-03-28,view_product,social
2922,862,2026-05-18,view_product,email
2923,476,2026-05-05,view_product,email
2924,356,2026-05-10,add_to_cart,paid_search
2925,26,2026-04-16,checkout,paid_search
2926,34,2026-05-21,add_to_cart,email
2927,264,2026-05-25,view_product,email
2928,138,2026-03-10,view_product,email
2929,816,2026-04-02,view_product,email
2930,695,2026-03-07,view_product,paid_search
2931,875,2026-03-03,view_product,paid_search
2932,754,2026-03-14,checkout,social
2933,566,2026-04-13,view_product,social
2934,462,2026-04-15,view_product,social
2935,168,2026-04-30,view_product,paid_search
2936,631,2026-04-05,view_product,organic
2937,655,2026-03-13,add_to_cart,social
2938,81,2026-03-16,checkout,organic
2939,757,2026-05-19,view_product,organic
2940,914,2026-03-05,view_product,organic
2941,864,2026-05-28,purchase,email
2942,870,2026-04-07,add_to_cart,paid_search
2943,407,2026-04-19,purchase,paid_search
2944,574,2026-04-07,view_product,social
2945,46,2026-04-25,view_product,social
2946,599,2026-05-02,view_product,paid_search
2947,611,2026-04-17,view_product,email
2948,807,2026-05-29,add_to_cart,paid_search
2949,911,2026-04-28,view_product,organic
2950,53,2026-05-16,view_product,paid_search
2951,984,2026-04-13,view_product,email
2952,704,2026-05-29,checkout,paid_search
2953,959,2026-04-24,view_product,paid_search
2954,476,2026-04-24,view_product,paid_search
2955,592,2026-03-01,add_to_cart,organic
2956,16,2026-03-08,view_product,social
2957,360,2026-03-04,view_product,email
2958,487,2026-05-24,view_product,organic
2959,838,2026-05-25,checkout,paid_search
2960,706,2026-04-22,add_to_cart,paid_search
2961,502,2026-04-27,add_to_cart,social
2962,141,2026-04-06,purchase,social
2963,620,2026-04-18,purchase,social
2964,815,2026-05-06,add_to_cart,organic
2965,777,2026-03-19,view_product,email
2966,447,2026-03-01,add_to_cart,social
2967,290,2026-03-29,view_product,paid_search
2968,209,2026-05-26,purchase,email
2969,475,2026-04-02,add_to_cart,paid_search
2970,413,2026-04-21,view_product,paid_search
2971,677,2026-04-10,view_product,email
2972,427,2026-03-23,view_product,organic
2973,854,2026-03-05,view_product,email
2974,371,2026-05-10,view_product,social
2975,832,2026-04-26,view_product,email
2976,664,2026-03-06,view_product,social
2977,967,2026-04-18,add_to_cart,social
2978,290,2026-03-22,view_product,email
2979,432,2026-05-16,view_product,email
2980,268,2026-05-15,view_product,social
2981,151,2026-03-04,checkout,paid_search
2982,719,2026-05-11,view_product,email
2983,255,2026-05-03,view_product,organic
2984,353,2026-04-06,add_to_cart,social
2985,377,2026-03-31,view_product,paid_search
2986,653,2026-04-06,view_product,email
2987,855,2026-04-14,view_product,email
2988,358,2026-05-29,add_to_cart,paid_search
2989,608,2026-03-08,add_to_cart,organic
2990,941,2026-04-09,add_to_cart,social
2991,370,2026-03-05,view_product,email
2992,227,2026-03-28,add_to_cart,organic
2993,705,2026-05-20,view_product,social
2994,303,2026-05-26,view_product,organic
2995,826,2026-03-09,view_product,social
2996,389,2026-03-02,add_to_cart,social
2997,377,2026-05-02,view_product,organic
2998,973,2026-04-20,add_to_cart,social
2999,118,2026-03-31,checkout,email
3000,5,2026-03-07,view_product,email
3001,444,2026-03-30,view_product,organic
3002,352,2026-04-27,view_product,organic
3003,755,2026-03-03,view_product,social
3004,533,2026-04-20,view_product,social
3005,664,2026-04-25,purchase,organic
3006,640,2026-05-12,view_product,paid_search
3007,124,2026-03-10,add_to_cart,organic
3008,658,2026-04-30,view_product,paid_search
3009,277,2026-04-19,checkout,paid_search
3010,822,2026-04-16,checkout,organic
3011,394,2026-05-29,add_to_cart,organic
3012,664,2026-03-01,checkout,organic
3013,360,2026-04-26,view_product,paid_search
3014,623,2026-04-07,view_product,email
3015,469,2026-05-01,add_to_cart,email
3016,985,2026-05-18,add_to_cart,organic
3017,628,2026-05-28,checkout,organic
3018,700,2026-05-09,view_product,social
3019,57,2026-05-21,view_product,social
3020,251,2026-05-04,view_product,social
3021,896,2026-05-01,checkout,organic
3022,919,2026-04-25,purchase,email
3023,150,2026-05-06,add_to_cart,email
3024,452,2026-03-17,view_product,organic
3025,162,2026-03-08,add_to_cart,organic
3026,120,2026-04-29,add_to_cart,paid_search
3027,582,2026-04-09,view_product,paid_search
3028,924,2026-05-20,add_to_cart,email
3029,351,2026-05-28,view_product,social
3030,99,2026-05-01,view_product,email
3031,167,2026-04-10,view_product,paid_search
3032,810,2026-03-12,add_to_cart,email
3033,663,2026-05-28,checkout,paid_search
3034,838,2026-04-23,add_to_cart,paid_search
3035,976,2026-05-28,add_to_cart,social
3036,514,2026-03-11,view_product,social
3037,664,2026-04-29,add_to_cart,paid_search
3038,401,2026-05-07,view_product,organic
3039,365,2026-05-17,add_to_cart,social
3040,577,2026-04-15,view_product,paid_search
3041,326,2026-04-07,add_to_cart,organic
3042,581,2026-04-30,add_to_cart,organic
3043,633,2026-03-17,add_to_cart,email
3044,621,2026-05-05,add_to_cart,email
3045,828,2026-05-11,view_product,social
3046,247,2026-04-05,checkout,organic
3047,434,2026-05-13,view_product,social
3048,93,2026-03-07,purchase,paid_search
3049,268,2026-03-16,add_to_cart,social
3050,615,2026-03-14,view_product,organic
3051,943,2026-05-19,checkout,email
3052,963,2026-03-25,add_to_cart,social
3053,624,2026-03-04,purchase,email
3054,321,2026-03-29,add_to_cart,social
3055,923,2026-04-25,view_product,paid_search
3056,816,2026-03-06,view_product,organic
3057,856,2026-03-01,view_product,social
3058,62,2026-04-08,checkout,paid_search
3059,300,2026-03-01,add_to_cart,paid_search
3060,403,2026-05-02,view_product,paid_search
3061,955,2026-04-26,add_to_cart,email
3062,648,2026-05-06,add_to_cart,email
3063,567,2026-05-04,view_product,paid_search
3064,620,2026-05-04,view_product,paid_search
3065,303,2026-03-21,view_product,social
3066,770,2026-03-30,view_product,social
3067,253,2026-04-02,view_product,organic
3068,734,2026-04-17,view_product,social
3069,478,2026-03-22,checkout,organic
3070,369,2026-04-23,view_product,organic
3071,679,2026-03-04,view_product,organic
3072,941,2026-05-26,view_product,email
3073,160,2026-04-24,view_product,social
3074,961,2026-04-13,view_product,paid_search
3075,166,2026-05-28,view_product,organic
3076,205,2026-03-12,add_to_cart,paid_search
3077,267,2026-05-20,add_to_cart,organic
3078,138,2026-05-18,view_product,social
3079,368,2026-05-13,add_to_cart,organic
3080,443,2026-04-21,view_product,social
3081,858,2026-05-15,view_product,paid_search
3082,760,2026-05-04,add_to_cart,social
3083,567,2026-05-04,checkout,paid_search
3084,916,2026-03-10,add_to_cart,social
3085,721,2026-03-18,view_product,organic
3086,17,2026-04-16,purchase,organic
3087,68,2026-05-05,view_product,social
3088,133,2026-04-18,view_product,paid_search
3089,700,2026-05-11,view_product,paid_search
3090,919,2026-03-22,add_to_cart,paid_search
3091,430,2026-05-25,checkout,social
3092,308,2026-03-26,view_product,social
3093,650,2026-05-29,view_product,social
3094,174,2026-03-09,add_to_cart,social
3095,412,2026-03-21,purchase,paid_search
3096,97,2026-05-02,view_product,paid_search
3097,683,2026-03-06,checkout,email
3098,154,2026-03-14,view_product,social
3099,695,2026-04-02,add_to_cart,email
3100,242,2026-05-10,view_product,social
3101,304,2026-03-24,view_product,email
3102,285,2026-05-12,add_to_cart,paid_search
3103,27,2026-05-14,checkout,paid_search
3104,402,2026-05-26,view_product,email
3105,360,2026-04-20,view_product,organic
3106,60,2026-03-02,view_product,social
3107,202,2026-03-15,view_product,email
3108,762,2026-04-04,add_to_cart,email
3109,874,2026-04-05,view_product,organic
3110,581,2026-04-08,add_to_cart,paid_search
3111,970,2026-03-04,view_product,email
3112,370,2026-05-03,purchase,paid_search
3113,533,2026-05-13,view_product,social
3114,152,2026-03-06,view_product,organic
3115,102,2026-04-26,view_product,paid_search
3116,899,2026-03-30,checkout,email
3117,1000,2026-05-13,view_product,organic
3118,607,2026-05-06,view_product,organic
3119,446,2026-05-29,checkout,organic
3120,873,2026-03-15,checkout,organic
3121,229,2026-03-17,checkout,organic
3122,125,2026-03-18,view_product,social
3123,770,2026-03-19,view_product,social
3124,834,2026-05-15,add_to_cart,organic
3125,999,2026-05-27,view_product,email
3126,881,2026-05-08,view_product,email
3127,938,2026-03-24,view_product,social
3128,236,2026-04-17,purchase,paid_search
3129,162,2026-03-30,view_product,organic
3130,554,2026-03-15,add_to_cart,email
3131,788,2026-04-16,view_product,social
3132,353,2026-04-13,add_to_cart,social
3133,68,2026-03-27,add_to_cart,paid_search
3134,173,2026-05-23,view_product,paid_search
3135,843,2026-05-03,view_product,email
3136,637,2026-04-10,add_to_cart,paid_search
3137,682,2026-05-07,view_product,paid_search
3138,559,2026-03-05,add_to_cart,organic
3139,261,2026-04-22,add_to_cart,social
3140,217,2026-03-08,add_to_cart,social
3141,817,2026-03-22,view_product,paid_search
3142,124,2026-03-07,view_product,social
3143,805,2026-03-22,add_to_cart,social
3144,162,2026-04-15,view_product,email
3145,201,2026-03-30,purchase,social
3146,454,2026-03-16,purchase,paid_search
3147,402,2026-05-18,view_product,email
3148,462,2026-03-05,view_product,social
3149,275,2026-05-06,view_product,social
3150,206,2026-03-23,purchase,email
3151,40,2026-04-30,view_product,email
3152,273,2026-05-13,view_product,social
3153,700,2026-03-05,add_to_cart,organic
3154,867,2026-03-23,view_product,organic
3155,93,2026-05-18,view_product,social
3156,42,2026-05-21,view_product,social
3157,465,2026-03-25,add_to_cart,email
3158,379,2026-03-08,view_product,email
3159,107,2026-03-21,view_product,social
3160,328,2026-03-02,checkout,social
3161,65,2026-03-22,view_product,social
3162,365,2026-05-11,add_to_cart,social
3163,821,2026-05-26,view_product,organic
3164,484,2026-05-11,view_product,email
3165,647,2026-05-07,view_product,paid_search
3166,901,2026-05-03,add_to_cart,social
3167,24,2026-03-19,view_product,social
3168,540,2026-05-26,view_product,social
3169,62,2026-05-21,view_product,paid_search
3170,491,2026-04-22,view_product,email
3171,273,2026-05-26,view_product,email
3172,229,2026-04-21,add_to_cart,social
3173,20,2026-04-16,view_product,social
3174,3,2026-05-21,add_to_cart,email
3175,421,2026-04-23,view_product,paid_search
3176,730,2026-04-13,view_product,social
3177,911,2026-03-07,checkout,paid_search
3178,307,2026-03-01,view_product,paid_search
3179,432,2026-05-02,view_product,email
3180,136,2026-04-08,add_to_cart,social
3181,909,2026-03-19,purchase,organic
3182,944,2026-03-31,view_product,email
3183,515,2026-05-16,checkout,email
3184,193,2026-03-24,add_to_cart,organic
3185,585,2026-05-08,view_product,social
3186,415,2026-05-26,add_to_cart,paid_search
3187,873,2026-05-22,view_product,paid_search
3188,118,2026-05-04,view_product,paid_search
3189,666,2026-04-02,view_product,social
3190,209,2026-04-28,add_to_cart,email
3191,952,2026-04-02,view_product,email
3192,34,2026-04-01,view_product,email
3193,649,2026-04-28,add_to_cart,email
3194,318,2026-04-10,add_to_cart,email
3195,120,2026-03-12,purchase,organic
3196,627,2026-05-12,view_product,paid_search
3197,525,2026-03-11,view_product,paid_search
3198,581,2026-03-19,view_product,social
3199,937,2026-04-23,add_to_cart,organic
3200,845,2026-04-26,view_product,email
3201,769,2026-04-11,checkout,email
3202,89,2026-05-10,view_product,email
3203,512,2026-03-31,checkout,organic
3204,47,2026-04-21,add_to_cart,social
3205,772,2026-03-02,checkout,organic
3206,740,2026-05-22,view_product,social
3207,959,2026-04-07,add_to_cart,paid_search
3208,692,2026-04-01,view_product,social
3209,522,2026-03-10,view_product,paid_search
3210,284,2026-03-08,view_product,social
3211,377,2026-05-29,add_to_cart,paid_search
3212,638,2026-05-14,view_product,paid_search
3213,134,2026-03-20,checkout,email
3214,667,2026-03-20,view_product,social
3215,248,2026-03-09,view_product,email
3216,652,2026-05-11,view_product,paid_search
3217,318,2026-03-15,add_to_cart,email
3218,436,2026-05-27,view_product,organic
3219,176,2026-05-02,checkout,email
3220,835,2026-03-21,view_product,social
3221,686,2026-03-05,purchase,email
3222,993,2026-04-04,view_product,organic
3223,586,2026-05-24,view_product,email
3224,351,2026-05-07,add_to_cart,paid_search
3225,143,2026-04-17,checkout,paid_search
3226,967,2026-05-19,view_product,paid_search
3227,804,2026-05-29,checkout,social
3228,398,2026-05-01,view_product,email
3229,624,2026-04-04,add_to_cart,paid_search
3230,718,2026-05-09,view_product,email
3231,643,2026-03-21,view_product,organic
3232,369,2026-05-19,view_product,organic
3233,501,2026-04-08,checkout,social
3234,622,2026-04-03,purchase,email
3235,370,2026-03-15,view_product,organic
3236,579,2026-03-06,checkout,social
3237,382,2026-05-05,view_product,social
3238,86,2026-05-27,add_to_cart,paid_search
3239,787,2026-04-25,view_product,organic
3240,739,2026-04-18,add_to_cart,email
3241,460,2026-03-01,view_product,organic
3242,950,2026-05-04,view_product,organic
3243,325,2026-03-28,add_to_cart,email
3244,522,2026-03-20,checkout,email
3245,489,2026-04-17,add_to_cart,paid_search
3246,929,2026-05-11,purchase,social
3247,397,2026-05-04,checkout,email
3248,896,2026-05-29,view_product,email
3249,355,2026-04-20,view_product,organic
3250,947,2026-04-12,add_to_cart,email
3251,288,2026-04-18,purchase,email
3252,459,2026-03-25,purchase,organic
3253,624,2026-05-13,add_to_cart,organic
3254,998,2026-05-15,add_to_cart,organic
3255,536,2026-04-10,add_to_cart,paid_search
3256,291,2026-05-10,view_product,social
3257,851,2026-05-03,view_product,email
3258,838,2026-04-30,add_to_cart,organic
3259,168,2026-03-12,checkout,organic
3260,950,2026-05-20,purchase,social
3261,621,2026-05-08,view_product,paid_search
3262,428,2026-03-14,add_to_cart,email
3263,702,2026-04-03,checkout,paid_search
3264,490,2026-04-17,add_to_cart,paid_search
3265,355,2026-04-30,view_product,paid_search
3266,196,2026-05-20,add_to_cart,organic
3267,545,2026-04-04,add_to_cart,social
3268,717,2026-05-04,add_to_cart,social
3269,824,2026-04-28,add_to_cart,social
3270,932,2026-04-05,checkout,paid_search
3271,694,2026-05-18,view_product,email
3272,659,2026-03-19,view_product,paid_search
3273,939,2026-04-11,add_to_cart,social
3274,780,2026-05-08,view_product,organic
3275,11,2026-03-19,purchase,paid_search
3276,582,2026-04-08,view_product,organic
3277,256,2026-05-08,view_product,social
3278,396,2026-04-21,checkout,paid_search
3279,731,2026-03-12,view_product,organic
3280,809,2026-05-22,checkout,paid_search
3281,409,2026-04-16,add_to_cart,social
3282,362,2026-05-15,view_product,email
3283,259,2026-04-05,checkout,social
3284,3,2026-05-02,view_product,email
3285,84,2026-05-15,view_product,email
3286,156,2026-05-21,view_product,social
3287,663,2026-04-20,view_product,organic
3288,176,2026-04-12,checkout,paid_search
3289,707,2026-04-03,add_to_cart,paid_search
3290,938,2026-04-18,view_product,paid_search
3291,472,2026-03-18,add_to_cart,email
3292,619,2026-04-30,add_to_cart,email
3293,424,2026-04-26,checkout,social
3294,134,2026-03-05,view_product,organic
3295,788,2026-05-28,checkout,social
3296,907,2026-03-24,view_product,social
3297,864,2026-05-03,add_to_cart,organic
3298,380,2026-04-28,purchase,email
3299,667,2026-04-07,view_product,social
3300,277,2026-04-02,view_product,social
3301,236,2026-03-10,view_product,email
3302,752,2026-04-06,view_product,paid_search
3303,882,2026-05-26,view_product,organic
3304,13,2026-03-11,add_to_cart,organic
3305,342,2026-03-24,view_product,paid_search
3306,35,2026-05-27,view_product,organic
3307,559,2026-05-10,view_product,paid_search
3308,214,2026-03-21,view_product,social
3309,412,2026-03-20,view_product,organic
3310,405,2026-03-10,add_to_cart,organic
3311,494,2026-05-28,view_product,social
3312,658,2026-04-16,purchase,email
3313,159,2026-04-16,view_product,email
3314,956,2026-03-15,purchase,social
3315,637,2026-04-13,view_product,organic
3316,110,2026-05-01,add_to_cart,organic
3317,549,2026-03-06,add_to_cart,organic
3318,789,2026-05-05,checkout,paid_search
3319,526,2026-05-15,add_to_cart,email
3320,985,2026-03-04,purchase,organic
3321,347,2026-03-23,add_to_cart,email
3322,744,2026-03-13,add_to_cart,email
3323,828,2026-05-20,checkout,organic
3324,636,2026-03-31,add_to_cart,social
3325,279,2026-03-16,view_product,social
3326,479,2026-04-10,view_product,email
3327,111,2026-05-29,checkout,paid_search
3328,636,2026-03-01,view_product,email
3329,925,2026-03-12,add_to_cart,email
3330,431,2026-04-25,view_product,social
3331,542,2026-04-19,view_product,organic
3332,115,2026-03-20,add_to_cart,organic
3333,90,2026-05-05,add_to_cart,paid_search
3334,212,2026-04-05,view_product,social
3335,550,2026-05-18,view_product,social
3336,595,2026-04-07,view_product,email
3337,539,2026-03-22,add_to_cart,social
3338,729,2026-04-30,view_product,email
3339,360,2026-04-19,add_to_cart,paid_search
3340,486,2026-04-28,add_to_cart,social
3341,372,2026-03-20,purchase,social
3342,215,2026-04-05,view_product,email
3343,733,2026-03-15,view_product,social
3344,15,2026-05-01,view_product,organic
3345,955,2026-03-03,view_product,paid_search
3346,259,2026-03-05,view_product,organic
3347,778,2026-04-25,checkout,email
3348,463,2026-03-31,view_product,email
3349,120,2026-05-25,view_product,email
3350,976,2026-04-04,view_product,paid_search
3351,913,2026-05-10,checkout,social
3352,128,2026-05-09,view_product,organic
3353,723,2026-03-26,view_product,social
3354,523,2026-03-01,view_product,email
3355,688,2026-05-22,add_to_cart,social
3356,645,2026-03-07,checkout,paid_search
3357,325,2026-04-05,view_product,email
3358,320,2026-05-15,view_product,social
3359,506,2026-05-23,view_product,organic
3360,526,2026-05-26,add_to_cart,email
3361,50,2026-03-25,view_product,email
3362,922,2026-04-28,checkout,paid_search
3363,584,2026-04-30,view_product,paid_search
3364,69,2026-03-29,view_product,organic
3365,391,2026-03-18,view_product,social
3366,383,2026-04-10,checkout,social
3367,16,2026-03-19,add_to_cart,email
3368,439,2026-03-04,purchase,email
3369,846,2026-05-04,view_product,social
3370,869,2026-04-10,view_product,social
3371,568,2026-03-15,add_to_cart,social
3372,617,2026-04-23,view_product,email
3373,132,2026-05-03,add_to_cart,paid_search
3374,996,2026-05-11,view_product,paid_search
3375,560,2026-03-15,view_product,organic
3376,248,2026-05-18,view_product,social
3377,273,2026-04-19,add_to_cart,social
3378,623,2026-03-22,view_product,social
3379,932,2026-03-18,checkout,organic
3380,838,2026-05-19,view_product,social
3381,848,2026-03-02,checkout,paid_search
3382,349,2026-04-05,view_product,social
3383,484,2026-03-20,view_product,organic
3384,550,2026-03-16,purchase,email
3385,357,2026-05-06,view_product,email
3386,752,2026-03-30,add_to_cart,paid_search
3387,318,2026-04-24,add_to_cart,paid_search
3388,633,2026-05-05,view_product,paid_search
3389,48,2026-03-26,add_to_cart,email
3390,10,2026-04-26,checkout,social
3391,233,2026-05-08,view_product,organic
3392,36,2026-03-02,add_to_cart,organic
3393,413,2026-04-25,add_to_cart,social
3394,462,2026-05-23,view_product,email
3395,4,2026-05-01,view_product,email
3396,44,2026-04-03,view_product,organic
3397,568,2026-04-25,add_to_cart,paid_search
3398,554,2026-04-24,checkout,paid_search
3399,255,2026-03-20,add_to_cart,organic
3400,740,2026-04-19,view_product,organic
3401,114,2026-03-25,view_product,social
3402,749,2026-05-23,checkout,social
3403,397,2026-03-25,view_product,social
3404,174,2026-04-22,checkout,social
3405,255,2026-03-14,add_to_cart,social
3406,466,2026-04-29,view_product,social
3407,929,2026-04-12,view_product,paid_search
3408,277,2026-05-01,view_product,organic
3409,464,2026-05-15,add_to_cart,email
3410,847,2026-05-08,checkout,social
3411,502,2026-05-02,add_to_cart,paid_search
3412,441,2026-03-02,view_product,organic
3413,69,2026-04-23,view_product,organic
3414,509,2026-03-16,add_to_cart,organic
3415,326,2026-04-24,view_product,social
3416,742,2026-04-12,add_to_cart,social
3417,67,2026-04-30,view_product,email
3418,304,2026-04-07,view_product,social
3419,972,2026-04-14,view_product,organic
3420,484,2026-04-20,view_product,organic
3421,929,2026-04-11,add_to_cart,paid_search
3422,548,2026-03-24,view_product,paid_search
3423,417,2026-03-30,purchase,email
3424,159,2026-04-06,add_to_cart,paid_search
3425,149,2026-04-22,view_product,email
3426,27,2026-05-02,view_product,paid_search
3427,987,2026-03-11,add_to_cart,organic
3428,584,2026-05-17,view_product,social
3429,248,2026-03-23,purchase,social
3430,101,2026-05-19,add_to_cart,email
3431,702,2026-04-19,view_product,social
3432,96,2026-05-24,add_to_cart,social
3433,384,2026-04-24,view_product,paid_search
3434,282,2026-04-24,view_product,organic
3435,322,2026-03-04,purchase,social
3436,396,2026-04-23,view_product,organic
3437,278,2026-04-30,add_to_cart,paid_search
3438,529,2026-05-17,purchase,paid_search
3439,263,2026-05-22,view_product,social
3440,619,2026-03-05,view_product,social
3441,580,2026-03-18,view_product,paid_search
3442,640,2026-04-13,view_product,paid_search
3443,293,2026-03-31,view_product,email
3444,294,2026-03-21,checkout,email
3445,608,2026-04-16,checkout,organic
3446,395,2026-03-30,add_to_cart,paid_search
3447,513,2026-04-24,view_product,organic
3448,921,2026-05-07,checkout,paid_search
3449,810,2026-05-08,view_product,organic
3450,180,2026-04-10,view_product,email
3451,920,2026-04-14,view_product,paid_search
3452,693,2026-05-13,view_product,paid_search
3453,235,2026-05-19,purchase,organic
3454,952,2026-03-30,add_to_cart,organic
3455,831,2026-05-16,add_to_cart,social
3456,337,2026-05-24,add_to_cart,social
3457,8,2026-04-14,add_to_cart,email
3458,443,2026-04-14,view_product,paid_search
3459,941,2026-05-18,view_product,paid_search
3460,539,2026-05-23,checkout,organic
3461,820,2026-05-23,view_product,email
3462,658,2026-04-14,purchase,paid_search
3463,91,2026-04-24,view_product,email
3464,854,2026-04-28,view_product,social
3465,272,2026-03-05,view_product,organic
3466,834,2026-04-01,checkout,paid_search
3467,5,2026-03-06,view_product,organic
3468,594,2026-03-26,add_to_cart,social
3469,899,2026-04-06,view_product,email
3470,219,2026-03-13,add_to_cart,email
3471,118,2026-05-08,view_product,social
3472,593,2026-03-25,view_product,social
3473,976,2026-03-13,view_product,paid_search
3474,582,2026-05-27,view_product,paid_search
3475,115,2026-03-20,view_product,paid_search
3476,263,2026-05-11,add_to_cart,paid_search
3477,306,2026-04-29,view_product,paid_search
3478,654,2026-05-12,view_product,email
3479,422,2026-03-21,view_product,paid_search
3480,1000,2026-04-30,view_product,social
3481,207,2026-05-23,view_product,social
3482,623,2026-05-18,view_product,paid_search
3483,303,2026-03-26,view_product,social
3484,112,2026-04-23,view_product,organic
3485,417,2026-04-11,add_to_cart,email
3486,555,2026-03-11,add_to_cart,email
3487,859,2026-04-06,view_product,paid_search
3488,285,2026-03-11,view_product,organic
3489,640,2026-03-27,view_product,paid_search
3490,185,2026-05-22,view_product,paid_search
3491,741,2026-04-03,view_product,social
3492,901,2026-04-07,add_to_cart,email
3493,221,2026-04-30,view_product,organic
3494,864,2026-05-26,purchase,social
3495,444,2026-04-22,view_product,email
3496,117,2026-05-04,add_to_cart,email
3497,70,2026-03-03,add_to_cart,paid_search
3498,898,2026-05-06,view_product,organic
3499,70,2026-03-28,view_product,paid_search
3500,622,2026-03-14,add_to_cart,social
3501,427,2026-04-21,checkout,paid_search
3502,644,2026-03-30,view_product,paid_search
3503,568,2026-04-27,view_product,email
3504,989,2026-04-23,view_product,email
3505,443,2026-05-08,view_product,social
3506,601,2026-03-15,purchase,email
3507,137,2026-04-07,add_to_cart,email
3508,504,2026-05-17,view_product,email
3509,131,2026-03-14,view_product,paid_search
3510,218,2026-04-26,view_product,organic
3511,688,2026-04-28,checkout,social
3512,171,2026-03-08,checkout,paid_search
3513,475,2026-05-11,view_product,social
3514,612,2026-03-19,view_product,paid_search
3515,992,2026-04-01,purchase,social
3516,129,2026-03-29,view_product,email
3517,57,2026-04-10,view_product,social
3518,181,2026-05-14,view_product,organic
3519,246,2026-04-14,view_product,social
3520,144,2026-03-13,view_product,organic
3521,51,2026-03-27,purchase,social
3522,368,2026-03-19,add_to_cart,email
3523,459,2026-03-26,view_product,social
3524,218,2026-04-22,view_product,paid_search
3525,616,2026-04-20,add_to_cart,email
3526,895,2026-04-06,view_product,email
3527,567,2026-03-09,view_product,paid_search
3528,257,2026-04-21,view_product,email
3529,858,2026-04-23,add_to_cart,email
3530,156,2026-03-03,view_product,paid_search
3531,565,2026-05-08,view_product,email
3532,442,2026-03-08,view_product,email
3533,841,2026-03-14,view_product,email
3534,956,2026-03-03,purchase,email
3535,699,2026-03-24,add_to_cart,social
3536,876,2026-03-13,view_product,email
3537,662,2026-04-12,view_product,email
3538,776,2026-03-29,add_to_cart,email
3539,762,2026-05-11,view_product,social
3540,945,2026-04-20,add_to_cart,organic
3541,810,2026-04-11,view_product,email
3542,923,2026-03-31,view_product,organic
3543,935,2026-05-02,purchase,organic
3544,723,2026-03-26,view_product,paid_search
3545,25,2026-03-18,view_product,paid_search
3546,806,2026-05-21,add_to_cart,organic
3547,853,2026-04-26,checkout,social
3548,664,2026-03-07,add_to_cart,email
3549,536,2026-04-17,add_to_cart,email
3550,764,2026-05-19,view_product,email
3551,60,2026-04-29,view_product,paid_search
3552,467,2026-04-02,view_product,paid_search
3553,434,2026-03-03,add_to_cart,email
3554,879,2026-03-04,view_product,organic
3555,66,2026-03-04,view_product,paid_search
3556,910,2026-04-11,purchase,email
3557,565,2026-03-09,view_product,organic
3558,928,2026-04-20,view_product,email
3559,106,2026-03-17,view_product,paid_search
3560,96,2026-03-17,view_product,social
3561,988,2026-03-20,view_product,social
3562,688,2026-03-14,view_product,paid_search
3563,551,2026-03-22,view_product,organic
3564,168,2026-04-21,view_product,email
3565,42,2026-03-27,view_product,paid_search
3566,879,2026-04-12,view_product,organic
3567,104,2026-03-03,view_product,email
3568,845,2026-05-27,view_product,email
3569,204,2026-03-08,view_product,paid_search
3570,520,2026-05-25,checkout,email
3571,975,2026-05-28,checkout,social
3572,282,2026-03-10,view_product,social
3573,908,2026-03-29,view_product,email
3574,43,2026-04-09,view_product,paid_search
3575,947,2026-05-04,add_to_cart,email
3576,110,2026-03-21,purchase,paid_search
3577,987,2026-03-24,view_product,paid_search
3578,210,2026-05-12,add_to_cart,social
3579,749,2026-04-29,checkout,social
3580,868,2026-03-26,view_product,organic
3581,831,2026-03-09,view_product,paid_search
3582,49,2026-03-20,view_product,email
3583,115,2026-04-25,view_product,paid_search
3584,155,2026-04-05,view_product,social
3585,649,2026-04-05,add_to_cart,paid_search
3586,503,2026-05-12,view_product,organic
3587,679,2026-03-22,view_product,email
3588,833,2026-03-01,checkout,paid_search
3589,711,2026-05-08,view_product,email
3590,986,2026-05-12,view_product,email
3591,71,2026-04-06,view_product,social
3592,519,2026-05-22,view_product,paid_search
3593,712,2026-05-11,view_product,email
3594,336,2026-03-13,checkout,social
3595,67,2026-05-23,view_product,organic
3596,493,2026-04-12,add_to_cart,organic
3597,650,2026-04-06,view_product,paid_search
3598,754,2026-05-13,purchase,email
3599,967,2026-03-25,add_to_cart,paid_search
3600,213,2026-05-27,checkout,email
3601,181,2026-03-21,view_product,social
3602,766,2026-04-10,checkout,organic
3603,613,2026-05-12,checkout,organic
3604,863,2026-04-11,add_to_cart,organic
3605,599,2026-04-11,view_product,organic
3606,697,2026-03-02,view_product,paid_search
3607,603,2026-05-07,view_product,email
3608,248,2026-03-08,view_product,paid_search
3609,214,2026-04-30,add_to_cart,social
3610,359,2026-03-14,add_to_cart,organic
3611,249,2026-05-16,view_product,email
3612,638,2026-03-21,view_product,paid_search
3613,923,2026-03-24,view_product,email
3614,950,2026-04-19,view_product,paid_search
3615,881,2026-05-21,view_product,email
3616,516,2026-04-14,add_to_cart,email
3617,88,2026-05-03,view_product,organic
3618,663,2026-05-03,add_to_cart,paid_search
3619,176,2026-03-26,view_product,social
3620,723,2026-04-01,checkout,email
3621,426,2026-04-26,view_product,social
3622,771,2026-04-22,view_product,organic
3623,603,2026-04-02,view_product,social
3624,771,2026-04-21,view_product,email
3625,924,2026-03-18,view_product,email
3626,703,2026-04-04,add_to_cart,email
3627,81,2026-03-12,view_product,paid_search
3628,927,2026-04-20,view_product,social
3629,138,2026-05-28,add_to_cart,paid_search
3630,433,2026-03-10,view_product,email
3631,470,2026-04-21,view_product,email
3632,350,2026-04-03,checkout,organic
3633,126,2026-05-06,view_product,organic
3634,881,2026-04-08,add_to_cart,email
3635,917,2026-03-08,add_to_cart,paid_search
3636,868,2026-03-29,checkout,paid_search
3637,309,2026-03-22,add_to_cart,email
3638,855,2026-05-23,view_product,social
3639,230,2026-05-09,view_product,paid_search
3640,460,2026-04-30,purchase,email
3641,345,2026-04-12,view_product,organic
3642,310,2026-04-18,add_to_cart,email
3643,953,2026-03-29,checkout,paid_search
3644,20,2026-05-20,add_to_cart,email
3645,881,2026-03-31,view_product,social
3646,561,2026-04-22,view_product,social
3647,647,2026-04-03,view_product,paid_search
3648,541,2026-04-07,view_product,email
3649,560,2026-04-26,purchase,social
3650,477,2026-03-04,add_to_cart,social
3651,269,2026-03-02,add_to_cart,organic
3652,3,2026-03-12,view_product,paid_search
3653,770,2026-04-04,view_product,organic
3654,16,2026-05-09,view_product,organic
3655,606,2026-05-11,view_product,social
3656,358,2026-03-21,view_product,email
3657,646,2026-04-30,view_product,organic
3658,813,2026-04-04,view_product,paid_search
3659,839,2026-04-17,view_product,paid_search
3660,133,2026-03-15,purchase,email
3661,312,2026-05-10,view_product,paid_search
3662,967,2026-03-15,add_to_cart,organic
3663,482,2026-03-06,view_product,email
3664,895,2026-05-20,view_product,paid_search
3665,544,2026-05-07,view_product,paid_search
3666,305,2026-03-22,add_to_cart,organic
3667,269,2026-04-01,view_product,organic
3668,414,2026-03-22,view_product,organic
3669,25,2026-03-27,checkout,organic
3670,981,2026-03-15,view_product,email
3671,316,2026-04-13,view_product,email
3672,571,2026-05-25,view_product,email
3673,725,2026-03-09,view_product,social
3674,668,2026-04-03,add_to_cart,organic
3675,826,2026-05-12,add_to_cart,organic
3676,276,2026-03-15,view_product,email
3677,930,2026-05-01,view_product,paid_search
3678,389,2026-04-14,add_to_cart,paid_search
3679,722,2026-05-23,view_product,organic
3680,444,2026-05-11,checkout,organic
3681,999,2026-04-27,view_product,email
3682,427,2026-03-19,add_to_cart,organic
3683,57,2026-03-16,purchase,paid_search
3684,697,2026-05-14,add_to_cart,paid_search
3685,971,2026-03-08,view_product,organic
3686,566,2026-04-02,add_to_cart,email
3687,721,2026-05-13,view_product,email
3688,368,2026-03-18,add_to_cart,paid_search
3689,941,2026-04-04,view_product,email
3690,342,2026-04-12,add_to_cart,paid_search
3691,805,2026-04-19,view_product,organic
3692,852,2026-03-03,view_product,paid_search
3693,304,2026-04-28,add_to_cart,organic
3694,764,2026-03-28,view_product,email
3695,374,2026-04-15,add_to_cart,social
3696,950,2026-05-03,checkout,social
3697,816,2026-05-09,purchase,social
3698,112,2026-04-16,add_to_cart,paid_search
3699,878,2026-03-14,view_product,social
3700,6,2026-03-07,view_product,paid_search
3701,930,2026-05-13,view_product,email
3702,703,2026-05-18,view_product,organic
3703,846,2026-03-31,view_product,social
3704,944,2026-05-20,add_to_cart,paid_search
3705,279,2026-04-20,view_product,email
3706,382,2026-03-29,view_product,email
3707,852,2026-03-15,add_to_cart,social
3708,13,2026-05-29,view_product,email
3709,303,2026-05-15,view_product,email
3710,556,2026-03-25,view_product,email
3711,617,2026-04-30,add_to_cart,paid_search
3712,160,2026-04-10,add_to_cart,email
3713,154,2026-05-08,add_to_cart,email
3714,754,2026-03-04,view_product,email
3715,181,2026-04-26,add_to_cart,email
3716,526,2026-03-31,add_to_cart,email
3717,180,2026-03-03,view_product,paid_search
3718,377,2026-05-06,view_product,email
3719,804,2026-05-29,add_to_cart,email
3720,776,2026-04-19,view_product,organic
3721,168,2026-03-17,add_to_cart,email
3722,214,2026-04-29,view_product,email
3723,150,2026-05-13,view_product,paid_search
3724,16,2026-05-05,view_product,email
3725,91,2026-05-27,view_product,paid_search
3726,120,2026-05-14,view_product,social
3727,956,2026-03-24,checkout,email
3728,253,2026-05-26,checkout,organic
3729,60,2026-04-01,add_to_cart,paid_search
3730,266,2026-05-26,add_to_cart,social
3731,409,2026-03-19,view_product,organic
3732,31,2026-05-05,add_to_cart,paid_search
3733,21,2026-04-29,view_product,social
3734,731,2026-05-05,view_product,organic
3735,593,2026-03-15,view_product,email
3736,289,2026-05-24,view_product,organic
3737,543,2026-04-04,view_product,organic
3738,498,2026-05-08,view_product,organic
3739,746,2026-03-27,view_product,paid_search
3740,474,2026-05-27,add_to_cart,email
3741,405,2026-03-07,view_product,email
3742,548,2026-03-06,view_product,paid_search
3743,961,2026-04-02,checkout,organic
3744,132,2026-04-27,view_product,email
3745,324,2026-04-18,checkout,organic
3746,858,2026-03-17,add_to_cart,email
3747,132,2026-04-11,view_product,paid_search
3748,521,2026-05-11,view_product,social
3749,30,2026-04-09,view_product,organic
3750,627,2026-04-15,view_product,email
3751,301,2026-05-10,view_product,email
3752,4,2026-05-09,view_product,email
3753,325,2026-05-07,view_product,paid_search
3754,509,2026-03-01,add_to_cart,paid_search
3755,237,2026-05-18,view_product,social
3756,535,2026-05-28,add_to_cart,paid_search
3757,16,2026-04-21,view_product,organic
3758,534,2026-04-04,add_to_cart,paid_search
3759,997,2026-05-08,view_product,email
3760,584,2026-03-05,add_to_cart,organic
3761,816,2026-03-17,view_product,paid_search
3762,446,2026-04-22,add_to_cart,organic
3763,993,2026-04-21,view_product,organic
3764,503,2026-03-14,view_product,paid_search
3765,956,2026-03-29,view_product,organic
3766,230,2026-03-08,view_product,email
3767,107,2026-03-01,view_product,email
3768,720,2026-03-29,view_product,paid_search
3769,389,2026-04-05,view_product,paid_search
3770,720,2026-04-20,view_product,email
3771,263,2026-04-06,add_to_cart,paid_search
3772,563,2026-05-08,purchase,email
3773,65,2026-04-22,view_product,organic
3774,265,2026-04-21,add_to_cart,paid_search
3775,338,2026-05-27,view_product,social
3776,301,2026-05-22,view_product,email
3777,378,2026-03-12,view_product,email
3778,175,2026-04-21,view_product,organic
3779,963,2026-03-01,checkout,social
3780,152,2026-03-07,view_product,social
3781,476,2026-03-17,add_to_cart,social
3782,266,2026-04-12,view_product,email
3783,329,2026-05-10,view_product,email
3784,973,2026-03-17,view_product,social
3785,816,2026-04-28,add_to_cart,paid_search
3786,163,2026-03-03,view_product,social
3787,438,2026-03-29,view_product,organic
3788,343,2026-03-22,view_product,social
3789,367,2026-04-07,purchase,social
3790,465,2026-04-23,view_product,social
3791,750,2026-04-19,add_to_cart,paid_search
3792,199,2026-05-08,view_product,social
3793,500,2026-03-30,view_product,social
3794,16,2026-03-23,checkout,email
3795,821,2026-05-24,add_to_cart,social
3796,296,2026-05-29,view_product,organic
3797,868,2026-04-16,view_product,email
3798,511,2026-03-21,view_product,paid_search
3799,788,2026-03-20,add_to_cart,email
3800,984,2026-03-23,view_product,paid_search
3801,239,2026-05-07,add_to_cart,paid_search
3802,581,2026-03-21,view_product,organic
3803,301,2026-03-21,view_product,social
3804,6,2026-03-01,checkout,organic
3805,220,2026-03-15,purchase,email
3806,766,2026-03-17,view_product,paid_search
3807,453,2026-04-20,checkout,email
3808,433,2026-05-02,add_to_cart,paid_search
3809,807,2026-03-14,add_to_cart,email
3810,870,2026-04-28,purchase,paid_search
3811,386,2026-05-22,view_product,organic
3812,619,2026-04-19,add_to_cart,paid_search
3813,295,2026-04-03,checkout,social
3814,118,2026-03-06,view_product,organic
3815,405,2026-04-18,view_product,social
3816,680,2026-03-06,view_product,email
3817,997,2026-05-08,add_to_cart,email
3818,763,2026-03-07,add_to_cart,paid_search
3819,594,2026-05-16,view_product,paid_search
3820,566,2026-04-20,view_product,email
3821,752,2026-03-01,view_product,organic
3822,878,2026-03-13,view_product,social
3823,12,2026-04-12,view_product,email
3824,209,2026-03-27,view_product,organic
3825,165,2026-05-10,add_to_cart,social
3826,878,2026-03-03,view_product,paid_search
3827,294,2026-04-27,purchase,organic
3828,911,2026-05-28,view_product,organic
3829,519,2026-03-17,purchase,email
3830,78,2026-04-14,view_product,social
3831,434,2026-05-17,add_to_cart,email
3832,577,2026-04-27,view_product,paid_search
3833,614,2026-04-25,view_product,paid_search
3834,963,2026-04-23,view_product,social
3835,869,2026-05-26,view_product,social
3836,812,2026-05-27,add_to_cart,social
3837,799,2026-03-29,view_product,email
3838,683,2026-04-23,purchase,social
3839,77,2026-03-27,view_product,social
3840,48,2026-04-14,purchase,email
3841,767,2026-05-26,view_product,paid_search
3842,82,2026-03-31,view_product,paid_search
3843,895,2026-04-05,view_product,organic
3844,721,2026-05-20,checkout,paid_search
3845,209,2026-04-30,view_product,social
3846,445,2026-04-06,view_product,paid_search
3847,971,2026-05-06,view_product,email
3848,596,2026-04-05,view_product,paid_search
3849,522,2026-03-05,add_to_cart,paid_search
3850,29,2026-04-15,view_product,organic
3851,304,2026-05-18,add_to_cart,organic
3852,994,2026-04-21,add_to_cart,social
3853,465,2026-04-18,checkout,email
3854,502,2026-03-06,view_product,social
3855,446,2026-03-10,view_product,email
3856,628,2026-03-23,purchase,email
3857,490,2026-03-17,view_product,organic
3858,781,2026-05-23,view_product,paid_search
3859,428,2026-04-13,checkout,paid_search
3860,559,2026-04-10,view_product,organic
3861,359,2026-03-15,view_product,social
3862,960,2026-04-13,view_product,paid_search
3863,91,2026-04-27,view_product,social
3864,53,2026-05-25,view_product,paid_search
3865,730,2026-04-19,view_product,social
3866,860,2026-04-21,view_product,email
3867,589,2026-05-09,checkout,email
3868,204,2026-05-07,add_to_cart,paid_search
3869,556,2026-05-02,add_to_cart,social
3870,156,2026-04-27,view_product,social
3871,2,2026-03-23,checkout,email
3872,357,2026-04-13,checkout,social
3873,825,2026-05-22,checkout,organic
3874,569,2026-04-13,checkout,social
3875,802,2026-04-21,view_product,email
3876,983,2026-05-06,add_to_cart,organic
3877,58,2026-03-28,add_to_cart,organic
3878,254,2026-05-06,view_product,social
3879,180,2026-05-17,view_product,email
3880,493,2026-03-18,view_product,email
3881,669,2026-03-27,view_product,email
3882,35,2026-04-20,checkout,organic
3883,75,2026-04-29,add_to_cart,email
3884,944,2026-05-13,view_product,organic
3885,289,2026-04-18,view_product,organic
3886,371,2026-03-15,add_to_cart,paid_search
3887,587,2026-05-22,view_product,social
3888,329,2026-05-12,view_product,email
3889,590,2026-05-07,view_product,organic
3890,767,2026-03-15,view_product,social
3891,777,2026-04-20,view_product,organic
3892,999,2026-04-17,add_to_cart,social
3893,304,2026-05-11,view_product,organic
3894,579,2026-03-01,view_product,email
3895,221,2026-03-07,add_to_cart,paid_search
3896,979,2026-04-22,add_to_cart,paid_search
3897,164,2026-03-31,view_product,paid_search
3898,480,2026-03-18,add_to_cart,organic
3899,455,2026-03-12,purchase,social
3900,375,2026-04-17,checkout,email
3901,220,2026-03-30,add_to_cart,email
3902,684,2026-03-07,add_to_cart,organic
3903,254,2026-03-03,view_product,paid_search
3904,722,2026-05-02,add_to_cart,organic
3905,188,2026-03-06,add_to_cart,social
3906,191,2026-03-15,view_product,paid_search
3907,389,2026-05-10,view_product,organic
3908,215,2026-04-12,add_to_cart,social
3909,375,2026-05-20,purchase,paid_search
3910,86,2026-03-18,view_product,email
3911,474,2026-03-22,view_product,social
3912,618,2026-04-30,add_to_cart,email
3913,844,2026-04-30,view_product,social
3914,808,2026-04-22,add_to_cart,paid_search
3915,531,2026-03-26,view_product,organic
3916,47,2026-04-09,view_product,organic
3917,65,2026-05-27,add_to_cart,organic
3918,963,2026-03-08,view_product,organic
3919,475,2026-03-21,view_product,social
3920,146,2026-04-12,view_product,organic
3921,946,2026-03-21,view_product,organic
3922,798,2026-03-03,add_to_cart,social
3923,382,2026-03-31,view_product,social
3924,66,2026-03-27,view_product,paid_search
3925,517,2026-03-27,view_product,social
3926,93,2026-05-12,view_product,email
3927,865,2026-04-26,add_to_cart,paid_search
3928,426,2026-04-02,view_product,paid_search
3929,468,2026-05-29,checkout,organic
3930,94,2026-04-13,view_product,organic
3931,618,2026-04-12,view_product,email
3932,133,2026-03-31,add_to_cart,organic
3933,434,2026-05-04,checkout,social
3934,341,2026-05-23,purchase,social
3935,314,2026-05-15,view_product,organic
3936,591,2026-03-17,view_product,organic
3937,212,2026-03-15,checkout,social
3938,520,2026-04-03,view_product,paid_search
3939,159,2026-05-19,checkout,email
3940,268,2026-03-04,add_to_cart,email
3941,661,2026-05-11,checkout,paid_search
3942,862,2026-05-28,checkout,email
3943,958,2026-05-18,view_product,organic
3944,603,2026-03-28,add_to_cart,organic
3945,748,2026-05-12,view_product,organic
3946,474,2026-03-02,view_product,email
3947,801,2026-03-17,view_product,paid_search
3948,410,2026-04-27,view_product,organic
3949,474,2026-05-13,add_to_cart,paid_search
3950,356,2026-03-09,purchase,social
3951,680,2026-03-31,add_to_cart,social
3952,193,2026-05-05,view_product,social
3953,699,2026-05-27,checkout,email
3954,271,2026-05-01,checkout,email
3955,114,2026-03-19,add_to_cart,organic
3956,897,2026-05-20,add_to_cart,social
3957,523,2026-05-13,checkout,paid_search
3958,55,2026-04-24,view_product,email
3959,770,2026-03-28,purchase,paid_search
3960,65,2026-04-19,purchase,paid_search
3961,991,2026-05-04,checkout,organic
3962,684,2026-03-03,view_product,organic
3963,272,2026-05-18,checkout,paid_search
3964,502,2026-04-21,view_product,paid_search
3965,662,2026-03-10,add_to_cart,paid_search
3966,362,2026-03-21,checkout,paid_search
3967,146,2026-04-06,view_product,social
3968,943,2026-03-15,view_product,paid_search
3969,209,2026-05-26,checkout,email
3970,286,2026-05-17,checkout,organic
3971,10,2026-05-18,checkout,email
3972,739,2026-05-13,view_product,organic
3973,186,2026-03-09,add_to_cart,organic
3974,574,2026-04-13,view_product,organic
3975,597,2026-04-08,add_to_cart,email
3976,464,2026-03-05,view_product,organic
3977,134,2026-03-25,add_to_cart,paid_search
3978,835,2026-04-25,view_product,paid_search
3979,809,2026-05-29,purchase,social
3980,171,2026-05-03,add_to_cart,social
3981,213,2026-05-11,add_to_cart,social
3982,973,2026-05-25,view_product,paid_search
3983,530,2026-04-21,add_to_cart,email
3984,826,2026-05-28,view_product,social
3985,502,2026-05-15,view_product,paid_search
3986,572,2026-03-09,add_to_cart,organic
3987,600,2026-03-10,checkout,email
3988,27,2026-03-10,view_product,email
3989,68,2026-05-12,view_product,paid_search
3990,790,2026-05-01,add_to_cart,paid_search
3991,408,2026-05-29,checkout,organic
3992,552,2026-04-29,view_product,organic
3993,109,2026-03-19,purchase,organic
3994,74,2026-04-07,purchase,email
3995,578,2026-03-06,view_product,email
3996,680,2026-03-15,view_product,social
3997,262,2026-04-16,add_to_cart,social
3998,368,2026-04-14,purchase,social
3999,786,2026-03-05,add_to_cart,email
4000,849,2026-05-17,view_product,organic
4001,870,2026-04-22,view_product,social
4002,237,2026-05-05,view_product,organic
4003,727,2026-05-01,add_to_cart,organic
4004,366,2026-03-23,view_product,organic
4005,286,2026-04-13,view_product,social
4006,378,2026-04-21,view_product,social
4007,661,2026-04-15,view_product,organic
4008,830,2026-03-19,view_product,social
4009,906,2026-05-27,view_product,paid_search
4010,376,2026-05-23,checkout,social
4011,619,2026-04-16,view_product,organic
4012,653,2026-04-21,add_to_cart,organic
4013,76,2026-03-24,view_product,email
4014,9,2026-03-17,view_product,email
4015,196,2026-05-28,view_product,organic
4016,807,2026-04-15,view_product,paid_search
4017,792,2026-05-03,view_product,email
4018,893,2026-03-28,checkout,organic
4019,630,2026-04-19,view_product,email
4020,290,2026-05-03,view_product,email
4021,999,2026-03-28,checkout,organic
4022,61,2026-05-25,view_product,social
4023,937,2026-04-25,add_to_cart,paid_search
4024,389,2026-04-28,view_product,social
4025,847,2026-03-05,view_product,organic
4026,818,2026-04-23,add_to_cart,organic
4027,900,2026-04-13,purchase,paid_search
4028,563,2026-04-11,view_product,organic
4029,564,2026-05-11,view_product,email
4030,634,2026-04-26,view_product,paid_search
4031,679,2026-04-16,view_product,social
4032,8,2026-05-15,checkout,paid_search
4033,369,2026-03-25,view_product,social
4034,45,2026-04-13,checkout,organic
4035,344,2026-03-15,view_product,social
4036,757,2026-04-20,checkout,social
4037,796,2026-04-22,view_product,social
4038,375,2026-04-03,checkout,paid_search
4039,619,2026-05-16,view_product,email
4040,27,2026-03-08,add_to_cart,social
4041,193,2026-05-16,add_to_cart,paid_search
4042,930,2026-05-09,view_product,paid_search
4043,849,2026-03-21,checkout,email
4044,357,2026-03-07,add_to_cart,paid_search
4045,62,2026-05-29,checkout,organic
4046,62,2026-05-18,view_product,organic
4047,422,2026-04-25,add_to_cart,organic
4048,794,2026-04-18,checkout,email
4049,633,2026-04-11,view_product,paid_search
4050,792,2026-03-23,view_product,organic
4051,551,2026-04-21,purchase,social
4052,380,2026-05-18,view_product,paid_search
4053,277,2026-04-22,view_product,organic
4054,606,2026-03-16,view_product,paid_search
4055,431,2026-04-06,checkout,organic
4056,115,2026-03-18,purchase,social
4057,688,2026-03-20,purchase,paid_search
4058,121,2026-04-15,add_to_cart,organic
4059,525,2026-03-02,view_product,organic
4060,997,2026-05-26,view_product,social
4061,899,2026-05-02,view_product,social
4062,416,2026-03-03,view_product,organic
4063,163,2026-04-15,view_product,organic
4064,787,2026-04-18,checkout,email
4065,910,2026-03-01,checkout,email
4066,688,2026-03-22,add_to_cart,paid_search
4067,982,2026-03-14,purchase,paid_search
4068,337,2026-05-24,purchase,email
4069,379,2026-04-14,add_to_cart,organic
4070,324,2026-03-06,view_product,social
4071,173,2026-05-04,view_product,paid_search
4072,1000,2026-03-21,view_product,organic
4073,787,2026-03-04,view_product,social
4074,64,2026-03-03,view_product,social
4075,101,2026-03-30,purchase,organic
4076,322,2026-03-31,view_product,organic
4077,975,2026-04-03,view_product,paid_search
4078,66,2026-05-22,add_to_cart,email
4079,843,2026-03-20,add_to_cart,organic
4080,557,2026-05-26,view_product,email
4081,599,2026-04-23,view_product,paid_search
4082,458,2026-03-25,purchase,email
4083,579,2026-03-15,view_product,email
4084,453,2026-04-07,checkout,social
4085,259,2026-03-23,view_product,paid_search
4086,934,2026-04-21,view_product,organic
4087,717,2026-05-05,view_product,email
4088,426,2026-04-26,add_to_cart,paid_search
4089,979,2026-04-26,checkout,social
4090,936,2026-05-18,view_product,social
4091,178,2026-04-21,view_product,email
4092,931,2026-04-04,view_product,email
4093,280,2026-05-13,add_to_cart,organic
4094,344,2026-03-14,view_product,paid_search
4095,17,2026-03-14,view_product,organic
4096,296,2026-04-02,view_product,organic
4097,202,2026-04-21,view_product,social
4098,962,2026-03-01,checkout,paid_search
4099,684,2026-04-03,add_to_cart,organic
4100,919,2026-03-19,view_product,social
4101,774,2026-03-24,view_product,email
4102,194,2026-03-04,view_product,organic
4103,149,2026-04-05,view_product,email
4104,375,2026-05-16,add_to_cart,paid_search
4105,888,2026-04-27,view_product,organic
4106,35,2026-04-01,view_product,email
4107,369,2026-03-09,view_product,email
4108,29,2026-05-19,add_to_cart,paid_search
4109,775,2026-05-06,add_to_cart,social
4110,221,2026-03-20,checkout,social
4111,53,2026-05-13,add_to_cart,organic
4112,933,2026-05-01,add_to_cart,email
4113,791,2026-04-27,add_to_cart,social
4114,353,2026-03-22,view_product,organic
4115,392,2026-05-06,view_product,email
4116,76,2026-05-14,checkout,organic
4117,494,2026-05-28,purchase,paid_search
4118,688,2026-04-17,add_to_cart,organic
4119,522,2026-03-08,add_to_cart,paid_search
4120,975,2026-05-12,view_product,email
4121,117,2026-03-15,view_product,email
4122,280,2026-04-01,purchase,email
4123,730,2026-04-22,checkout,organic
4124,175,2026-05-06,view_product,email
4125,746,2026-03-04,view_product,email
4126,949,2026-03-30,view_product,paid_search
4127,764,2026-03-13,view_product,email
4128,295,2026-03-21,view_product,email
4129,451,2026-04-10,add_to_cart,email
4130,834,2026-03-19,view_product,social
4131,518,2026-04-17,add_to_cart,email
4132,21,2026-05-25,add_to_cart,organic
4133,73,2026-05-02,checkout,paid_search
4134,842,2026-03-20,checkout,email
4135,36,2026-05-03,add_to_cart,organic
4136,507,2026-04-06,add_to_cart,paid_search
4137,899,2026-03-31,view_product,paid_search
4138,233,2026-05-13,purchase,organic
4139,728,2026-03-18,view_product,organic
4140,982,2026-03-20,checkout,social
4141,497,2026-05-21,view_product,social
4142,206,2026-03-11,view_product,email
4143,426,2026-05-25,view_product,social
4144,941,2026-04-13,add_to_cart,organic
4145,44,2026-05-21,view_product,social
4146,91,2026-05-03,add_to_cart,paid_search
4147,929,2026-04-03,checkout,organic
4148,828,2026-05-26,view_product,email
4149,470,2026-05-04,add_to_cart,paid_search
4150,605,2026-04-24,view_product,paid_search
4151,467,2026-05-13,view_product,paid_search
4152,851,2026-03-01,add_to_cart,organic
4153,454,2026-04-07,view_product,organic
4154,595,2026-03-09,purchase,email
4155,333,2026-05-10,add_to_cart,social
4156,507,2026-03-17,checkout,social
4157,794,2026-04-21,add_to_cart,social
4158,470,2026-03-18,checkout,social
4159,21,2026-05-02,view_product,paid_search
4160,228,2026-04-02,view_product,organic
4161,376,2026-03-04,view_product,social
4162,130,2026-05-26,checkout,paid_search
4163,687,2026-05-14,view_product,organic
4164,620,2026-04-21,purchase,organic
4165,414,2026-03-09,view_product,organic
4166,795,2026-05-03,view_product,paid_search
4167,71,2026-03-30,view_product,social
4168,404,2026-03-08,add_to_cart,organic
4169,562,2026-03-05,checkout,paid_search
4170,607,2026-05-15,view_product,organic
4171,791,2026-05-02,add_to_cart,email
4172,397,2026-03-01,view_product,email
4173,337,2026-03-15,add_to_cart,paid_search
4174,644,2026-05-28,view_product,social
4175,505,2026-05-21,view_product,social
4176,910,2026-04-07,add_to_cart,organic
4177,276,2026-04-11,add_to_cart,social
4178,892,2026-04-15,view_product,social
4179,13,2026-04-22,view_product,email
4180,3,2026-03-26,add_to_cart,paid_search
4181,986,2026-04-30,checkout,email
4182,986,2026-05-06,checkout,paid_search
4183,978,2026-04-23,checkout,organic
4184,224,2026-03-22,purchase,email
4185,974,2026-03-26,view_product,paid_search
4186,175,2026-05-22,view_product,social
4187,899,2026-04-29,view_product,paid_search
4188,385,2026-04-08,view_product,social
4189,602,2026-04-05,add_to_cart,organic
4190,920,2026-03-21,checkout,social
4191,241,2026-04-10,view_product,paid_search
4192,547,2026-04-17,view_product,email
4193,14,2026-03-26,add_to_cart,paid_search
4194,195,2026-05-02,add_to_cart,email
4195,397,2026-05-16,view_product,paid_search
4196,431,2026-04-05,add_to_cart,paid_search
4197,306,2026-03-24,view_product,organic
4198,334,2026-05-29,checkout,social
4199,725,2026-03-21,purchase,paid_search
4200,410,2026-03-18,view_product,email
4201,3,2026-03-15,view_product,social
4202,691,2026-05-18,add_to_cart,organic
4203,552,2026-03-06,view_product,social
4204,452,2026-04-12,view_product,paid_search
4205,676,2026-03-31,checkout,email
4206,819,2026-03-28,view_product,email
4207,747,2026-03-08,view_product,social
4208,769,2026-03-29,add_to_cart,email
4209,872,2026-03-21,view_product,paid_search
4210,495,2026-05-20,view_product,email
4211,417,2026-05-27,view_product,email
4212,391,2026-04-27,view_product,email
4213,373,2026-04-29,add_to_cart,paid_search
4214,628,2026-04-19,purchase,organic
4215,52,2026-03-31,checkout,email
4216,376,2026-04-16,view_product,organic
4217,395,2026-04-03,view_product,social
4218,923,2026-03-02,add_to_cart,social
4219,142,2026-05-06,add_to_cart,paid_search
4220,86,2026-05-11,checkout,paid_search
4221,464,2026-04-21,add_to_cart,paid_search
4222,46,2026-03-07,view_product,paid_search
4223,844,2026-05-15,view_product,organic
4224,238,2026-03-19,checkout,paid_search
4225,10,2026-05-29,purchase,organic
4226,664,2026-03-15,view_product,email
4227,573,2026-05-17,view_product,email
4228,530,2026-04-17,view_product,social
4229,598,2026-03-14,view_product,social
4230,649,2026-03-03,view_product,organic
4231,913,2026-04-19,purchase,paid_search
4232,742,2026-04-23,add_to_cart,social
4233,640,2026-03-06,checkout,organic
4234,616,2026-04-18,purchase,social
4235,698,2026-03-23,view_product,paid_search
4236,909,2026-05-17,add_to_cart,organic
4237,178,2026-05-17,checkout,social
4238,869,2026-03-20,add_to_cart,paid_search
4239,6,2026-05-16,add_to_cart,organic
4240,853,2026-04-29,view_product,organic
4241,307,2026-04-14,add_to_cart,organic
4242,548,2026-04-30,view_product,email
4243,327,2026-04-25,view_product,organic
4244,356,2026-03-02,view_product,social
4245,793,2026-04-14,view_product,organic
4246,395,2026-04-09,view_product,organic
4247,300,2026-03-24,view_product,organic
4248,526,2026-03-29,view_product,organic
4249,749,2026-05-06,view_product,organic
4250,285,2026-05-07,view_product,email
4251,330,2026-05-05,add_to_cart,paid_search
4252,50,2026-05-23,add_to_cart,email
4253,773,2026-04-23,add_to_cart,social
4254,968,2026-04-22,purchase,paid_search
4255,622,2026-05-18,view_product,social
4256,709,2026-04-18,view_product,organic
4257,378,2026-04-01,view_product,social
4258,764,2026-04-30,checkout,email
4259,600,2026-04-11,add_to_cart,email
4260,1000,2026-03-01,view_product,organic
4261,825,2026-05-02,view_product,organic
4262,538,2026-04-04,add_to_cart,paid_search
4263,774,2026-04-20,view_product,email
4264,144,2026-05-10,view_product,email
4265,60,2026-04-14,purchase,paid_search
4266,868,2026-05-16,add_to_cart,email
4267,780,2026-05-04,purchase,paid_search
4268,75,2026-03-14,view_product,email
4269,3,2026-03-03,add_to_cart,social
4270,575,2026-03-24,checkout,social
4271,748,2026-05-04,add_to_cart,paid_search
4272,448,2026-04-17,add_to_cart,paid_search
4273,958,2026-03-10,add_to_cart,organic
4274,741,2026-03-13,checkout,email
4275,902,2026-05-12,view_product,social
4276,275,2026-03-14,view_product,organic
4277,530,2026-03-10,view_product,email
4278,592,2026-04-09,checkout,social
4279,215,2026-03-23,purchase,email
4280,683,2026-04-24,view_product,paid_search
4281,485,2026-05-02,view_product,social
4282,329,2026-05-10,purchase,social
4283,255,2026-04-11,view_product,organic
4284,387,2026-05-05,view_product,email
4285,126,2026-05-18,view_product,paid_search
4286,767,2026-05-12,view_product,paid_search
4287,584,2026-04-16,add_to_cart,email
4288,550,2026-05-20,view_product,email
4289,324,2026-04-21,view_product,paid_search
4290,204,2026-03-18,checkout,email
4291,172,2026-05-18,view_product,organic
4292,735,2026-03-18,view_product,email
4293,217,2026-03-24,checkout,organic
4294,245,2026-03-23,add_to_cart,organic
4295,336,2026-03-12,view_product,email
4296,703,2026-03-23,view_product,social
4297,298,2026-03-21,view_product,social
4298,832,2026-05-03,add_to_cart,organic
4299,182,2026-05-29,view_product,email
4300,334,2026-05-11,view_product,organic
4301,511,2026-04-03,view_product,email
4302,383,2026-03-02,checkout,email
4303,717,2026-05-08,view_product,paid_search
4304,873,2026-03-31,view_product,social
4305,199,2026-05-07,view_product,social
4306,332,2026-05-09,view_product,paid_search
4307,165,2026-05-26,add_to_cart,paid_search
4308,242,2026-03-19,add_to_cart,paid_search
4309,900,2026-05-11,add_to_cart,organic
4310,642,2026-03-13,add_to_cart,organic
4311,227,2026-05-04,view_product,organic
4312,634,2026-03-06,add_to_cart,organic
4313,556,2026-05-10,view_product,organic
4314,451,2026-03-27,view_product,social
4315,196,2026-05-18,add_to_cart,social
4316,870,2026-04-21,checkout,email
4317,204,2026-05-26,add_to_cart,social
4318,979,2026-04-17,checkout,paid_search
4319,458,2026-05-27,purchase,social
4320,830,2026-05-18,view_product,paid_search
4321,257,2026-05-07,purchase,social
4322,529,2026-04-13,add_to_cart,organic
4323,272,2026-03-17,checkout,social
4324,9,2026-04-07,add_to_cart,email
4325,761,2026-03-10,add_to_cart,organic
4326,949,2026-04-23,add_to_cart,organic
4327,201,2026-03-06,view_product,email
4328,59,2026-03-06,purchase,social
4329,887,2026-04-21,view_product,social
4330,393,2026-03-15,view_product,email
4331,652,2026-05-07,view_product,organic
4332,119,2026-04-26,view_product,email
4333,553,2026-04-25,view_product,paid_search
4334,399,2026-03-07,view_product,paid_search
4335,834,2026-04-20,view_product,social
4336,331,2026-04-27,view_product,organic
4337,267,2026-05-03,view_product,paid_search
4338,520,2026-03-26,view_product,email
4339,695,2026-04-27,purchase,social
4340,480,2026-03-31,view_product,social
4341,134,2026-05-05,view_product,organic
4342,693,2026-03-13,view_product,paid_search
4343,916,2026-03-18,view_product,social
4344,935,2026-05-14,add_to_cart,email
4345,355,2026-03-13,view_product,paid_search
4346,584,2026-03-24,view_product,social
4347,498,2026-04-26,view_product,social
4348,625,2026-03-29,add_to_cart,paid_search
4349,107,2026-04-25,add_to_cart,paid_search
4350,290,2026-04-23,view_product,organic
4351,825,2026-03-05,view_product,email
4352,629,2026-04-04,view_product,organic
4353,632,2026-03-19,add_to_cart,organic
4354,147,2026-04-24,view_product,email
4355,327,2026-05-16,view_product,email
4356,415,2026-05-08,view_product,organic
4357,210,2026-04-13,view_product,paid_search
4358,296,2026-05-17,view_product,email
4359,398,2026-04-07,view_product,organic
4360,103,2026-05-01,view_product,paid_search
4361,636,2026-03-22,view_product,social
4362,757,2026-05-12,add_to_cart,paid_search
4363,508,2026-04-09,view_product,organic
4364,891,2026-03-26,add_to_cart,email
4365,868,2026-03-05,add_to_cart,paid_search
4366,209,2026-04-23,add_to_cart,paid_search
4367,933,2026-05-25,purchase,paid_search
4368,428,2026-04-18,view_product,email
4369,393,2026-03-03,view_product,email
4370,826,2026-04-07,add_to_cart,paid_search
4371,916,2026-03-14,add_to_cart,paid_search
4372,109,2026-04-16,view_product,organic
4373,889,2026-03-14,view_product,email
4374,348,2026-05-14,add_to_cart,paid_search
4375,50,2026-05-12,purchase,email
4376,916,2026-04-07,view_product,email
4377,105,2026-05-03,purchase,email
4378,420,2026-04-13,view_product,organic
4379,373,2026-05-09,view_product,social
4380,27,2026-05-04,view_product,email
4381,968,2026-03-25,view_product,email
4382,800,2026-03-16,add_to_cart,paid_search
4383,769,2026-03-15,view_product,email
4384,273,2026-05-20,view_product,social
4385,649,2026-03-03,view_product,email
4386,340,2026-05-06,view_product,organic
4387,301,2026-04-06,view_product,paid_search
4388,480,2026-05-20,purchase,social
4389,834,2026-04-24,view_product,organic
4390,544,2026-04-07,checkout,social
4391,557,2026-05-02,view_product,paid_search
4392,265,2026-03-01,view_product,email
4393,542,2026-05-10,view_product,paid_search
4394,596,2026-05-29,view_product,paid_search
4395,166,2026-03-19,purchase,email
4396,316,2026-04-21,add_to_cart,organic
4397,1,2026-03-30,purchase,social
4398,761,2026-04-24,checkout,organic
4399,261,2026-03-14,add_to_cart,email
4400,63,2026-03-13,add_to_cart,social
4401,483,2026-05-23,add_to_cart,email
4402,676,2026-05-29,add_to_cart,organic
4403,321,2026-03-27,view_product,paid_search
4404,846,2026-05-28,view_product,social
4405,201,2026-03-09,add_to_cart,email
4406,222,2026-04-10,view_product,social
4407,152,2026-04-17,view_product,social
4408,644,2026-03-12,checkout,organic
4409,626,2026-03-10,view_product,paid_search
4410,462,2026-03-06,add_to_cart,social
4411,217,2026-04-03,view_product,organic
4412,196,2026-04-21,add_to_cart,social
4413,793,2026-04-10,view_product,paid_search
4414,202,2026-05-22,purchase,social
4415,995,2026-03-06,purchase,paid_search
4416,647,2026-03-02,checkout,organic
4417,234,2026-03-15,view_product,organic
4418,141,2026-03-17,view_product,paid_search
4419,708,2026-03-16,purchase,paid_search
4420,498,2026-03-28,checkout,organic
4421,555,2026-05-24,checkout,paid_search
4422,57,2026-05-11,add_to_cart,paid_search
4423,932,2026-03-10,view_product,email
4424,504,2026-03-10,view_product,social
4425,142,2026-03-10,checkout,organic
4426,722,2026-05-12,add_to_cart,organic
4427,584,2026-03-28,view_product,email
4428,736,2026-03-24,view_product,paid_search
4429,539,2026-03-19,add_to_cart,paid_search
4430,640,2026-05-07,add_to_cart,paid_search
4431,106,2026-04-25,view_product,organic
4432,165,2026-05-06,view_product,email
4433,215,2026-04-11,view_product,social
4434,71,2026-03-12,view_product,email
4435,716,2026-03-18,purchase,organic
4436,665,2026-03-23,add_to_cart,social
4437,579,2026-05-23,add_to_cart,paid_search
4438,90,2026-03-06,add_to_cart,email
4439,772,2026-04-22,view_product,email
4440,874,2026-04-11,add_to_cart,organic
4441,228,2026-05-05,purchase,email
4442,79,2026-03-30,add_to_cart,social
4443,608,2026-03-09,view_product,email
4444,349,2026-04-11,add_to_cart,organic
4445,842,2026-04-03,checkout,email
4446,981,2026-04-09,view_product,social
4447,894,2026-05-27,view_product,social
4448,246,2026-03-17,checkout,organic
4449,272,2026-03-29,purchase,paid_search
4450,403,2026-04-19,view_product,organic
4451,669,2026-05-15,view_product,paid_search
4452,116,2026-04-18,view_product,social
4453,435,2026-05-12,view_product,email
4454,530,2026-04-30,purchase,email
4455,442,2026-05-22,view_product,social
4456,172,2026-04-15,view_product,organic
4457,16,2026-04-15,checkout,email
4458,961,2026-03-17,view_product,organic
4459,752,2026-05-05,add_to_cart,email
4460,898,2026-03-05,view_product,paid_search
4461,56,2026-04-23,checkout,email
4462,591,2026-03-16,purchase,paid_search
4463,103,2026-05-20,view_product,email
4464,284,2026-03-07,checkout,email
4465,705,2026-03-08,purchase,email
4466,517,2026-05-11,purchase,email
4467,618,2026-05-26,view_product,email
4468,278,2026-05-21,view_product,organic
4469,885,2026-04-07,view_product,paid_search
4470,612,2026-04-23,view_product,paid_search
4471,750,2026-05-15,view_product,email
4472,269,2026-03-15,view_product,organic
4473,833,2026-04-19,add_to_cart,organic
4474,400,2026-04-25,view_product,social
4475,503,2026-03-09,checkout,social
4476,86,2026-03-08,checkout,organic
4477,320,2026-03-19,view_product,social
4478,32,2026-04-20,view_product,paid_search
4479,336,2026-05-11,add_to_cart,organic
4480,51,2026-04-26,view_product,social
4481,79,2026-05-07,view_product,organic
4482,698,2026-03-31,checkout,social
4483,174,2026-03-03,view_product,organic
4484,948,2026-05-22,checkout,email
4485,618,2026-04-12,checkout,paid_search
4486,501,2026-03-29,view_product,social
4487,575,2026-03-10,checkout,email
4488,76,2026-03-12,view_product,organic
4489,316,2026-04-15,checkout,email
4490,833,2026-03-30,checkout,paid_search
4491,373,2026-05-21,view_product,social
4492,81,2026-05-27,add_to_cart,social
4493,873,2026-04-01,add_to_cart,organic
4494,640,2026-05-12,view_product,paid_search
4495,695,2026-04-16,purchase,email
4496,755,2026-05-27,view_product,organic
4497,697,2026-05-02,view_product,social
4498,732,2026-03-26,view_product,email
4499,71,2026-03-03,add_to_cart,organic
4500,969,2026-03-23,checkout,email
4501,854,2026-05-14,add_to_cart,email
4502,666,2026-05-13,add_to_cart,organic
4503,757,2026-04-19,add_to_cart,email
4504,652,2026-04-05,view_product,email
4505,71,2026-03-13,view_product,paid_search
4506,46,2026-03-29,view_product,paid_search
4507,47,2026-04-07,view_product,social
4508,591,2026-05-16,view_product,paid_search
4509,422,2026-05-29,purchase,organic
4510,149,2026-05-23,purchase,email
4511,910,2026-03-05,view_product,social
4512,130,2026-03-20,view_product,paid_search
4513,456,2026-05-17,view_product,email
4514,639,2026-03-14,checkout,organic
4515,877,2026-03-08,view_product,email
4516,631,2026-04-17,add_to_cart,organic
4517,966,2026-03-13,view_product,email
4518,997,2026-03-24,add_to_cart,social
4519,869,2026-05-18,view_product,social
4520,505,2026-05-04,view_product,paid_search
4521,929,2026-05-25,view_product,paid_search
4522,774,2026-04-03,view_product,email
4523,244,2026-04-20,checkout,email
4524,474,2026-03-03,view_product,paid_search
4525,382,2026-05-29,view_product,paid_search
4526,103,2026-05-17,purchase,email
4527,489,2026-04-27,view_product,email
4528,37,2026-05-11,view_product,email
4529,654,2026-04-24,checkout,social
4530,549,2026-05-19,add_to_cart,organic
4531,520,2026-04-11,view_product,organic
4532,743,2026-03-21,add_to_cart,paid_search
4533,333,2026-03-10,add_to_cart,social
4534,397,2026-04-26,view_product,email
4535,296,2026-03-25,add_to_cart,email
4536,107,2026-04-25,add_to_cart,paid_search
4537,860,2026-04-07,purchase,paid_search
4538,954,2026-05-25,purchase,social
4539,530,2026-04-30,view_product,organic
4540,825,2026-04-16,add_to_cart,organic
4541,83,2026-04-23,view_product,email
4542,934,2026-04-15,view_product,paid_search
4543,288,2026-05-07,view_product,social
4544,982,2026-03-04,add_to_cart,email
4545,706,2026-05-05,add_to_cart,organic
4546,461,2026-04-12,view_product,organic
4547,215,2026-05-01,checkout,social
4548,281,2026-05-24,add_to_cart,email
4549,732,2026-05-24,add_to_cart,social
4550,954,2026-05-24,view_product,email
4551,459,2026-03-04,add_to_cart,organic
4552,801,2026-05-04,checkout,paid_search
4553,344,2026-05-01,view_product,paid_search
4554,194,2026-05-29,view_product,organic
4555,158,2026-03-02,purchase,paid_search
4556,465,2026-03-09,add_to_cart,paid_search
4557,104,2026-04-26,view_product,email
4558,34,2026-04-14,view_product,social
4559,102,2026-03-18,add_to_cart,email
4560,639,2026-04-17,view_product,social
4561,726,2026-04-11,view_product,social
4562,325,2026-04-10,view_product,paid_search
4563,944,2026-05-14,view_product,social
4564,808,2026-05-28,add_to_cart,social
4565,691,2026-05-29,purchase,organic
4566,592,2026-04-27,view_product,social
4567,141,2026-04-11,add_to_cart,organic
4568,474,2026-04-04,view_product,email
4569,31,2026-04-07,view_product,paid_search
4570,884,2026-05-06,purchase,social
4571,935,2026-04-10,view_product,organic
4572,63,2026-04-19,view_product,email
4573,560,2026-05-25,view_product,email
4574,87,2026-05-11,add_to_cart,email
4575,304,2026-05-18,view_product,organic
4576,61,2026-04-14,view_product,organic
4577,396,2026-05-10,checkout,paid_search
4578,334,2026-03-19,view_product,social
4579,952,2026-03-17,view_product,email
4580,786,2026-05-04,view_product,paid_search
4581,411,2026-05-16,view_product,organic
4582,284,2026-04-25,view_product,paid_search
4583,466,2026-04-10,add_to_cart,email
4584,80,2026-04-11,add_to_cart,email
4585,692,2026-03-06,view_product,paid_search
4586,784,2026-05-08,view_product,email
4587,77,2026-05-14,view_product,organic
4588,954,2026-05-12,view_product,email
4589,733,2026-04-09,view_product,social
4590,905,2026-04-10,view_product,social
4591,794,2026-03-09,view_product,email
4592,540,2026-03-08,add_to_cart,paid_search
4593,361,2026-04-13,view_product,email
4594,77,2026-04-27,view_product,social
4595,509,2026-05-06,view_product,organic
4596,164,2026-03-13,view_product,social
4597,9,2026-03-19,add_to_cart,email
4598,175,2026-04-18,view_product,email
4599,462,2026-05-19,view_product,paid_search
4600,307,2026-05-21,view_product,email
4601,588,2026-05-17,view_product,email
4602,245,2026-03-30,add_to_cart,organic
4603,122,2026-05-05,purchase,organic
4604,185,2026-05-16,view_product,organic
4605,32,2026-04-28,add_to_cart,paid_search
4606,998,2026-04-22,view_product,paid_search
4607,963,2026-04-21,view_product,social
4608,762,2026-05-20,view_product,paid_search
4609,569,2026-03-31,checkout,organic
4610,310,2026-03-15,view_product,paid_search
4611,372,2026-03-20,purchase,email
4612,656,2026-03-05,view_product,paid_search
4613,830,2026-03-07,view_product,email
4614,596,2026-03-18,add_to_cart,social
4615,992,2026-04-25,purchase,email
4616,56,2026-05-14,checkout,organic
4617,791,2026-05-29,add_to_cart,social
4618,273,2026-04-14,view_product,social
4619,464,2026-03-28,view_product,social
4620,678,2026-04-19,view_product,organic
4621,456,2026-03-02,view_product,email
4622,979,2026-05-23,purchase,social
4623,670,2026-05-07,add_to_cart,organic
4624,249,2026-05-16,checkout,social
4625,698,2026-03-24,view_product,social
4626,994,2026-04-17,add_to_cart,organic
4627,78,2026-04-14,checkout,paid_search
4628,534,2026-04-27,view_product,social
4629,108,2026-04-05,view_product,paid_search
4630,273,2026-03-02,add_to_cart,social
4631,764,2026-03-18,add_to_cart,paid_search
4632,15,2026-04-18,purchase,email
4633,370,2026-03-08,view_product,paid_search
4634,304,2026-04-27,view_product,paid_search
4635,672,2026-03-15,view_product,paid_search
4636,205,2026-03-17,view_product,paid_search
4637,981,2026-03-23,add_to_cart,email
4638,113,2026-05-05,view_product,organic
4639,680,2026-05-09,purchase,paid_search
4640,865,2026-03-27,checkout,organic
4641,253,2026-04-06,view_product,social
4642,441,2026-04-18,view_product,organic
4643,186,2026-05-03,view_product,paid_search
4644,859,2026-04-03,add_to_cart,organic
4645,227,2026-03-18,view_product,email
4646,528,2026-05-03,view_product,email
4647,668,2026-05-13,view_product,paid_search
4648,354,2026-04-13,add_to_cart,organic
4649,623,2026-03-17,view_product,social
4650,1,2026-04-28,add_to_cart,email
4651,553,2026-03-13,purchase,paid_search
4652,560,2026-04-21,view_product,email
4653,927,2026-04-29,view_product,paid_search
4654,420,2026-04-11,view_product,organic
4655,620,2026-05-03,view_product,organic
4656,161,2026-05-05,view_product,organic
4657,161,2026-04-03,view_product,organic
4658,871,2026-05-26,checkout,organic
4659,128,2026-05-10,add_to_cart,paid_search
4660,722,2026-05-03,view_product,email
4661,151,2026-04-02,view_product,social
4662,444,2026-03-12,add_to_cart,email
4663,767,2026-05-15,view_product,organic
4664,471,2026-03-19,view_product,email
4665,463,2026-03-09,view_product,email
4666,730,2026-05-13,checkout,paid_search
4667,30,2026-03-17,view_product,social
4668,473,2026-04-19,add_to_cart,social
4669,557,2026-04-08,view_product,organic
4670,80,2026-04-10,add_to_cart,paid_search
4671,39,2026-03-10,add_to_cart,paid_search
4672,240,2026-03-12,checkout,paid_search
4673,557,2026-05-18,view_product,paid_search
4674,590,2026-03-15,view_product,paid_search
4675,337,2026-03-28,view_product,social
4676,908,2026-03-04,view_product,social
4677,861,2026-04-05,view_product,email
4678,800,2026-05-04,checkout,social
4679,952,2026-04-16,view_product,paid_search
4680,280,2026-05-20,add_to_cart,email
4681,116,2026-04-08,view_product,social
4682,269,2026-04-07,view_product,email
4683,916,2026-04-13,view_product,social
4684,335,2026-04-20,view_product,organic
4685,312,2026-05-24,view_product,social
4686,53,2026-03-26,add_to_cart,email
4687,68,2026-04-05,view_product,organic
4688,694,2026-05-08,add_to_cart,paid_search
4689,34,2026-03-01,add_to_cart,email
4690,796,2026-04-22,view_product,paid_search
4691,818,2026-03-06,add_to_cart,paid_search
4692,386,2026-04-06,view_product,email
4693,249,2026-03-02,view_product,paid_search
4694,111,2026-05-08,view_product,email
4695,94,2026-05-29,view_product,email
4696,410,2026-04-10,add_to_cart,social
4697,179,2026-04-20,checkout,organic
4698,47,2026-04-16,view_product,paid_search
4699,794,2026-03-13,view_product,paid_search
4700,852,2026-05-15,view_product,organic
4701,874,2026-05-08,add_to_cart,organic
4702,604,2026-05-05,view_product,organic
4703,376,2026-04-28,view_product,organic
4704,724,2026-05-07,add_to_cart,organic
4705,587,2026-04-28,view_product,social
4706,890,2026-03-10,purchase,email
4707,202,2026-03-13,view_product,organic
4708,445,2026-03-02,purchase,social
4709,919,2026-05-29,view_product,organic
4710,933,2026-03-15,view_product,organic
4711,297,2026-04-15,add_to_cart,paid_search
4712,308,2026-04-26,add_to_cart,paid_search
4713,723,2026-03-10,checkout,paid_search
4714,493,2026-03-22,view_product,paid_search
4715,338,2026-05-28,purchase,email
4716,945,2026-05-18,view_product,email
4717,923,2026-05-16,view_product,paid_search
4718,646,2026-03-08,view_product,paid_search
4719,842,2026-03-21,add_to_cart,organic
4720,66,2026-05-24,add_to_cart,organic
4721,792,2026-03-22,view_product,paid_search
4722,422,2026-04-14,view_product,paid_search
4723,540,2026-04-09,view_product,paid_search
4724,924,2026-03-22,view_product,organic
4725,629,2026-03-30,view_product,paid_search
4726,493,2026-05-01,add_to_cart,paid_search
4727,882,2026-05-12,add_to_cart,email
4728,999,2026-04-14,purchase,email
4729,962,2026-04-04,view_product,organic
4730,317,2026-05-21,view_product,email
4731,942,2026-04-11,view_product,organic
4732,837,2026-03-05,add_to_cart,social
4733,626,2026-03-27,view_product,paid_search
4734,75,2026-05-09,checkout,organic
4735,714,2026-05-01,add_to_cart,email
4736,939,2026-04-01,view_product,social
4737,59,2026-03-08,view_product,email
4738,386,2026-05-24,add_to_cart,organic
4739,15,2026-03-18,add_to_cart,social
4740,231,2026-05-17,view_product,email
4741,617,2026-03-15,view_product,social
4742,677,2026-03-26,add_to_cart,paid_search
4743,199,2026-04-22,add_to_cart,paid_search
4744,916,2026-04-13,view_product,social
4745,354,2026-04-01,view_product,email
4746,35,2026-03-28,view_product,email
4747,162,2026-04-08,purchase,email
4748,757,2026-04-01,view_product,paid_search
4749,982,2026-05-16,add_to_cart,organic
4750,799,2026-05-18,view_product,organic
4751,895,2026-03-18,view_product,social
4752,471,2026-05-09,view_product,email
4753,531,2026-03-11,view_product,social
4754,964,2026-04-01,add_to_cart,organic
4755,792,2026-03-20,add_to_cart,organic
4756,852,2026-04-09,view_product,email
4757,423,2026-03-08,view_product,social
4758,348,2026-04-04,add_to_cart,email
4759,694,2026-05-08,view_product,organic
4760,935,2026-05-17,view_product,organic
4761,913,2026-03-21,view_product,email
4762,147,2026-03-24,purchase,social
4763,374,2026-03-17,view_product,paid_search
4764,688,2026-03-18,add_to_cart,email
4765,675,2026-03-12,view_product,organic
4766,416,2026-03-16,view_product,paid_search
4767,687,2026-03-04,view_product,email
4768,494,2026-05-28,view_product,paid_search
4769,559,2026-04-03,add_to_cart,email
4770,256,2026-04-15,add_to_cart,organic
4771,960,2026-05-14,view_product,email
4772,686,2026-05-16,add_to_cart,paid_search
4773,103,2026-03-31,view_product,social
4774,121,2026-03-25,view_product,organic
4775,419,2026-05-13,checkout,organic
4776,350,2026-03-24,add_to_cart,paid_search
4777,657,2026-05-04,add_to_cart,email
4778,42,2026-03-25,view_product,email
4779,367,2026-03-28,view_product,email
4780,29,2026-04-05,view_product,organic
4781,966,2026-05-21,checkout,organic
4782,892,2026-03-06,add_to_cart,paid_search
4783,785,2026-05-05,view_product,email
4784,977,2026-05-06,checkout,email
4785,14,2026-05-11,view_product,paid_search
4786,920,2026-04-17,add_to_cart,organic
4787,953,2026-05-22,view_product,organic
4788,818,2026-05-09,view_product,social
4789,825,2026-05-17,view_product,social
4790,485,2026-05-06,view_product,email
4791,189,2026-04-17,add_to_cart,organic
4792,872,2026-05-04,add_to_cart,email
4793,295,2026-04-13,add_to_cart,organic
4794,183,2026-05-02,checkout,social
4795,864,2026-04-15,view_product,paid_search
4796,548,2026-03-19,checkout,organic
4797,882,2026-05-03,checkout,social
4798,37,2026-05-22,view_product,social
4799,14,2026-05-12,view_product,organic
4800,923,2026-05-10,add_to_cart,email
4801,635,2026-04-19,view_product,organic
4802,595,2026-05-02,add_to_cart,social
4803,159,2026-04-10,view_product,organic
4804,494,2026-03-07,view_product,paid_search
4805,329,2026-03-09,view_product,email
4806,614,2026-03-04,view_product,organic
4807,849,2026-05-28,view_product,social
4808,83,2026-04-18,view_product,social
4809,556,2026-05-15,view_product,email
4810,580,2026-03-06,checkout,organic
4811,560,2026-05-21,view_product,social
4812,569,2026-03-21,add_to_cart,email
4813,587,2026-03-15,view_product,paid_search
4814,22,2026-05-06,add_to_cart,email
4815,132,2026-05-05,checkout,organic
4816,465,2026-04-25,view_product,organic
4817,456,2026-05-07,checkout,social
4818,302,2026-04-01,view_product,paid_search
4819,955,2026-05-05,view_product,organic
4820,930,2026-03-29,checkout,social
4821,267,2026-05-05,view_product,email
4822,799,2026-04-03,view_product,email
4823,395,2026-03-27,add_to_cart,organic
4824,120,2026-04-29,add_to_cart,paid_search
4825,246,2026-04-08,add_to_cart,social
4826,568,2026-04-13,view_product,organic
4827,38,2026-05-21,purchase,social
4828,245,2026-04-05,add_to_cart,email
4829,21,2026-03-19,purchase,social
4830,110,2026-04-14,view_product,email
4831,606,2026-05-23,add_to_cart,paid_search
4832,394,2026-03-21,checkout,paid_search
4833,410,2026-03-23,view_product,email
4834,987,2026-05-28,purchase,organic
4835,648,2026-03-27,view_product,email
4836,743,2026-05-11,view_product,social
4837,8,2026-03-19,purchase,social
4838,444,2026-04-10,purchase,social
4839,328,2026-03-26,view_product,organic
4840,887,2026-03-28,view_product,paid_search
4841,290,2026-05-03,add_to_cart,paid_search
4842,763,2026-05-07,purchase,social
4843,511,2026-05-19,add_to_cart,organic
4844,912,2026-04-20,add_to_cart,social
4845,361,2026-05-13,add_to_cart,paid_search
4846,909,2026-04-17,view_product,email
4847,599,2026-03-10,purchase,social
4848,716,2026-05-12,view_product,social
4849,219,2026-04-08,add_to_cart,social
4850,406,2026-03-19,view_product,paid_search
4851,992,2026-05-03,view_product,organic
4852,753,2026-03-19,add_to_cart,email
4853,923,2026-05-15,purchase,email
4854,832,2026-05-01,add_to_cart,email
4855,770,2026-03-13,add_to_cart,social
4856,621,2026-03-25,view_product,paid_search
4857,768,2026-05-28,checkout,email
4858,993,2026-04-11,view_product,social
4859,794,2026-04-08,view_product,organic
4860,220,2026-03-30,view_product,social
4861,595,2026-03-05,add_to_cart,email
4862,107,2026-05-20,purchase,email
4863,581,2026-03-18,add_to_cart,organic
4864,609,2026-03-21,view_product,paid_search
4865,724,2026-05-25,view_product,organic
4866,286,2026-04-19,view_product,organic
4867,749,2026-03-06,view_product,email
4868,8,2026-04-19,view_product,email
4869,806,2026-05-19,add_to_cart,paid_search
4870,189,2026-05-05,purchase,email
4871,81,2026-03-01,view_product,organic
4872,108,2026-04-26,view_product,organic
4873,321,2026-03-30,checkout,paid_search
4874,579,2026-04-27,add_to_cart,email
4875,686,2026-04-21,checkout,email
4876,346,2026-04-06,view_product,organic
4877,863,2026-04-17,view_product,organic
4878,328,2026-05-26,purchase,email
4879,555,2026-03-01,view_product,social
4880,699,2026-03-19,add_to_cart,organic
4881,302,2026-04-15,view_product,organic
4882,200,2026-05-06,view_product,organic
4883,893,2026-03-02,checkout,paid_search
4884,419,2026-04-25,view_product,email
4885,39,2026-03-17,checkout,email
4886,732,2026-05-21,view_product,email
4887,307,2026-05-18,purchase,organic
4888,4,2026-03-22,view_product,email
4889,633,2026-03-27,view_product,email
4890,848,2026-04-24,view_product,email
4891,77,2026-04-01,add_to_cart,paid_search
4892,468,2026-04-29,checkout,paid_search
4893,179,2026-05-22,view_product,organic
4894,645,2026-03-28,add_to_cart,email
4895,823,2026-03-28,checkout,organic
4896,741,2026-05-13,checkout,organic
4897,276,2026-05-23,add_to_cart,organic
4898,152,2026-03-25,checkout,organic
4899,164,2026-05-24,add_to_cart,organic
4900,290,2026-05-17,view_product,organic
4901,378,2026-05-25,view_product,paid_search
4902,621,2026-03-26,purchase,social
4903,638,2026-05-14,view_product,paid_search
4904,752,2026-05-10,view_product,organic
4905,310,2026-03-17,purchase,social
4906,930,2026-05-21,view_product,social
4907,979,2026-03-07,checkout,email
4908,913,2026-04-25,checkout,organic
4909,389,2026-05-03,purchase,organic
4910,857,2026-03-20,view_product,paid_search
4911,658,2026-04-07,view_product,social
4912,764,2026-05-14,checkout,social
4913,183,2026-04-27,view_product,organic
4914,821,2026-03-16,view_product,email
4915,306,2026-04-20,add_to_cart,organic
4916,72,2026-03-27,view_product,social
4917,219,2026-04-20,purchase,email
4918,719,2026-05-14,add_to_cart,email
4919,173,2026-03-16,view_product,social
4920,653,2026-05-26,view_product,organic
4921,272,2026-04-29,view_product,organic
4922,726,2026-05-15,view_product,organic
4923,468,2026-04-09,add_to_cart,paid_search
4924,269,2026-05-06,view_product,paid_search
4925,20,2026-03-02,view_product,email
4926,578,2026-04-17,checkout,organic
4927,995,2026-04-21,add_to_cart,paid_search
4928,815,2026-03-24,view_product,email
4929,503,2026-05-23,purchase,social
4930,147,2026-05-21,view_product,social
4931,429,2026-05-17,checkout,organic
4932,165,2026-05-21,add_to_cart,social
4933,890,2026-03-02,add_to_cart,social
4934,310,2026-05-04,add_to_cart,social
4935,518,2026-03-20,view_product,email
4936,14,2026-04-03,checkout,social
4937,132,2026-04-10,checkout,social
4938,854,2026-04-10,view_product,email
4939,755,2026-05-14,view_product,paid_search
4940,439,2026-03-23,checkout,email
4941,743,2026-04-07,view_product,paid_search
4942,740,2026-04-13,checkout,email
4943,674,2026-05-06,add_to_cart,organic
4944,795,2026-05-01,add_to_cart,social
4945,263,2026-03-12,view_product,paid_search
4946,643,2026-03-30,view_product,email
4947,943,2026-05-26,view_product,paid_search
4948,225,2026-05-04,add_to_cart,paid_search
4949,258,2026-04-10,add_to_cart,social
4950,234,2026-03-20,add_to_cart,paid_search
4951,336,2026-03-06,add_to_cart,email
4952,409,2026-05-14,checkout,organic
4953,828,2026-03-04,view_product,organic
4954,975,2026-03-10,add_to_cart,social
4955,24,2026-04-20,view_product,email
4956,271,2026-04-07,view_product,email
4957,95,2026-03-01,view_product,organic
4958,142,2026-03-08,view_product,email
4959,694,2026-05-20,view_product,paid_search
4960,718,2026-05-22,view_product,social
4961,902,2026-05-02,view_product,organic
4962,974,2026-04-02,purchase,social
4963,81,2026-03-15,view_product,paid_search
4964,274,2026-03-31,add_to_cart,organic
4965,276,2026-03-21,view_product,email
4966,883,2026-03-03,view_product,email
4967,958,2026-05-05,view_product,paid_search
4968,465,2026-04-04,view_product,organic
4969,208,2026-04-10,add_to_cart,social
4970,296,2026-04-28,view_product,organic
4971,39,2026-03-16,view_product,email
4972,948,2026-04-25,view_product,organic
4973,288,2026-04-14,add_to_cart,organic
4974,124,2026-04-28,add_to_cart,email
4975,876,2026-04-19,view_product,email
4976,969,2026-05-24,view_product,social
4977,283,2026-03-12,view_product,organic
4978,878,2026-03-12,view_product,email
4979,180,2026-04-02,view_product,paid_search
4980,97,2026-05-23,add_to_cart,email
4981,191,2026-04-18,add_to_cart,social
4982,74,2026-03-21,add_to_cart,social
4983,447,2026-04-29,add_to_cart,paid_search
4984,785,2026-04-21,view_product,social
4985,497,2026-04-23,view_product,organic
4986,561,2026-04-08,view_product,social
4987,484,2026-04-18,add_to_cart,paid_search
4988,849,2026-05-03,view_product,social
4989,722,2026-05-25,purchase,paid_search
4990,116,2026-03-26,view_product,social
4991,535,2026-05-10,view_product,email
4992,98,2026-03-07,add_to_cart,paid_search
4993,328,2026-05-11,view_product,social
4994,909,2026-05-01,view_product,organic
4995,407,2026-05-29,view_product,paid_search
4996,313,2026-05-27,view_product,paid_search
4997,702,2026-03-24,checkout,social
4998,694,2026-04-09,add_to_cart,email
4999,148,2026-05-15,view_product,email
5000,342,2026-04-16,view_product,social
