order_id,user_id,experiment_group,purchase_timestamp,order_amount,order_status,status_update_timestamp
O0000001,U000003,treatment,2026-07-07 18:48:40.597357236,159.56,completed,
O0000002,U000004,control,2026-07-09 16:29:16.863456913,40.09,completed,
O0000003,U000009,control,2026-07-02 04:22:01.371431754,91.91,completed,
O0000004,U000011,control,2026-07-04 04:53:29.380142545,92.53,completed,
O0000005,U000014,control,2026-07-02 21:40:54.821325782,104.1,completed,
O0000006,U000017,treatment,2026-07-01 19:49:04.651347472,50.07,completed,
O0000007,U000018,control,2026-07-04 17:47:30.028755324,62.77,completed,
O0000008,U000020,treatment,2026-07-09 00:47:30.123540492,55.62,completed,
O0000009,U000024,treatment,2026-07-04 01:52:10.763356448,74.85,completed,
O0000010,U000026,control,2026-07-04 20:23:04.944184322,97.78,refunded,2026-07-07 20:23:04.944184322
O0000011,U000029,treatment,2026-07-10 04:00:39.608138982,40.13,completed,
O0000012,U000031,control,2026-07-09 00:20:37.776358952,57.05,completed,
O0000013,U000041,treatment,2026-07-08 04:17:02.540990680,101.0,completed,
O0000014,U000044,control,2026-07-05 02:43:26.286424498,91.09,completed,
O0000015,U000048,treatment,2026-07-02 10:22:50.470175892,59.68,completed,
O0000016,U000051,control,2026-07-11 22:15:59.056686778,117.59,completed,
O0000017,U000059,treatment,2026-07-10 05:11:10.162754864,74.09,completed,
O0000018,U000064,control,2026-07-02 17:56:18.977291474,77.84,completed,
O0000019,U000070,control,2026-07-13 10:03:16.633609904,111.02,completed,
O0000020,U000079,treatment,2026-07-01 11:05:02.196674252,121.74,completed,
O0000021,U000083,treatment,2026-07-02 03:43:35.173803666,80.97,completed,
O0000022,U000084,treatment,2026-07-06 15:46:08.227667144,120.15,completed,
O0000023,U000085,treatment,2026-07-12 18:57:53.992696702,96.1,completed,
O0000024,U000087,treatment,2026-07-13 02:52:50.314239694,44.79,completed,
O0000025,U000094,treatment,2026-07-13 14:59:16.106682272,62.64,completed,
O0000026,U000100,treatment,2026-07-01 13:44:30.628688694,42.26,completed,
O0000027,U000103,treatment,2026-07-07 15:06:50.325359744,40.43,completed,
O0000028,U000104,control,2026-07-05 18:47:01.639437600,41.16,cancelled,2026-07-10 18:47:01.639437600
O0000029,U000105,treatment,2026-07-11 23:41:03.395062886,64.35,completed,
O0000030,U000107,treatment,2026-07-02 09:52:02.548531656,132.07,completed,
O0000031,U000110,treatment,2026-07-11 06:40:14.786730928,61.83,completed,
O0000032,U000113,treatment,2026-07-13 14:02:42.203484500,131.83,refunded,2026-07-16 14:02:42.203484500
O0000033,U000116,treatment,2026-07-14 04:52:52.417802998,167.65,completed,
O0000034,U000117,treatment,2026-07-02 04:55:17.423830648,73.27,completed,
O0000035,U000118,treatment,2026-07-09 23:18:03.530855808,115.81,completed,
O0000036,U000120,treatment,2026-07-07 07:03:05.868926710,120.29,completed,
O0000037,U000125,control,2026-07-04 01:27:01.425906778,166.06,refunded,2026-07-06 01:27:01.425906778
O0000038,U000133,control,2026-07-08 19:07:54.409230894,67.67,completed,
O0000039,U000137,control,2026-07-02 23:13:31.932336362,56.39,completed,
O0000040,U000144,treatment,2026-07-06 16:16:52.453246367,72.63,completed,
O0000041,U000147,control,2026-07-14 04:09:45.438115840,50.92,completed,
O0000042,U000150,treatment,2026-07-08 08:37:47.258146443,86.54,completed,
O0000043,U000154,treatment,2026-07-06 23:29:39.037802848,75.89,completed,
O0000044,U000157,treatment,2026-07-02 07:22:49.748555190,91.93,completed,
O0000045,U000160,control,2026-07-11 12:30:16.278931116,88.18,completed,
O0000046,U000165,treatment,2026-07-04 01:21:08.726224702,124.58,completed,
O0000047,U000167,control,2026-07-14 00:24:14.435825772,52.39,cancelled,2026-07-16 00:24:14.435825772
O0000048,U000168,control,2026-07-01 07:41:40.412931904,97.96,completed,
O0000049,U000169,treatment,2026-07-12 01:11:25.435204240,220.35,completed,
O0000050,U000171,treatment,2026-07-12 04:26:47.841550192,73.18,completed,
O0000051,U000177,control,2026-07-05 22:47:34.542913230,54.77,completed,
O0000052,U000182,control,2026-07-11 01:11:26.325597790,67.84,completed,
O0000053,U000188,control,2026-07-13 15:40:57.408293246,144.34,completed,
O0000054,U000189,treatment,2026-07-06 17:51:04.140323086,59.07,cancelled,2026-07-10 17:51:04.140323086
O0000055,U000191,treatment,2026-07-04 15:37:18.821413088,77.74,completed,
O0000056,U000196,control,2026-07-12 05:19:53.313983432,70.26,completed,
O0000057,U000197,control,2026-07-09 02:24:48.592473372,125.16,completed,
O0000058,U000198,treatment,2026-07-13 15:27:12.587659088,110.34,completed,
O0000059,U000199,control,2026-07-11 10:16:17.270156114,55.09,completed,
O0000060,U000200,treatment,2026-07-11 05:53:29.945770782,110.5,cancelled,2026-07-16 05:53:29.945770782
O0000061,U000202,treatment,2026-07-06 10:56:19.542318942,94.56,completed,
O0000062,U000206,treatment,2026-07-03 00:41:07.019510112,114.05,completed,
O0000063,U000207,treatment,2026-07-14 09:39:50.735323938,72.75,completed,
O0000064,U000212,treatment,2026-07-10 09:56:12.689334852,147.97,completed,
O0000065,U000218,treatment,2026-07-04 23:54:30.758566260,76.95,completed,
O0000066,U000219,treatment,2026-07-14 16:31:30.516297032,56.18,completed,
O0000067,U000221,control,2026-07-05 23:50:08.053961245,247.82,completed,
O0000068,U000225,treatment,2026-07-09 18:09:55.331237744,119.57,completed,
O0000069,U000229,control,2026-07-14 23:56:00.575931712,82.66,completed,
O0000070,U000233,control,2026-07-13 10:53:51.977253442,51.4,completed,
O0000071,U000239,treatment,2026-07-08 21:16:39.054579658,117.33,completed,
O0000072,U000244,control,2026-07-11 12:00:37.907496288,98.42,completed,
O0000073,U000245,control,2026-07-02 07:50:00.231650484,196.83,completed,
O0000074,U000249,control,2026-07-14 08:15:01.772246074,60.81,completed,
O0000075,U000250,treatment,2026-07-05 03:40:15.888829044,88.68,completed,
O0000076,U000252,control,2026-07-05 22:47:10.722223713,69.32,completed,
O0000077,U000256,control,2026-07-04 15:16:36.701623990,112.09,completed,
O0000078,U000258,control,2026-07-10 15:38:05.111630532,176.93,completed,
O0000079,U000260,control,2026-07-09 17:26:19.631026750,108.23,completed,
O0000080,U000263,control,2026-07-06 06:53:17.180009148,75.52,completed,
O0000081,U000265,treatment,2026-07-05 19:42:41.191212730,107.99,completed,
O0000082,U000272,treatment,2026-07-02 18:52:34.991555082,77.75,completed,
O0000083,U000273,control,2026-07-03 06:53:45.217133420,85.55,completed,
O0000084,U000274,control,2026-07-09 15:22:10.837774366,130.41,cancelled,2026-07-13 15:22:10.837774366
O0000085,U000276,control,2026-07-04 16:00:33.300430151,67.42,completed,
O0000086,U000280,treatment,2026-07-04 20:05:07.861928998,79.91,completed,
O0000087,U000282,control,2026-07-04 17:03:55.406815798,54.44,completed,
O0000088,U000283,control,2026-07-06 18:58:54.167942582,82.4,completed,
O0000089,U000284,treatment,2026-07-06 09:08:00.302973198,133.34,completed,
O0000090,U000287,control,2026-07-02 06:48:02.345121124,97.41,completed,
O0000091,U000297,treatment,2026-07-14 21:22:32.346667598,58.39,completed,
O0000092,U000299,treatment,2026-07-12 09:16:44.373761914,127.11,completed,
O0000093,U000300,control,2026-07-02 07:02:12.872918330,66.58,completed,
O0000094,U000306,treatment,2026-07-02 07:10:49.550691086,86.69,completed,
O0000095,U000308,control,2026-07-06 14:35:13.067038218,126.81,completed,
O0000096,U000309,control,2026-07-08 13:18:05.275323150,52.02,completed,
O0000097,U000314,treatment,2026-07-08 13:36:34.322200568,95.45,completed,
O0000098,U000316,treatment,2026-07-01 16:47:17.482328831,52.25,completed,
O0000099,U000318,treatment,2026-07-04 00:27:50.212012240,91.46,completed,
O0000100,U000321,treatment,2026-07-11 09:19:30.800914716,73.19,completed,
O0000101,U000323,treatment,2026-07-05 02:47:04.694202568,77.41,completed,
O0000102,U000328,control,2026-07-08 14:57:47.845559338,62.35,completed,
O0000103,U000329,treatment,2026-07-06 10:27:15.268071068,83.81,completed,
O0000104,U000330,treatment,2026-07-11 17:24:41.280402748,56.35,completed,
O0000105,U000332,control,2026-07-06 07:41:34.162277406,90.43,cancelled,2026-07-11 07:41:34.162277406
O0000106,U000334,treatment,2026-07-14 07:42:03.433845578,47.63,completed,
O0000107,U000343,control,2026-07-01 17:49:13.421794276,114.01,refunded,2026-07-05 17:49:13.421794276
O0000108,U000344,control,2026-07-02 04:08:00.385860312,64.07,completed,
O0000109,U000350,treatment,2026-07-03 23:07:23.224843170,99.48,completed,
O0000110,U000354,control,2026-07-11 08:51:39.528629786,121.32,completed,
O0000111,U000361,treatment,2026-07-10 05:35:29.225392894,65.14,completed,
O0000112,U000367,control,2026-07-06 18:54:29.484755690,107.71,completed,
O0000113,U000369,control,2026-07-12 08:17:41.333230470,66.16,completed,
O0000114,U000376,control,2026-07-06 21:30:09.908341106,49.69,refunded,2026-07-08 21:30:09.908341106
O0000115,U000379,control,2026-07-08 02:57:44.949146554,93.88,completed,
O0000116,U000381,treatment,2026-07-13 07:15:00.686851950,73.65,completed,
O0000117,U000387,control,2026-07-13 19:43:56.760786532,69.3,completed,
O0000118,U000388,control,2026-07-09 05:17:49.992000864,104.68,completed,
O0000119,U000389,control,2026-07-03 00:10:57.000331368,46.32,completed,
O0000120,U000390,treatment,2026-07-13 06:35:40.844894826,49.85,completed,
O0000121,U000392,treatment,2026-07-10 07:57:56.811455474,399.04,completed,
O0000122,U000399,control,2026-07-09 09:50:25.037227486,48.26,completed,
O0000123,U000400,control,2026-07-11 08:23:34.135862464,161.06,completed,
O0000124,U000403,control,2026-07-06 20:09:39.173729290,129.02,refunded,2026-07-07 20:09:39.173729290
O0000125,U000408,treatment,2026-07-09 06:56:25.553615056,61.37,cancelled,2026-07-12 06:56:25.553615056
O0000126,U000410,control,2026-07-04 04:05:29.344980560,96.21,completed,
O0000127,U000415,control,2026-07-08 16:34:04.443639910,30.34,completed,
O0000128,U000418,treatment,2026-07-01 14:13:43.633932070,77.81,completed,
O0000129,U000419,control,2026-07-12 00:38:01.849979450,65.14,completed,
O0000130,U000428,control,2026-07-02 22:37:32.979521980,57.54,completed,
O0000131,U000432,treatment,2026-07-06 15:39:46.830504016,128.01,completed,
O0000132,U000434,treatment,2026-07-03 14:14:45.692648092,117.95,completed,
O0000133,U000445,control,2026-07-05 03:28:29.762463074,87.19,completed,
O0000134,U000459,treatment,2026-07-05 07:06:21.539959500,71.11,completed,
O0000135,U000460,treatment,2026-07-10 22:34:30.863840348,96.69,completed,
O0000136,U000463,control,2026-07-06 23:26:45.155332886,85.13,completed,
O0000137,U000464,control,2026-07-13 13:41:35.379317938,61.51,completed,
O0000138,U000466,control,2026-07-02 22:54:04.294368560,84.78,cancelled,2026-07-04 22:54:04.294368560
O0000139,U000470,treatment,2026-07-11 15:40:04.698549194,129.65,completed,
O0000140,U000474,control,2026-07-04 15:23:10.613300646,30.34,completed,
O0000141,U000476,treatment,2026-07-01 13:33:32.314005482,77.14,completed,
O0000142,U000478,treatment,2026-07-09 07:11:55.011171746,122.19,completed,
O0000143,U000485,control,2026-07-02 22:47:17.052603756,104.42,completed,
O0000144,U000486,control,2026-07-03 02:27:07.421433966,80.39,completed,
O0000145,U000488,control,2026-07-03 09:42:11.454755722,85.56,completed,
O0000146,U000489,control,2026-07-09 08:49:49.419301420,46.65,completed,
O0000147,U000495,treatment,2026-07-02 13:55:35.964376268,55.62,completed,
O0000148,U000499,control,2026-07-09 04:16:46.305112154,120.54,completed,
O0000149,U000506,control,2026-07-08 00:13:51.950946652,48.8,completed,
O0000150,U000509,treatment,2026-07-01 03:13:53.888749482,82.88,refunded,2026-07-02 03:13:53.888749482
O0000151,U000514,treatment,2026-07-13 21:50:36.454600358,159.11,completed,
O0000152,U000521,treatment,2026-07-05 13:18:43.466606028,32.28,completed,
O0000153,U000524,control,2026-07-15 00:16:36.170806700,88.81,completed,
O0000154,U000525,control,2026-07-03 18:04:33.479593808,112.71,completed,
O0000155,U000527,control,2026-07-05 23:16:39.681861390,55.51,completed,
O0000156,U000530,treatment,2026-07-13 09:38:09.647503624,65.87,completed,
O0000157,U000531,control,2026-07-05 16:40:50.272418198,55.77,completed,
O0000158,U000535,treatment,2026-07-09 22:02:17.136592034,66.83,completed,
O0000159,U000538,treatment,2026-07-05 08:54:55.771902096,74.42,refunded,2026-07-10 08:54:55.771902096
O0000160,U000544,treatment,2026-07-04 20:49:36.739973096,74.95,completed,
O0000161,U000547,treatment,2026-07-03 07:44:26.066490878,145.72,completed,
O0000162,U000550,control,2026-07-11 16:05:53.452385814,171.21,completed,
O0000163,U000557,treatment,2026-07-02 13:21:40.028643688,40.35,completed,
O0000164,U000564,treatment,2026-07-02 13:17:01.563827960,103.1,completed,
O0000165,U000566,control,2026-07-08 05:15:28.864344642,79.94,refunded,2026-07-10 05:15:28.864344642
O0000166,U000571,control,2026-07-13 01:17:57.202433428,146.71,completed,
O0000167,U000572,control,2026-07-09 22:00:53.473334788,42.59,completed,
O0000168,U000579,control,2026-07-02 12:20:43.072473746,45.84,completed,
O0000169,U000580,control,2026-07-09 00:17:10.218048132,56.09,refunded,2026-07-15 00:17:10.218048132
O0000170,U000588,treatment,2026-07-04 20:54:07.720464022,69.73,completed,
O0000171,U000591,treatment,2026-07-14 16:29:08.480499872,42.58,completed,
O0000172,U000598,control,2026-07-13 02:37:25.053559456,45.49,completed,
O0000173,U000601,treatment,2026-07-03 07:05:22.692315100,185.24,completed,
O0000174,U000613,control,2026-07-10 11:25:10.159986445,63.62,completed,
O0000175,U000615,control,2026-07-13 02:30:31.685086896,73.21,completed,
O0000176,U000616,control,2026-07-13 02:33:00.074858168,61.12,completed,
O0000177,U000617,control,2026-07-08 19:22:33.056836610,73.11,completed,
O0000178,U000619,treatment,2026-07-12 03:36:41.845978858,41.11,completed,
O0000179,U000623,treatment,2026-07-02 21:26:08.553187318,58.75,cancelled,2026-07-05 21:26:08.553187318
O0000180,U000630,control,2026-07-12 02:40:54.685243254,149.88,completed,
O0000181,U000633,control,2026-07-04 17:51:23.791000006,81.18,completed,
O0000182,U000637,treatment,2026-07-08 10:10:15.992512010,77.45,completed,
O0000183,U000640,treatment,2026-07-13 07:05:55.294078962,95.9,completed,
O0000184,U000642,control,2026-07-11 22:36:39.773381124,95.55,completed,
O0000185,U000645,treatment,2026-07-13 12:51:08.898340278,35.74,completed,
O0000186,U000646,control,2026-07-12 21:40:50.328443562,56.07,completed,
O0000187,U000649,treatment,2026-07-01 15:15:54.027537818,62.53,completed,
O0000188,U000653,control,2026-07-09 08:26:20.018357452,66.72,completed,
O0000189,U000658,treatment,2026-07-13 14:13:26.250012150,66.02,refunded,2026-07-17 14:13:26.250012150
O0000190,U000663,treatment,2026-07-09 14:15:47.863509962,95.39,completed,
O0000191,U000666,treatment,2026-07-13 07:48:40.938137410,52.02,completed,
O0000192,U000669,control,2026-07-03 14:51:25.973620066,96.61,completed,
O0000193,U000672,control,2026-07-01 06:53:37.735685612,86.28,completed,
O0000194,U000674,control,2026-07-13 16:59:39.176000852,56.44,completed,
O0000195,U000677,treatment,2026-07-02 12:48:54.468867426,98.78,completed,
O0000196,U000678,control,2026-07-11 04:37:19.459117024,264.21,completed,
O0000197,U000681,control,2026-07-08 12:14:35.885838608,80.19,completed,
O0000198,U000686,treatment,2026-07-03 12:25:05.237255182,94.91,completed,
O0000199,U000691,control,2026-07-11 19:52:50.898370520,43.45,cancelled,2026-07-17 19:52:50.898370520
O0000200,U000704,treatment,2026-07-08 12:46:25.905418526,84.02,completed,
O0000201,U000710,control,2026-07-11 18:08:19.603478448,115.57,completed,
O0000202,U000717,treatment,2026-07-03 03:20:08.599360974,74.77,completed,
O0000203,U000723,control,2026-07-12 01:45:46.007692608,95.68,completed,
O0000204,U000724,treatment,2026-07-07 10:43:33.685399596,54.79,completed,
O0000205,U000730,treatment,2026-07-03 14:22:37.457361458,65.12,completed,
O0000206,U000731,control,2026-07-06 08:13:10.480372356,101.14,completed,
O0000207,U000738,treatment,2026-07-08 06:49:26.329001514,74.44,completed,
O0000208,U000739,control,2026-07-10 13:36:32.566100028,59.16,completed,
O0000209,U000743,treatment,2026-07-11 09:21:52.189906936,51.1,completed,
O0000210,U000747,treatment,2026-07-12 08:01:56.878375740,118.61,completed,
O0000211,U000749,control,2026-07-01 15:30:20.675678902,35.62,completed,
O0000212,U000753,control,2026-07-13 13:31:34.141018640,48.48,completed,
O0000213,U000757,control,2026-07-03 12:49:25.359706986,72.02,completed,
O0000214,U000758,treatment,2026-07-01 19:03:04.641620730,101.7,completed,
O0000215,U000768,treatment,2026-07-03 07:04:52.331288042,82.69,completed,
O0000216,U000773,treatment,2026-07-14 07:40:25.650985290,48.66,completed,
O0000217,U000780,treatment,2026-07-07 05:29:49.369267038,181.66,completed,
O0000218,U000781,control,2026-07-13 21:20:39.618844194,42.65,completed,
O0000219,U000783,control,2026-07-13 21:06:57.554979344,62.03,completed,
O0000220,U000791,treatment,2026-07-02 13:09:28.497689568,49.6,completed,
O0000221,U000801,treatment,2026-07-13 20:23:38.045761530,127.31,completed,
O0000222,U000807,control,2026-07-07 11:35:07.653598988,133.8,refunded,2026-07-09 11:35:07.653598988
O0000223,U000812,control,2026-07-04 11:40:38.028187958,105.94,completed,
O0000224,U000814,control,2026-07-12 08:11:44.528655466,62.35,completed,
O0000225,U000827,treatment,2026-07-12 17:53:04.420198448,37.62,completed,
O0000226,U000828,control,2026-07-12 01:49:12.683167474,67.43,completed,
O0000227,U000832,treatment,2026-07-09 16:49:56.160939454,56.65,completed,
O0000228,U000833,control,2026-07-06 15:50:06.989688380,54.75,completed,
O0000229,U000835,control,2026-07-03 12:54:35.484164252,67.89,completed,
O0000230,U000836,treatment,2026-07-13 06:20:37.376711058,81.32,completed,
O0000231,U000838,treatment,2026-07-11 11:31:09.377203286,87.12,completed,
O0000232,U000840,control,2026-07-13 21:20:48.539811488,60.94,completed,
O0000233,U000844,treatment,2026-07-07 16:53:47.750296400,58.53,completed,
O0000234,U000849,treatment,2026-07-09 22:29:45.976560914,83.15,completed,
O0000235,U000863,treatment,2026-07-03 20:29:58.198876430,90.49,refunded,2026-07-04 20:29:58.198876430
O0000236,U000864,treatment,2026-07-13 13:06:09.927790314,74.66,completed,
O0000237,U000870,treatment,2026-07-13 11:41:12.514620707,50.19,completed,
O0000238,U000877,treatment,2026-07-08 20:01:04.170317476,80.71,completed,
O0000239,U000881,treatment,2026-07-08 08:15:24.622272750,101.98,completed,
O0000240,U000883,control,2026-07-03 07:22:21.221501526,43.97,completed,
O0000241,U000886,control,2026-07-14 15:49:34.174263528,91.86,completed,
O0000242,U000892,control,2026-07-14 06:24:55.278353442,73.94,completed,
O0000243,U000895,treatment,2026-07-01 09:50:10.277639926,67.43,completed,
O0000244,U000896,control,2026-07-03 11:07:48.705284544,167.98,completed,
O0000245,U000899,treatment,2026-07-12 14:12:52.385192688,109.63,completed,
O0000246,U000905,treatment,2026-07-10 13:00:58.766535547,45.75,completed,
O0000247,U000911,treatment,2026-07-15 00:04:15.376226202,53.51,completed,
O0000248,U000912,treatment,2026-07-02 04:40:22.460493562,61.5,completed,
O0000249,U000913,treatment,2026-07-06 11:22:45.068853480,111.71,completed,
O0000250,U000914,control,2026-07-04 21:33:01.372267628,45.65,completed,
O0000251,U000915,control,2026-07-05 17:14:51.439626840,60.52,completed,
O0000252,U000916,treatment,2026-07-06 14:18:47.462523912,68.95,completed,
O0000253,U000918,treatment,2026-07-09 18:22:30.037864663,51.65,completed,
O0000254,U000919,control,2026-07-03 19:35:14.426619682,243.62,completed,
O0000255,U000920,treatment,2026-07-09 20:58:58.942749098,139.97,completed,
O0000256,U000928,treatment,2026-07-10 23:02:28.008507210,92.47,completed,
O0000257,U000939,control,2026-07-12 05:19:42.022295528,237.64,completed,
O0000258,U000940,treatment,2026-07-12 10:07:18.209959304,44.0,completed,
O0000259,U000949,control,2026-07-11 10:41:23.512433064,94.54,completed,
O0000260,U000957,treatment,2026-07-01 02:46:14.550299154,104.56,completed,
O0000261,U000969,control,2026-07-09 04:09:41.799980831,58.34,completed,
O0000262,U000972,treatment,2026-07-14 05:36:23.888940634,47.17,completed,
O0000263,U000976,treatment,2026-07-10 09:00:57.965753536,138.58,completed,
O0000264,U000981,treatment,2026-07-02 01:30:40.756077250,233.83,completed,
O0000265,U000984,treatment,2026-07-09 21:19:54.746677094,40.16,completed,
O0000266,U000985,control,2026-07-14 09:23:22.168889236,105.1,completed,
O0000267,U000986,control,2026-07-05 16:07:48.675826924,51.58,completed,
O0000268,U000987,treatment,2026-07-07 10:33:32.938805274,73.93,completed,
O0000269,U000989,control,2026-07-14 06:10:31.889666920,62.83,completed,
O0000270,U000992,treatment,2026-07-01 15:08:21.910998457,73.67,completed,
O0000271,U000994,control,2026-07-01 13:20:28.702398354,35.44,completed,
O0000272,U001002,control,2026-07-06 04:30:12.726127448,180.92,completed,
O0000273,U001009,treatment,2026-07-03 01:25:14.846831484,67.41,completed,
O0000274,U001010,treatment,2026-07-13 13:44:36.296766238,82.66,completed,
O0000275,U001011,control,2026-07-07 00:15:37.419482946,44.15,refunded,2026-07-14 00:15:37.419482946
O0000276,U001013,treatment,2026-07-04 18:22:42.939740863,55.58,completed,
O0000277,U001018,control,2026-07-13 02:51:30.029674506,83.71,completed,
O0000278,U001021,control,2026-07-13 20:57:01.596777324,46.59,completed,
O0000279,U001028,control,2026-07-10 16:09:29.855340314,44.24,completed,
O0000280,U001035,treatment,2026-07-02 23:54:51.278450834,134.45,refunded,2026-07-08 23:54:51.278450834
O0000281,U001036,control,2026-07-13 23:04:07.155405278,154.98,completed,
O0000282,U001038,treatment,2026-07-04 05:19:52.818422638,78.86,completed,
O0000283,U001040,treatment,2026-07-08 13:05:58.119714504,105.14,completed,
O0000284,U001045,treatment,2026-07-02 22:40:13.254137300,81.76,completed,
O0000285,U001047,control,2026-07-05 16:43:20.272027238,165.93,completed,
O0000286,U001048,treatment,2026-07-12 09:47:52.629411368,72.15,completed,
O0000287,U001049,control,2026-07-11 23:29:04.748628195,41.29,completed,
O0000288,U001050,control,2026-07-02 05:21:06.990535124,114.71,completed,
O0000289,U001055,treatment,2026-07-09 02:38:59.880833632,55.58,completed,
O0000290,U001058,treatment,2026-07-01 09:07:03.314921946,86.11,completed,
O0000291,U001060,treatment,2026-07-09 11:13:37.752147738,82.69,completed,
O0000292,U001061,treatment,2026-07-09 23:11:55.763558978,103.76,completed,
O0000293,U001063,control,2026-07-02 11:18:46.511281258,181.77,refunded,2026-07-05 11:18:46.511281258
O0000294,U001065,treatment,2026-07-02 15:20:58.667307078,137.62,completed,
O0000295,U001072,control,2026-07-05 05:14:22.003971816,88.0,completed,
O0000296,U001074,treatment,2026-07-02 16:50:56.260943160,192.83,completed,
O0000297,U001076,treatment,2026-07-01 17:54:29.249795069,66.04,completed,
O0000298,U001090,control,2026-07-04 19:02:20.304355168,146.99,completed,
O0000299,U001095,treatment,2026-07-09 14:15:23.645780622,40.22,completed,
O0000300,U001100,treatment,2026-07-01 06:55:10.690510942,87.87,completed,
O0000301,U001102,control,2026-07-02 15:36:03.361566944,168.97,completed,
O0000302,U001103,treatment,2026-07-05 22:27:34.431216186,110.56,completed,
O0000303,U001107,treatment,2026-07-06 18:58:23.342901582,60.31,refunded,2026-07-09 18:58:23.342901582
O0000304,U001109,treatment,2026-07-09 05:36:45.306520460,112.98,completed,
O0000305,U001115,control,2026-07-01 17:39:05.849477954,68.04,completed,
O0000306,U001116,control,2026-07-06 15:52:49.957901802,83.43,completed,
O0000307,U001120,treatment,2026-07-03 14:47:30.053612100,61.32,completed,
O0000308,U001122,treatment,2026-07-13 14:31:48.581379738,66.64,completed,
O0000309,U001123,control,2026-07-12 16:28:49.841648832,99.52,completed,
O0000310,U001125,control,2026-07-10 01:25:31.602935972,59.16,completed,
O0000311,U001131,control,2026-07-04 07:57:12.467156490,119.5,completed,
O0000312,U001139,control,2026-07-01 18:09:55.136188934,64.94,completed,
O0000313,U001142,treatment,2026-07-14 07:23:43.845832358,120.75,completed,
O0000314,U001150,control,2026-07-13 16:16:42.161965350,76.68,completed,
O0000315,U001155,control,2026-07-03 20:18:25.564386326,81.97,completed,
O0000316,U001181,control,2026-07-08 10:21:46.918678408,82.25,completed,
O0000317,U001182,treatment,2026-07-12 12:56:05.035108370,84.62,completed,
O0000318,U001184,treatment,2026-07-11 14:30:25.634780084,104.32,completed,
O0000319,U001195,treatment,2026-07-08 15:25:55.432857288,109.09,completed,
O0000320,U001196,treatment,2026-07-06 08:35:43.122974556,85.76,completed,
O0000321,U001203,control,2026-07-05 08:07:55.157525408,42.76,completed,
O0000322,U001205,control,2026-07-12 15:39:06.852324148,90.14,completed,
O0000323,U001214,treatment,2026-07-13 21:07:18.254655924,80.94,completed,
O0000324,U001216,control,2026-07-04 00:40:42.312892560,58.54,cancelled,2026-07-09 00:40:42.312892560
O0000325,U001217,treatment,2026-07-02 00:20:47.911950538,127.32,completed,
O0000326,U001222,control,2026-07-04 06:06:43.587065956,168.81,completed,
O0000327,U001225,treatment,2026-07-09 02:04:58.235097820,57.32,completed,
O0000328,U001230,treatment,2026-07-14 20:23:17.667552408,60.89,completed,
O0000329,U001237,treatment,2026-07-03 15:18:34.994541536,61.66,cancelled,2026-07-10 15:18:34.994541536
O0000330,U001241,treatment,2026-07-03 02:41:22.347610030,56.39,completed,
O0000331,U001249,treatment,2026-07-14 11:39:22.686121126,72.71,completed,
O0000332,U001250,treatment,2026-07-03 19:20:18.119030564,62.58,completed,
O0000333,U001251,control,2026-07-12 09:13:37.489503550,36.4,completed,
O0000334,U001259,treatment,2026-07-03 21:30:58.911342280,73.39,completed,
O0000335,U001265,control,2026-07-03 04:50:51.733582858,296.63,completed,
O0000336,U001269,control,2026-07-08 03:27:57.285641382,109.98,completed,
O0000337,U001274,treatment,2026-07-02 15:26:06.071539170,62.78,completed,
O0000338,U001278,treatment,2026-07-08 05:33:01.318859520,87.24,completed,
O0000339,U001283,control,2026-07-09 20:42:09.898216772,120.52,completed,
O0000340,U001284,control,2026-07-11 04:36:16.492485806,58.66,completed,
O0000341,U001290,control,2026-07-11 21:56:24.447814018,91.43,completed,
O0000342,U001292,control,2026-07-02 23:04:59.313277559,97.91,completed,
O0000343,U001296,control,2026-07-07 07:01:00.043919932,87.26,completed,
O0000344,U001300,control,2026-07-09 22:33:49.451170232,93.73,completed,
O0000345,U001303,treatment,2026-07-01 09:34:28.433016428,82.13,refunded,2026-07-04 09:34:28.433016428
O0000346,U001306,control,2026-07-01 06:44:10.599917594,42.71,completed,
O0000347,U001311,control,2026-07-01 10:08:42.280232102,132.19,completed,
O0000348,U001313,treatment,2026-07-06 01:32:38.531076744,96.9,completed,
O0000349,U001318,treatment,2026-07-05 17:56:29.303260320,125.78,completed,
O0000350,U001319,treatment,2026-07-12 11:39:46.344107158,108.97,completed,
O0000351,U001322,control,2026-07-07 13:47:40.190766920,55.1,completed,
O0000352,U001326,treatment,2026-07-09 18:32:28.375973506,80.92,completed,
O0000353,U001330,treatment,2026-07-03 01:02:06.929939768,39.71,completed,
O0000354,U001339,control,2026-07-03 15:07:48.877867090,64.28,completed,
O0000355,U001340,control,2026-07-02 17:13:57.986903232,108.69,completed,
O0000356,U001347,control,2026-07-03 17:33:53.241096048,63.15,completed,
O0000357,U001349,control,2026-07-07 11:38:55.364983160,94.08,completed,
O0000358,U001355,treatment,2026-07-01 03:20:26.350570556,68.94,completed,
O0000359,U001356,control,2026-07-06 17:37:58.888245112,57.09,completed,
O0000360,U001358,control,2026-07-13 21:18:10.564175388,88.21,completed,
O0000361,U001363,treatment,2026-07-06 09:51:33.857114546,51.86,completed,
O0000362,U001371,treatment,2026-07-08 00:53:20.271013334,59.36,completed,
O0000363,U001372,control,2026-07-03 16:02:31.363789274,174.94,completed,
O0000364,U001374,control,2026-07-14 20:18:42.927849564,49.17,completed,
O0000365,U001378,treatment,2026-07-06 16:11:55.917780704,134.44,completed,
O0000366,U001379,control,2026-07-06 19:19:52.478156340,65.48,completed,
O0000367,U001381,treatment,2026-07-13 21:49:42.642887516,104.71,completed,
O0000368,U001382,control,2026-07-03 23:06:52.673903974,118.92,completed,
O0000369,U001386,control,2026-07-05 11:53:31.537879626,61.09,refunded,2026-07-08 11:53:31.537879626
O0000370,U001388,control,2026-07-12 05:48:15.644675664,31.25,completed,
O0000371,U001390,treatment,2026-07-06 06:59:59.931371504,138.88,completed,
O0000372,U001395,treatment,2026-07-02 14:07:12.914461444,34.48,completed,
O0000373,U001396,treatment,2026-07-10 01:13:20.563033932,48.09,completed,
O0000374,U001404,control,2026-07-03 01:26:06.225702122,203.56,completed,
O0000375,U001408,control,2026-07-03 06:53:00.940757094,166.69,completed,
O0000376,U001420,control,2026-07-10 00:04:11.992921732,79.64,completed,
O0000377,U001421,treatment,2026-07-04 11:17:11.552198910,28.31,cancelled,2026-07-11 11:17:11.552198910
O0000378,U001427,treatment,2026-07-03 08:51:07.907535750,42.71,completed,
O0000379,U001431,control,2026-07-07 12:31:39.478163080,55.53,completed,
O0000380,U001433,control,2026-07-07 09:41:51.038644360,119.73,completed,
O0000381,U001438,control,2026-07-07 12:02:00.596176326,143.27,refunded,2026-07-09 12:02:00.596176326
O0000382,U001439,control,2026-07-13 02:40:56.529642840,201.75,completed,
O0000383,U001443,control,2026-07-11 19:30:15.854857044,55.49,refunded,2026-07-12 19:30:15.854857044
O0000384,U001444,control,2026-07-08 00:30:49.631727784,106.1,completed,
O0000385,U001450,treatment,2026-07-11 17:47:22.761893832,121.8,completed,
O0000386,U001457,treatment,2026-07-01 21:56:17.079061120,91.18,completed,
O0000387,U001461,treatment,2026-07-02 17:10:54.664245702,41.3,completed,
O0000388,U001467,treatment,2026-07-03 10:06:38.007247652,73.92,completed,
O0000389,U001469,treatment,2026-07-01 21:37:34.080176646,119.86,completed,
O0000390,U001480,treatment,2026-07-06 18:46:35.264098186,52.55,refunded,2026-07-07 18:46:35.264098186
O0000391,U001490,treatment,2026-07-02 08:14:44.172275716,70.81,completed,
O0000392,U001495,control,2026-07-03 21:18:41.862743188,40.31,completed,
O0000393,U001499,control,2026-07-14 18:43:57.246236066,64.71,completed,
O0000394,U001504,treatment,2026-07-03 12:42:26.016856678,44.91,completed,
O0000395,U001505,treatment,2026-07-13 00:07:29.809332570,160.46,completed,
O0000396,U001506,control,2026-07-07 06:09:19.771685086,72.98,completed,
O0000397,U001507,control,2026-07-04 03:14:33.285266886,61.09,completed,
O0000398,U001509,treatment,2026-07-10 02:39:30.921144456,112.57,completed,
O0000399,U001513,treatment,2026-07-10 18:32:58.119521614,170.18,completed,
O0000400,U001518,control,2026-07-05 14:29:45.632774720,113.23,completed,
O0000401,U001525,control,2026-07-14 16:35:55.033640660,41.3,completed,
O0000402,U001528,control,2026-07-06 03:53:40.227833880,226.11,completed,
O0000403,U001533,treatment,2026-07-08 22:36:47.870225554,141.98,completed,
O0000404,U001536,control,2026-07-04 02:33:32.033422834,26.35,completed,
O0000405,U001539,treatment,2026-07-09 11:17:56.593908101,81.61,completed,
O0000406,U001541,control,2026-07-06 21:40:51.034226190,118.72,completed,
O0000407,U001542,control,2026-07-01 22:56:05.202953430,73.19,completed,
O0000408,U001552,control,2026-07-08 04:01:48.101863796,57.62,completed,
O0000409,U001555,treatment,2026-07-08 11:20:33.322017692,35.26,completed,
O0000410,U001557,control,2026-07-06 01:43:25.509256048,52.6,completed,
O0000411,U001560,control,2026-07-13 07:43:47.453378694,59.98,completed,
O0000412,U001561,control,2026-07-03 06:02:53.980891358,69.83,completed,
O0000413,U001567,treatment,2026-07-06 00:24:39.991591924,65.44,completed,
O0000414,U001570,treatment,2026-07-13 07:08:29.995355104,172.23,completed,
O0000415,U001575,control,2026-07-14 14:54:30.434537662,57.2,completed,
O0000416,U001581,control,2026-07-01 14:34:47.941500084,105.97,completed,
O0000417,U001583,control,2026-07-05 22:17:43.621625100,77.86,completed,
O0000418,U001584,control,2026-07-02 03:59:22.506825166,81.67,completed,
O0000419,U001585,treatment,2026-07-10 18:04:35.612384880,229.89,completed,
O0000420,U001586,treatment,2026-07-05 16:03:48.885798388,81.18,completed,
O0000421,U001588,treatment,2026-07-10 16:38:07.031712410,72.26,completed,
O0000422,U001596,treatment,2026-07-12 16:18:54.417703022,48.44,completed,
O0000423,U001598,control,2026-07-09 07:07:45.513470870,51.99,completed,
O0000424,U001599,control,2026-07-05 21:21:31.187803138,65.84,completed,
O0000425,U001604,control,2026-07-03 16:34:50.672997704,92.99,completed,
O0000426,U001616,treatment,2026-07-02 21:52:27.424929370,77.48,completed,
O0000427,U001617,treatment,2026-07-01 22:00:14.265846628,66.2,completed,
O0000428,U001621,control,2026-07-12 08:32:56.311769186,50.62,cancelled,2026-07-15 08:32:56.311769186
O0000429,U001623,control,2026-07-10 22:15:06.023698610,73.31,completed,
O0000430,U001626,control,2026-07-14 00:15:53.446230240,176.2,completed,
O0000431,U001629,control,2026-07-05 05:07:57.029633696,168.38,completed,
O0000432,U001631,treatment,2026-07-11 23:09:33.211337758,56.26,completed,
O0000433,U001636,treatment,2026-07-02 14:13:46.535230252,158.34,completed,
O0000434,U001637,control,2026-07-14 22:04:54.813927233,33.51,completed,
O0000435,U001641,control,2026-07-01 21:47:07.855037430,64.44,completed,
O0000436,U001642,control,2026-07-07 05:02:16.488924474,62.81,completed,
O0000437,U001643,control,2026-07-13 01:16:48.050425352,62.48,completed,
O0000438,U001644,control,2026-07-02 00:20:38.484528204,150.52,completed,
O0000439,U001655,control,2026-07-09 06:40:28.387729552,87.29,completed,
O0000440,U001656,control,2026-07-10 12:15:41.180087068,66.04,completed,
O0000441,U001657,control,2026-07-01 02:22:11.301407498,104.45,completed,
O0000442,U001658,control,2026-07-03 14:31:36.021993680,44.73,completed,
O0000443,U001660,control,2026-07-08 07:09:14.826336112,107.7,completed,
O0000444,U001666,control,2026-07-14 08:51:27.488170984,150.63,completed,
O0000445,U001675,control,2026-07-11 15:10:45.881873918,97.93,refunded,2026-07-14 15:10:45.881873918
O0000446,U001678,control,2026-07-12 01:55:57.532795356,80.62,completed,
O0000447,U001679,control,2026-07-01 18:40:15.166345568,56.63,completed,
O0000448,U001688,control,2026-07-08 12:07:08.014484330,63.09,completed,
O0000449,U001691,control,2026-07-11 17:29:31.742020658,85.63,completed,
O0000450,U001694,control,2026-07-14 05:44:30.052851511,133.78,completed,
O0000451,U001699,treatment,2026-07-10 23:54:46.340366288,122.83,completed,
O0000452,U001705,control,2026-07-14 22:06:05.834153588,26.84,completed,
O0000453,U001707,treatment,2026-07-04 22:46:12.407903018,57.64,completed,
O0000454,U001711,control,2026-07-07 19:21:36.664521550,75.84,completed,
O0000455,U001714,control,2026-07-13 23:32:30.795245544,125.63,completed,
O0000456,U001716,control,2026-07-02 17:49:14.278742294,116.82,completed,
O0000457,U001717,treatment,2026-07-11 05:27:24.509149692,67.25,completed,
O0000458,U001719,treatment,2026-07-02 20:59:30.529021682,170.86,completed,
O0000459,U001725,control,2026-07-13 01:23:45.760251366,85.63,completed,
O0000460,U001726,control,2026-07-02 09:35:48.022921846,155.54,completed,
O0000461,U001729,treatment,2026-07-12 21:49:21.646815262,37.12,completed,
O0000462,U001730,control,2026-07-09 07:16:23.226942998,137.97,completed,
O0000463,U001731,treatment,2026-07-12 08:16:32.907179584,124.78,completed,
O0000464,U001733,treatment,2026-07-07 07:04:08.467838423,76.18,completed,
O0000465,U001735,control,2026-07-09 07:09:45.445362908,264.12,completed,
O0000466,U001739,treatment,2026-07-09 08:10:26.083232144,42.89,completed,
O0000467,U001740,control,2026-07-14 20:35:02.685507642,202.41,completed,
O0000468,U001742,treatment,2026-07-12 05:49:14.350392064,65.38,completed,
O0000469,U001745,control,2026-07-11 21:32:54.866057966,59.15,completed,
O0000470,U001752,control,2026-07-02 11:24:21.421854746,81.44,completed,
O0000471,U001760,control,2026-07-09 15:13:00.907650812,101.8,completed,
O0000472,U001766,treatment,2026-07-02 11:56:15.464913068,60.94,completed,
O0000473,U001769,control,2026-07-07 00:33:24.710347666,90.4,completed,
O0000474,U001771,treatment,2026-07-05 20:13:14.833812422,36.69,completed,
O0000475,U001776,control,2026-07-14 10:58:46.916431624,209.71,completed,
O0000476,U001778,treatment,2026-07-03 11:58:03.231122244,196.16,completed,
O0000477,U001779,treatment,2026-07-14 10:29:44.481737908,63.01,completed,
O0000478,U001786,treatment,2026-07-07 02:32:19.901374168,210.04,completed,
O0000479,U001790,treatment,2026-07-02 02:41:16.963676024,51.29,completed,
O0000480,U001799,control,2026-07-03 14:28:30.511775314,33.43,cancelled,2026-07-09 14:28:30.511775314
O0000481,U001802,treatment,2026-07-11 18:07:50.815509488,31.99,completed,
O0000482,U001804,treatment,2026-07-12 03:52:45.803335590,62.21,completed,
O0000483,U001805,treatment,2026-07-09 15:35:04.185586712,82.46,completed,
O0000484,U001807,treatment,2026-07-11 19:16:56.381505160,62.9,refunded,2026-07-16 19:16:56.381505160
O0000485,U001809,treatment,2026-07-09 16:35:38.502169386,94.49,completed,
O0000486,U001810,control,2026-07-01 11:41:16.972475286,120.82,completed,
O0000487,U001813,treatment,2026-07-02 01:40:20.052593590,130.61,completed,
O0000488,U001821,control,2026-07-02 16:16:45.989137394,101.29,completed,
O0000489,U001822,control,2026-07-11 00:03:50.453137838,41.95,completed,
O0000490,U001825,treatment,2026-07-09 05:54:17.178412330,74.23,completed,
O0000491,U001828,control,2026-07-12 05:21:53.236889854,91.61,completed,
O0000492,U001831,control,2026-07-03 17:49:49.041846708,93.8,completed,
O0000493,U001832,control,2026-07-02 22:38:31.421176924,142.5,completed,
O0000494,U001833,control,2026-07-06 06:09:38.200553756,48.07,completed,
O0000495,U001836,treatment,2026-07-04 07:40:09.727669182,84.96,completed,
O0000496,U001847,control,2026-07-07 18:55:53.082144687,124.49,cancelled,2026-07-09 18:55:53.082144687
O0000497,U001851,treatment,2026-07-07 13:55:53.030292268,137.41,completed,
O0000498,U001853,treatment,2026-07-04 05:19:19.680017996,135.71,completed,
O0000499,U001855,control,2026-07-07 13:17:30.786025159,92.32,completed,
O0000500,U001858,treatment,2026-07-08 02:48:51.201896580,98.81,completed,
O0000501,U001862,control,2026-07-05 14:38:58.421607536,76.37,completed,
O0000502,U001866,control,2026-07-10 00:15:11.176587772,52.16,completed,
O0000503,U001867,control,2026-07-03 02:12:52.934932440,130.86,completed,
O0000504,U001869,control,2026-07-10 18:34:50.700779048,132.32,completed,
O0000505,U001877,treatment,2026-07-03 03:03:25.054156224,151.88,completed,
O0000506,U001881,treatment,2026-07-06 19:10:28.623378986,94.66,completed,
O0000507,U001894,treatment,2026-07-07 04:53:20.234242372,55.78,completed,
O0000508,U001899,control,2026-07-05 23:07:14.164844896,85.04,completed,
O0000509,U001902,treatment,2026-07-10 14:03:39.311838532,116.04,completed,
O0000510,U001903,control,2026-07-12 10:17:35.915156468,71.31,completed,
O0000511,U001909,treatment,2026-07-06 22:34:49.377685966,115.94,completed,
O0000512,U001912,control,2026-07-11 01:10:00.007730456,65.96,completed,
O0000513,U001914,control,2026-07-10 13:30:41.586882402,122.73,completed,
O0000514,U001915,treatment,2026-07-07 22:56:56.401480806,78.09,completed,
O0000515,U001917,treatment,2026-07-11 05:01:10.923029452,132.27,completed,
O0000516,U001922,control,2026-07-11 19:33:58.040822426,89.47,completed,
O0000517,U001924,control,2026-07-13 23:41:30.953706666,145.17,completed,
O0000518,U001930,treatment,2026-07-12 12:01:21.256648308,102.68,completed,
O0000519,U001931,control,2026-07-15 00:13:48.583669862,146.61,completed,
O0000520,U001935,treatment,2026-07-04 14:29:42.128806778,59.36,completed,
O0000521,U001940,treatment,2026-07-02 06:02:10.761210708,113.11,completed,
O0000522,U001942,treatment,2026-07-01 15:57:37.969633304,72.35,completed,
O0000523,U001946,control,2026-07-14 11:42:46.498795310,98.96,completed,
O0000524,U001952,control,2026-07-03 12:44:23.831236337,73.53,completed,
O0000525,U001953,treatment,2026-07-05 09:35:01.082765424,46.05,completed,
O0000526,U001965,control,2026-07-08 03:49:32.178218608,147.79,completed,
O0000527,U001969,treatment,2026-07-03 09:01:05.499602696,103.46,completed,
O0000528,U001975,treatment,2026-07-02 00:11:02.450897748,102.37,completed,
O0000529,U001976,control,2026-07-03 17:43:49.337931286,93.75,completed,
O0000530,U001985,treatment,2026-07-09 12:25:50.772837006,47.14,cancelled,2026-07-12 12:25:50.772837006
O0000531,U001986,treatment,2026-07-08 07:58:25.466312506,108.75,completed,
O0000532,U001989,control,2026-07-11 13:40:12.780367102,147.61,completed,
O0000533,U001992,control,2026-07-03 21:47:55.062418932,55.59,completed,
O0000534,U001998,treatment,2026-07-11 03:35:22.584311994,30.32,completed,
O0000535,U002000,treatment,2026-07-11 03:54:34.231758534,131.88,completed,
O0000536,U002008,treatment,2026-07-08 03:49:07.655905460,85.34,completed,
O0000537,U002016,treatment,2026-07-14 23:03:10.927606816,174.67,completed,
O0000538,U002019,treatment,2026-07-08 23:11:06.867341612,76.86,completed,
O0000539,U002020,control,2026-07-04 11:14:20.330891280,61.71,completed,
O0000540,U002021,treatment,2026-07-07 06:19:27.441556270,75.45,completed,
O0000541,U002025,control,2026-07-13 07:16:15.857509540,105.34,completed,
O0000542,U002034,treatment,2026-07-12 15:15:13.530012306,111.31,completed,
O0000543,U002035,treatment,2026-07-14 18:19:04.872925598,80.63,completed,
O0000544,U002052,treatment,2026-07-02 01:19:28.649342420,74.51,completed,
O0000545,U002053,control,2026-07-08 19:51:49.852684408,77.92,completed,
O0000546,U002058,control,2026-07-01 05:47:23.612821692,67.32,refunded,2026-07-05 05:47:23.612821692
O0000547,U002065,control,2026-07-03 16:54:22.570620639,153.27,completed,
O0000548,U002066,control,2026-07-14 02:58:52.294171012,184.9,completed,
O0000549,U002067,treatment,2026-07-03 14:40:56.377945792,141.55,completed,
O0000550,U002070,treatment,2026-07-15 00:31:56.280695630,46.81,completed,
O0000551,U002071,treatment,2026-07-01 02:02:03.431339792,116.09,completed,
O0000552,U002075,treatment,2026-07-10 01:24:33.634080666,154.76,completed,
O0000553,U002077,treatment,2026-07-04 09:47:48.041355360,99.69,refunded,2026-07-10 09:47:48.041355360
O0000554,U002078,treatment,2026-07-11 02:10:24.630458898,121.73,completed,
O0000555,U002088,control,2026-07-05 22:25:53.966251204,48.59,completed,
O0000556,U002095,control,2026-07-08 19:14:06.338254086,141.84,completed,
O0000557,U002098,treatment,2026-07-14 01:32:16.892380644,42.04,completed,
O0000558,U002099,control,2026-07-14 11:17:37.576129932,51.54,completed,
O0000559,U002103,treatment,2026-07-08 06:17:22.589897144,44.28,completed,
O0000560,U002106,treatment,2026-07-06 14:19:18.852085390,37.32,completed,
O0000561,U002107,treatment,2026-07-08 00:45:15.688854622,109.73,completed,
O0000562,U002111,control,2026-07-08 14:41:46.749024122,76.07,completed,
O0000563,U002112,treatment,2026-07-10 04:37:46.552059164,101.79,completed,
O0000564,U002113,control,2026-07-04 01:47:34.757362446,63.58,completed,
O0000565,U002118,treatment,2026-07-05 17:14:42.054266676,40.23,completed,
O0000566,U002120,treatment,2026-07-13 14:41:23.149146850,91.95,completed,
O0000567,U002126,control,2026-07-07 23:34:45.413168106,171.83,completed,
O0000568,U002131,control,2026-07-12 04:52:30.825174046,138.77,completed,
O0000569,U002133,treatment,2026-07-11 02:36:12.348221896,136.05,completed,
O0000570,U002134,control,2026-07-05 04:37:51.395555260,108.47,completed,
O0000571,U002136,treatment,2026-07-03 06:43:37.487827866,102.17,completed,
O0000572,U002143,treatment,2026-07-07 01:39:11.437265582,109.13,refunded,2026-07-10 01:39:11.437265582
O0000573,U002150,control,2026-07-13 08:15:59.017314112,62.85,completed,
O0000574,U002153,control,2026-07-03 12:57:29.053956248,85.0,completed,
O0000575,U002157,control,2026-07-06 01:04:38.871142188,193.22,completed,
O0000576,U002161,treatment,2026-07-05 09:05:29.452391334,89.83,completed,
O0000577,U002164,treatment,2026-07-14 10:26:00.583892360,79.16,completed,
O0000578,U002166,control,2026-07-02 20:18:29.090199978,72.55,cancelled,2026-07-08 20:18:29.090199978
O0000579,U002168,treatment,2026-07-06 18:31:34.440041113,88.0,completed,
O0000580,U002175,control,2026-07-13 09:22:15.194790890,186.89,completed,
O0000581,U002176,control,2026-07-04 06:34:42.132111912,44.75,completed,
O0000582,U002180,control,2026-07-14 03:12:30.848159618,174.24,completed,
O0000583,U002184,treatment,2026-07-03 23:38:36.688805104,89.0,completed,
O0000584,U002188,treatment,2026-07-04 18:17:05.727051602,98.32,completed,
O0000585,U002189,treatment,2026-07-12 19:43:57.407527545,71.27,refunded,2026-07-15 19:43:57.407527545
O0000586,U002196,control,2026-07-09 13:19:43.267599057,46.99,completed,
O0000587,U002198,control,2026-07-04 13:14:13.387114447,111.68,completed,
O0000588,U002202,treatment,2026-07-09 16:33:20.029279236,120.19,completed,
O0000589,U002203,treatment,2026-07-07 00:04:39.318956148,36.37,completed,
O0000590,U002204,treatment,2026-07-02 04:19:34.073707248,49.91,completed,
O0000591,U002212,control,2026-07-05 17:52:55.400754382,62.35,completed,
O0000592,U002215,control,2026-07-12 02:11:51.756376748,88.91,completed,
O0000593,U002216,control,2026-07-13 22:43:08.330584950,168.4,refunded,2026-07-14 22:43:08.330584950
O0000594,U002220,treatment,2026-07-06 09:02:07.085053812,155.9,completed,
O0000595,U002221,treatment,2026-07-11 00:01:09.492346138,40.65,completed,
O0000596,U002224,control,2026-07-10 13:12:58.193895312,48.88,completed,
O0000597,U002226,control,2026-07-05 10:30:57.418303960,144.24,refunded,2026-07-06 10:30:57.418303960
O0000598,U002228,control,2026-07-08 15:02:22.078929720,49.15,completed,
O0000599,U002230,treatment,2026-07-05 16:53:35.007035722,26.45,completed,
O0000600,U002231,treatment,2026-07-03 08:17:18.060971984,104.15,completed,
O0000601,U002233,treatment,2026-07-09 08:24:44.031584556,75.23,completed,
O0000602,U002234,treatment,2026-07-02 04:59:40.078341844,81.23,completed,
O0000603,U002236,treatment,2026-07-06 08:01:48.678582708,38.45,completed,
O0000604,U002240,treatment,2026-07-13 02:24:00.269249657,66.43,completed,
O0000605,U002242,control,2026-07-15 00:20:24.256695758,112.98,completed,
O0000606,U002251,treatment,2026-07-13 01:57:09.539099974,101.06,completed,
O0000607,U002252,control,2026-07-01 15:50:29.284869882,99.0,completed,
O0000608,U002260,treatment,2026-07-12 14:14:47.371947756,83.84,completed,
O0000609,U002263,control,2026-07-10 05:23:50.434416608,145.45,completed,
O0000610,U002270,treatment,2026-07-03 01:55:09.829622406,50.11,completed,
O0000611,U002276,treatment,2026-07-05 00:20:39.704814976,152.05,completed,
O0000612,U002284,control,2026-07-08 07:17:23.495892226,78.6,completed,
O0000613,U002291,treatment,2026-07-09 02:50:14.549807390,133.48,completed,
O0000614,U002295,control,2026-07-11 13:56:01.345464487,54.26,completed,
O0000615,U002299,treatment,2026-07-11 01:16:48.841893620,70.88,completed,
O0000616,U002303,control,2026-07-07 15:38:22.564523024,162.04,completed,
O0000617,U002311,treatment,2026-07-08 08:02:00.783609420,110.37,completed,
O0000618,U002317,treatment,2026-07-03 06:00:42.417975752,79.5,completed,
O0000619,U002325,control,2026-07-13 02:46:03.805714842,103.76,completed,
O0000620,U002327,treatment,2026-07-04 03:35:06.453922772,54.07,completed,
O0000621,U002333,treatment,2026-07-05 20:14:40.749096004,75.47,completed,
O0000622,U002338,control,2026-07-07 10:13:48.206337392,80.16,completed,
O0000623,U002341,control,2026-07-07 23:14:36.755394534,49.63,refunded,2026-07-10 23:14:36.755394534
O0000624,U002343,control,2026-07-05 11:45:21.348631465,90.47,completed,
O0000625,U002345,control,2026-07-11 13:41:11.901312326,85.71,completed,
O0000626,U002346,control,2026-07-07 10:31:37.862620418,116.04,completed,
O0000627,U002362,treatment,2026-07-03 01:58:50.223962976,36.34,completed,
O0000628,U002363,control,2026-07-04 22:42:51.534945604,127.12,completed,
O0000629,U002364,control,2026-07-06 13:36:15.740130192,117.27,completed,
O0000630,U002365,treatment,2026-07-12 00:41:28.343030750,57.7,completed,
O0000631,U002367,treatment,2026-07-13 09:01:04.137994512,90.28,completed,
O0000632,U002368,control,2026-07-07 01:05:00.217705596,65.13,completed,
O0000633,U002372,treatment,2026-07-04 10:13:59.645921405,124.49,completed,
O0000634,U002375,treatment,2026-07-04 15:36:33.993599428,76.24,completed,
O0000635,U002387,control,2026-07-04 07:17:21.378531644,157.57,completed,
O0000636,U002392,control,2026-07-10 16:59:53.438170306,51.56,completed,
O0000637,U002394,control,2026-07-02 09:14:33.933259608,102.06,completed,
O0000638,U002400,treatment,2026-07-09 23:24:34.630592714,130.45,completed,
O0000639,U002404,control,2026-07-10 04:40:29.655902760,77.9,refunded,2026-07-15 04:40:29.655902760
O0000640,U002408,treatment,2026-07-07 20:15:24.495220710,148.49,completed,
O0000641,U002411,control,2026-07-13 17:10:34.474756686,86.38,completed,
O0000642,U002412,treatment,2026-07-15 00:37:52.397409632,102.06,completed,
O0000643,U002415,treatment,2026-07-04 18:57:27.839692640,98.1,completed,
O0000644,U002416,control,2026-07-09 01:18:50.652003428,125.74,completed,
O0000645,U002420,treatment,2026-07-03 03:31:58.004296722,50.74,completed,
O0000646,U002426,control,2026-07-13 23:49:08.491388674,111.33,completed,
O0000647,U002427,control,2026-07-06 01:03:05.648462192,135.15,completed,
O0000648,U002431,control,2026-07-09 18:08:04.793866734,58.17,completed,
O0000649,U002432,treatment,2026-07-07 15:33:33.463041214,62.36,refunded,2026-07-08 15:33:33.463041214
O0000650,U002435,control,2026-07-01 17:34:49.869762000,45.82,completed,
O0000651,U002436,treatment,2026-07-12 21:40:21.395709068,164.86,completed,
O0000652,U002441,control,2026-07-08 01:46:28.993313140,159.47,completed,
O0000653,U002442,treatment,2026-07-01 09:51:11.245044287,104.05,completed,
O0000654,U002445,treatment,2026-07-06 11:40:41.378501202,57.96,completed,
O0000655,U002447,control,2026-07-01 14:39:59.048284700,77.09,completed,
O0000656,U002456,treatment,2026-07-02 06:55:57.044374778,248.36,completed,
O0000657,U002458,control,2026-07-09 06:08:05.734466650,170.21,completed,
O0000658,U002462,control,2026-07-14 02:01:56.499654310,47.94,completed,
O0000659,U002463,treatment,2026-07-03 17:31:48.118300076,53.39,completed,
O0000660,U002466,control,2026-07-02 04:12:58.067015222,38.48,completed,
O0000661,U002469,control,2026-07-04 07:11:35.719784288,138.2,refunded,2026-07-09 07:11:35.719784288
O0000662,U002472,treatment,2026-07-09 07:41:47.456547114,70.28,completed,
O0000663,U002475,treatment,2026-07-06 04:50:20.131579758,60.7,completed,
O0000664,U002476,control,2026-07-08 19:06:47.884683332,132.45,completed,
O0000665,U002483,control,2026-07-13 03:33:43.997089098,93.76,completed,
O0000666,U002485,control,2026-07-13 08:33:11.951782604,72.69,completed,
O0000667,U002490,control,2026-07-03 09:16:42.001881196,90.63,completed,
O0000668,U002493,treatment,2026-07-08 02:39:11.674579176,69.06,completed,
O0000669,U002494,control,2026-07-06 02:48:02.895544504,97.05,completed,
O0000670,U002496,treatment,2026-07-13 03:27:22.965472476,115.47,completed,
O0000671,U002504,treatment,2026-07-01 17:42:38.492366990,73.07,completed,
O0000672,U002507,treatment,2026-07-03 11:26:29.643577241,34.39,refunded,2026-07-06 11:26:29.643577241
O0000673,U002510,control,2026-07-14 10:31:29.125892088,77.69,completed,
O0000674,U002511,treatment,2026-07-05 09:03:22.602311232,87.74,completed,
O0000675,U002512,treatment,2026-07-13 06:15:17.986937626,87.7,completed,
O0000676,U002513,control,2026-07-13 18:50:24.304356454,166.35,completed,
O0000677,U002514,treatment,2026-07-10 17:51:30.362967790,71.88,completed,
O0000678,U002515,treatment,2026-07-13 20:16:27.700465702,127.51,completed,
O0000679,U002519,control,2026-07-13 15:33:25.302511591,81.13,completed,
O0000680,U002521,treatment,2026-07-11 11:03:28.512233524,68.83,completed,
O0000681,U002523,treatment,2026-07-06 11:03:10.078900696,36.91,completed,
O0000682,U002527,control,2026-07-12 05:42:50.589719580,109.8,completed,
O0000683,U002530,control,2026-07-04 03:03:17.393266801,103.59,completed,
O0000684,U002532,treatment,2026-07-07 06:08:57.983922178,164.35,completed,
O0000685,U002534,treatment,2026-07-07 00:48:18.071152710,217.22,completed,
O0000686,U002540,control,2026-07-05 02:41:04.111299891,52.27,refunded,2026-07-10 02:41:04.111299891
O0000687,U002542,control,2026-07-07 12:00:19.515578210,59.12,completed,
O0000688,U002544,control,2026-07-12 00:06:08.655259516,47.63,completed,
O0000689,U002546,control,2026-07-09 23:35:01.451184124,225.85,completed,
O0000690,U002551,treatment,2026-07-02 14:33:30.273962640,223.3,completed,
O0000691,U002554,control,2026-07-09 02:03:03.389872980,146.97,completed,
O0000692,U002555,treatment,2026-07-11 14:21:35.103045458,119.17,completed,
O0000693,U002556,treatment,2026-07-11 19:27:27.777650136,87.65,completed,
O0000694,U002557,control,2026-07-06 12:40:42.638493006,37.7,completed,
O0000695,U002559,control,2026-07-13 00:43:40.684089622,88.25,refunded,2026-07-17 00:43:40.684089622
O0000696,U002561,treatment,2026-07-12 16:19:32.662836464,83.11,completed,
O0000697,U002562,control,2026-07-05 20:15:19.933676272,97.76,completed,
O0000698,U002564,control,2026-07-07 11:38:16.109425860,75.18,refunded,2026-07-08 11:38:16.109425860
O0000699,U002568,control,2026-07-07 00:12:06.095750494,294.35,completed,
O0000700,U002569,control,2026-07-13 00:35:11.117846830,101.26,completed,
O0000701,U002572,control,2026-07-07 05:32:02.105776734,101.98,completed,
O0000702,U002573,treatment,2026-07-05 18:41:24.666190570,77.93,completed,
O0000703,U002574,treatment,2026-07-05 02:11:12.408733366,133.28,completed,
O0000704,U002576,treatment,2026-07-01 16:38:04.040943748,141.79,completed,
O0000705,U002579,treatment,2026-07-03 11:06:21.803510816,129.47,refunded,2026-07-09 11:06:21.803510816
O0000706,U002580,treatment,2026-07-13 05:17:34.977128131,126.43,completed,
O0000707,U002582,treatment,2026-07-06 06:49:51.389978427,115.32,completed,
O0000708,U002585,treatment,2026-07-02 11:58:26.518356936,85.19,completed,
O0000709,U002587,treatment,2026-07-10 05:36:55.411163904,157.97,completed,
O0000710,U002589,control,2026-07-10 14:21:59.761471681,78.62,completed,
O0000711,U002590,treatment,2026-07-03 20:15:44.409223168,107.53,completed,
O0000712,U002604,treatment,2026-07-12 21:53:34.667652876,84.01,completed,
O0000713,U002608,treatment,2026-07-11 03:15:00.680553694,69.11,completed,
O0000714,U002623,control,2026-07-05 19:21:30.481578596,56.62,completed,
O0000715,U002624,treatment,2026-07-10 06:04:07.005178030,187.55,completed,
O0000716,U002625,treatment,2026-07-08 16:23:14.076524470,140.12,completed,
O0000717,U002635,treatment,2026-07-11 13:03:31.555817388,40.82,completed,
O0000718,U002636,treatment,2026-07-10 08:54:47.082669516,70.08,completed,
O0000719,U002638,control,2026-07-04 20:47:27.447063798,31.17,completed,
O0000720,U002652,control,2026-07-14 14:33:50.026312924,89.97,completed,
O0000721,U002654,treatment,2026-07-08 10:38:27.821966500,53.02,completed,
O0000722,U002660,control,2026-07-01 15:23:59.376147808,138.82,completed,
O0000723,U002667,treatment,2026-07-11 12:47:41.703237960,82.1,completed,
O0000724,U002669,treatment,2026-07-05 00:04:08.207914272,98.28,completed,
O0000725,U002671,treatment,2026-07-07 19:23:22.364905982,76.53,completed,
O0000726,U002672,control,2026-07-05 03:16:37.876437141,137.66,completed,
O0000727,U002673,treatment,2026-07-11 02:09:54.981287544,48.25,refunded,2026-07-14 02:09:54.981287544
O0000728,U002674,treatment,2026-07-12 13:37:19.570403024,114.95,completed,
O0000729,U002679,treatment,2026-07-01 19:54:53.760449243,155.44,completed,
O0000730,U002681,control,2026-07-14 04:07:20.698890594,124.2,completed,
O0000731,U002682,treatment,2026-07-08 03:01:50.368748076,81.71,completed,
O0000732,U002690,treatment,2026-07-14 11:39:58.830365552,157.24,completed,
O0000733,U002695,control,2026-07-08 17:49:34.501566970,107.59,completed,
O0000734,U002699,treatment,2026-07-13 07:26:38.302503216,368.54,completed,
O0000735,U002702,control,2026-07-13 05:43:18.604613224,53.41,completed,
O0000736,U002711,treatment,2026-07-13 11:13:38.459631542,50.93,completed,
O0000737,U002713,treatment,2026-07-12 03:46:30.644351076,60.74,completed,
O0000738,U002728,treatment,2026-07-08 09:37:16.037060896,86.99,refunded,2026-07-11 09:37:16.037060896
O0000739,U002729,treatment,2026-07-06 05:20:01.246299972,50.67,completed,
O0000740,U002730,treatment,2026-07-09 06:35:34.471339506,181.14,completed,
O0000741,U002731,treatment,2026-07-06 21:39:15.423473470,158.75,completed,
O0000742,U002746,treatment,2026-07-08 13:09:52.080274996,80.04,completed,
O0000743,U002747,control,2026-07-06 10:38:32.711615908,94.7,completed,
O0000744,U002753,control,2026-07-06 21:41:09.683879542,96.37,completed,
O0000745,U002758,treatment,2026-07-11 03:30:25.142807238,85.55,completed,
O0000746,U002763,treatment,2026-07-12 22:38:29.812348260,78.69,cancelled,2026-07-18 22:38:29.812348260
O0000747,U002767,control,2026-07-12 19:15:02.348195508,71.27,completed,
O0000748,U002784,treatment,2026-07-08 13:07:58.742278826,106.73,completed,
O0000749,U002789,control,2026-07-01 19:17:03.070973832,44.54,completed,
O0000750,U002790,treatment,2026-07-10 17:11:19.757893236,91.1,completed,
O0000751,U002794,treatment,2026-07-09 14:02:28.157113802,75.64,completed,
O0000752,U002798,control,2026-07-02 20:20:14.563007902,48.06,completed,
O0000753,U002799,control,2026-07-13 12:39:08.703664684,214.21,completed,
O0000754,U002805,control,2026-07-08 13:48:46.431971768,120.21,completed,
O0000755,U002809,treatment,2026-07-14 20:54:25.902504105,35.83,completed,
O0000756,U002812,treatment,2026-07-05 15:43:16.933350706,54.46,completed,
O0000757,U002813,treatment,2026-07-12 11:15:49.687019358,72.45,completed,
O0000758,U002823,treatment,2026-07-14 13:58:52.333885756,57.93,completed,
O0000759,U002827,control,2026-07-12 13:10:25.289861758,123.53,completed,
O0000760,U002832,control,2026-07-14 22:44:25.059022608,99.51,completed,
O0000761,U002833,treatment,2026-07-13 08:20:38.482727206,37.31,completed,
O0000762,U002834,treatment,2026-07-11 20:47:36.013188644,125.86,completed,
O0000763,U002835,treatment,2026-07-13 00:39:54.882795686,114.85,completed,
O0000764,U002838,treatment,2026-07-05 00:07:23.992547634,211.46,completed,
O0000765,U002839,treatment,2026-07-10 22:56:33.803399552,76.62,completed,
O0000766,U002849,treatment,2026-07-05 20:21:46.352984272,125.78,completed,
O0000767,U002851,treatment,2026-07-12 14:31:43.672692578,98.11,completed,
O0000768,U002854,control,2026-07-12 02:59:25.142398742,72.84,completed,
O0000769,U002857,treatment,2026-07-05 15:50:55.648885678,63.57,completed,
O0000770,U002868,treatment,2026-07-10 14:24:35.592378238,72.05,completed,
O0000771,U002874,control,2026-07-10 09:49:16.755591578,59.48,completed,
O0000772,U002877,control,2026-07-02 00:12:09.523921934,27.57,completed,
O0000773,U002886,treatment,2026-07-03 21:55:25.745326796,80.52,completed,
O0000774,U002890,control,2026-07-09 07:49:35.178124244,119.2,completed,
O0000775,U002892,treatment,2026-07-11 18:14:20.312536268,54.84,completed,
O0000776,U002899,control,2026-07-14 07:44:40.492269152,73.45,completed,
O0000777,U002900,treatment,2026-07-03 09:06:12.895385734,95.88,completed,
O0000778,U002902,treatment,2026-07-13 10:59:45.976187860,51.96,completed,
O0000779,U002903,treatment,2026-07-07 15:01:52.743860810,88.44,completed,
O0000780,U002911,treatment,2026-07-03 12:18:24.684136778,103.45,completed,
O0000781,U002916,control,2026-07-14 09:17:37.729634136,118.53,completed,
O0000782,U002917,treatment,2026-07-13 10:28:35.565153416,72.67,completed,
O0000783,U002921,control,2026-07-09 21:07:17.156896912,63.38,completed,
O0000784,U002933,control,2026-07-02 07:19:33.611531846,29.45,completed,
O0000785,U002935,control,2026-07-11 07:05:08.160219174,137.22,completed,
O0000786,U002941,treatment,2026-07-03 06:01:55.509616656,142.31,completed,
O0000787,U002952,treatment,2026-07-10 00:11:21.776533452,96.2,completed,
O0000788,U002956,treatment,2026-07-15 00:04:43.705294430,72.19,completed,
O0000789,U002957,treatment,2026-07-04 09:51:05.964618404,103.25,completed,
O0000790,U002959,control,2026-07-14 07:34:44.720244636,70.86,completed,
O0000791,U002965,control,2026-07-02 17:04:44.354758648,74.69,completed,
O0000792,U002970,treatment,2026-07-08 19:57:41.113697038,36.57,refunded,2026-07-10 19:57:41.113697038
O0000793,U002976,treatment,2026-07-02 22:39:28.255281026,104.81,completed,
O0000794,U002978,treatment,2026-07-07 08:04:04.453172952,71.02,completed,
O0000795,U002980,treatment,2026-07-06 19:42:36.160397910,96.06,completed,
O0000796,U002985,control,2026-07-02 14:53:27.063119282,135.09,completed,
O0000797,U002990,control,2026-07-02 04:23:18.177384778,78.45,completed,
O0000798,U002991,treatment,2026-07-09 08:33:41.236491218,149.57,completed,
O0000799,U002995,control,2026-07-10 03:22:02.557649730,64.86,completed,
O0000800,U002999,treatment,2026-07-10 03:27:56.827480606,89.53,completed,
O0000801,U003013,control,2026-07-12 15:10:36.139906850,113.05,completed,
O0000802,U003014,control,2026-07-12 23:53:44.053511100,96.5,completed,
O0000803,U003018,control,2026-07-06 14:00:17.556934378,82.41,completed,
O0000804,U003034,treatment,2026-07-14 16:09:04.953975376,112.73,completed,
O0000805,U003037,treatment,2026-07-11 01:23:00.593038586,49.06,completed,
O0000806,U003038,control,2026-07-03 23:52:44.596949300,139.98,completed,
O0000807,U003039,treatment,2026-07-04 09:50:49.545013458,191.1,completed,
O0000808,U003040,control,2026-07-12 18:24:17.988854616,105.28,completed,
O0000809,U003041,control,2026-07-12 23:27:04.523394258,90.61,completed,
O0000810,U003042,control,2026-07-08 15:45:12.789172306,93.65,completed,
O0000811,U003044,control,2026-07-11 12:01:40.159140838,50.29,completed,
O0000812,U003046,control,2026-07-02 15:09:30.747278644,92.06,completed,
O0000813,U003047,treatment,2026-07-02 01:34:53.592776782,72.94,completed,
O0000814,U003048,control,2026-07-12 05:12:27.299165839,76.38,completed,
O0000815,U003056,control,2026-07-06 00:32:08.644918250,166.53,completed,
O0000816,U003059,treatment,2026-07-12 05:37:17.211511666,137.96,completed,
O0000817,U003060,control,2026-07-11 19:31:32.886618414,60.53,completed,
O0000818,U003069,control,2026-07-01 12:12:42.076262428,106.32,refunded,2026-07-04 12:12:42.076262428
O0000819,U003074,control,2026-07-04 04:17:17.668243648,109.47,completed,
O0000820,U003092,control,2026-07-05 10:26:52.961988054,99.63,refunded,2026-07-09 10:26:52.961988054
O0000821,U003094,control,2026-07-12 21:37:28.143992614,57.2,completed,
O0000822,U003095,treatment,2026-07-07 15:42:30.251038182,63.67,completed,
O0000823,U003098,control,2026-07-07 22:18:19.974129916,56.55,completed,
O0000824,U003099,control,2026-07-11 17:45:08.711005944,110.41,completed,
O0000825,U003100,control,2026-07-06 14:17:41.141801328,58.59,completed,
O0000826,U003102,control,2026-07-09 10:45:39.810181058,82.69,completed,
O0000827,U003104,control,2026-07-03 09:40:21.488513568,57.88,completed,
O0000828,U003108,control,2026-07-12 13:02:02.725379892,111.02,cancelled,2026-07-18 13:02:02.725379892
O0000829,U003112,treatment,2026-07-07 05:03:01.594707026,84.08,completed,
O0000830,U003113,treatment,2026-07-07 18:44:50.981287028,113.86,completed,
O0000831,U003116,treatment,2026-07-06 02:46:54.696380784,106.16,completed,
O0000832,U003121,treatment,2026-07-13 22:30:27.383993576,17.6,completed,
O0000833,U003122,control,2026-07-15 00:15:10.126089416,35.19,completed,
O0000834,U003125,treatment,2026-07-08 16:56:53.035226076,76.07,completed,
O0000835,U003126,control,2026-07-13 18:03:36.044914324,50.26,completed,
O0000836,U003127,control,2026-07-11 18:32:23.978452654,94.66,completed,
O0000837,U003133,control,2026-07-13 06:08:50.659894414,98.69,completed,
O0000838,U003136,treatment,2026-07-13 14:10:40.168926324,143.66,completed,
O0000839,U003137,control,2026-07-13 05:38:09.976310590,69.98,completed,
O0000840,U003143,treatment,2026-07-05 14:44:09.737487054,36.95,completed,
O0000841,U003144,treatment,2026-07-05 14:10:14.201495932,59.12,completed,
O0000842,U003153,treatment,2026-07-13 09:50:07.160698342,81.08,completed,
O0000843,U003156,treatment,2026-07-08 12:47:48.526353704,92.04,completed,
O0000844,U003159,control,2026-07-13 17:00:02.515731742,113.68,completed,
O0000845,U003160,treatment,2026-07-10 05:30:12.055135798,106.02,completed,
O0000846,U003161,treatment,2026-07-01 21:03:22.640539900,121.14,completed,
O0000847,U003166,treatment,2026-07-03 23:22:46.863497042,30.86,completed,
O0000848,U003171,treatment,2026-07-04 08:02:10.688991144,146.38,completed,
O0000849,U003174,control,2026-07-11 20:51:35.462117174,211.82,completed,
O0000850,U003177,control,2026-07-03 13:28:06.748348549,75.05,completed,
O0000851,U003182,control,2026-07-03 02:30:48.080178650,76.14,completed,
O0000852,U003191,treatment,2026-07-12 13:13:23.812106598,86.83,completed,
O0000853,U003195,treatment,2026-07-14 16:51:02.173859396,67.29,completed,
O0000854,U003196,control,2026-07-06 21:48:31.722148706,172.35,completed,
O0000855,U003206,control,2026-07-07 00:54:48.479350183,45.59,completed,
O0000856,U003212,control,2026-07-06 17:05:21.088307726,83.33,completed,
O0000857,U003215,treatment,2026-07-08 06:39:29.818975510,83.32,completed,
O0000858,U003220,treatment,2026-07-03 06:56:50.185788398,63.38,completed,
O0000859,U003222,control,2026-07-03 13:49:47.856145512,40.55,completed,
O0000860,U003223,treatment,2026-07-08 17:03:03.952389902,88.44,completed,
O0000861,U003225,control,2026-07-06 07:29:37.003081328,61.92,completed,
O0000862,U003226,control,2026-07-03 14:39:28.254631040,115.03,completed,
O0000863,U003231,control,2026-07-11 21:49:02.143453644,74.23,completed,
O0000864,U003233,treatment,2026-07-10 01:58:51.979972888,58.09,completed,
O0000865,U003235,control,2026-07-09 01:29:19.662138920,90.09,completed,
O0000866,U003237,control,2026-07-11 05:27:49.797046230,85.55,completed,
O0000867,U003238,treatment,2026-07-04 01:11:27.683603406,90.87,completed,
O0000868,U003242,control,2026-07-09 09:49:50.606872368,71.33,completed,
O0000869,U003250,treatment,2026-07-10 21:00:49.972396440,77.93,completed,
O0000870,U003252,treatment,2026-07-10 06:43:31.676618324,77.18,completed,
O0000871,U003255,treatment,2026-07-01 22:41:16.407206362,125.01,completed,
O0000872,U003257,control,2026-07-15 00:15:43.372927766,105.99,completed,
O0000873,U003260,treatment,2026-07-03 19:09:34.965107314,64.71,completed,
O0000874,U003261,control,2026-07-10 09:48:04.902055972,73.94,completed,
O0000875,U003264,control,2026-07-09 22:34:29.617301804,39.48,completed,
O0000876,U003265,control,2026-07-06 00:25:08.146717542,110.27,completed,
O0000877,U003267,control,2026-07-01 22:09:43.705605694,37.52,completed,
O0000878,U003269,treatment,2026-07-04 11:50:29.337562156,107.31,completed,
O0000879,U003272,treatment,2026-07-07 11:42:22.151519583,89.62,completed,
O0000880,U003275,treatment,2026-07-11 12:49:42.357969238,77.11,completed,
O0000881,U003279,treatment,2026-07-04 23:31:07.674099284,108.36,completed,
O0000882,U003280,control,2026-07-09 17:30:11.278233524,108.52,completed,
O0000883,U003288,control,2026-07-07 16:39:22.043377016,115.06,completed,
O0000884,U003297,treatment,2026-07-13 05:28:29.989803382,206.9,completed,
O0000885,U003300,control,2026-07-12 18:31:57.381789876,52.6,completed,
O0000886,U003304,control,2026-07-09 09:13:46.982520346,70.3,completed,
O0000887,U003311,control,2026-07-08 19:19:45.635446190,74.2,completed,
O0000888,U003313,treatment,2026-07-04 03:23:23.035179638,64.09,completed,
O0000889,U003324,treatment,2026-07-09 21:36:54.600010172,97.32,completed,
O0000890,U003326,control,2026-07-12 04:45:11.152758992,113.65,completed,
O0000891,U003329,control,2026-07-13 04:47:33.144525370,76.91,completed,
O0000892,U003339,treatment,2026-07-06 20:57:44.695529606,59.99,cancelled,2026-07-13 20:57:44.695529606
O0000893,U003341,treatment,2026-07-02 01:09:21.012028496,120.32,completed,
O0000894,U003343,control,2026-07-05 15:11:34.977985744,112.56,completed,
O0000895,U003347,control,2026-07-07 02:44:28.531338382,109.34,completed,
O0000896,U003349,control,2026-07-12 21:27:07.055782696,49.73,completed,
O0000897,U003350,control,2026-07-04 04:41:22.674546424,147.3,completed,
O0000898,U003357,control,2026-07-14 04:39:37.925693974,113.58,completed,
O0000899,U003364,control,2026-07-01 09:40:18.277956806,92.12,completed,
O0000900,U003368,control,2026-07-09 10:36:53.371750196,63.33,completed,
O0000901,U003370,treatment,2026-07-04 15:48:59.540715182,62.29,completed,
O0000902,U003377,control,2026-07-14 11:33:42.867817024,117.87,completed,
O0000903,U003378,treatment,2026-07-01 12:11:27.366223658,23.11,completed,
O0000904,U003380,treatment,2026-07-09 03:10:24.870287335,117.67,completed,
O0000905,U003381,treatment,2026-07-07 23:37:00.602552164,53.11,completed,
O0000906,U003386,control,2026-07-08 22:47:05.253306256,48.12,cancelled,2026-07-12 22:47:05.253306256
O0000907,U003388,treatment,2026-07-02 05:58:54.020415754,140.01,completed,
O0000908,U003391,treatment,2026-07-06 14:36:10.301061752,62.27,completed,
O0000909,U003393,control,2026-07-03 12:25:15.026940208,80.56,completed,
O0000910,U003400,treatment,2026-07-13 20:03:23.650075472,72.58,completed,
O0000911,U003401,control,2026-07-07 05:59:25.231921062,27.9,completed,
O0000912,U003405,treatment,2026-07-06 09:22:08.236900413,56.6,completed,
O0000913,U003413,control,2026-07-14 20:05:37.636406422,79.9,completed,
O0000914,U003414,treatment,2026-07-13 06:58:27.205600118,42.36,completed,
O0000915,U003416,treatment,2026-07-08 22:51:04.973967010,96.94,completed,
O0000916,U003419,treatment,2026-07-08 05:01:26.379486262,167.33,completed,
O0000917,U003422,control,2026-07-13 19:47:11.028868942,92.59,completed,
O0000918,U003423,treatment,2026-07-14 05:42:09.983227008,77.85,completed,
O0000919,U003431,control,2026-07-11 18:42:52.310974268,37.03,completed,
O0000920,U003432,control,2026-07-15 00:01:58.724785700,155.1,completed,
O0000921,U003440,control,2026-07-14 05:20:42.989187006,82.78,completed,
O0000922,U003446,treatment,2026-07-02 02:43:00.663885290,46.22,completed,
O0000923,U003447,treatment,2026-07-04 02:25:10.017483586,120.57,completed,
O0000924,U003452,control,2026-07-14 14:32:32.775860356,114.73,completed,
O0000925,U003453,control,2026-07-14 12:58:48.318320372,71.47,completed,
O0000926,U003455,control,2026-07-10 07:11:26.427305636,68.05,completed,
O0000927,U003458,control,2026-07-02 23:02:43.818814374,39.48,completed,
O0000928,U003459,control,2026-07-14 18:51:32.595796584,122.47,completed,
O0000929,U003461,treatment,2026-07-06 14:25:53.950232142,95.32,cancelled,2026-07-08 14:25:53.950232142
O0000930,U003465,treatment,2026-07-01 11:48:40.269767920,179.75,refunded,2026-07-08 11:48:40.269767920
O0000931,U003466,control,2026-07-13 10:31:51.837289254,81.55,completed,
O0000932,U003467,treatment,2026-07-11 09:33:18.312256450,44.28,completed,
O0000933,U003470,treatment,2026-07-08 07:56:55.287565446,122.53,completed,
O0000934,U003473,control,2026-07-14 11:31:10.803001574,64.4,completed,
O0000935,U003478,control,2026-07-02 14:18:18.379029548,85.88,completed,
O0000936,U003482,control,2026-07-02 21:51:06.415492206,142.54,completed,
O0000937,U003490,control,2026-07-06 20:24:35.092833198,182.29,completed,
O0000938,U003494,treatment,2026-07-03 17:21:40.696684614,111.92,completed,
O0000939,U003495,treatment,2026-07-07 22:25:09.729133982,56.64,completed,
O0000940,U003496,treatment,2026-07-02 10:26:52.495349786,101.51,completed,
O0000941,U003500,treatment,2026-07-05 13:46:29.920798076,78.41,completed,
O0000942,U003505,treatment,2026-07-04 17:59:59.565541430,156.81,completed,
O0000943,U003507,treatment,2026-07-02 22:02:02.199463902,57.57,completed,
O0000944,U003509,treatment,2026-07-03 18:01:07.200137881,53.48,refunded,2026-07-09 18:01:07.200137881
O0000945,U003511,treatment,2026-07-06 14:27:14.700642088,138.09,refunded,2026-07-10 14:27:14.700642088
O0000946,U003516,treatment,2026-07-06 10:37:51.618727518,74.77,completed,
O0000947,U003521,treatment,2026-07-12 13:34:21.188953460,80.05,refunded,2026-07-14 13:34:21.188953460
O0000948,U003522,treatment,2026-07-09 15:34:55.838487306,101.93,completed,
O0000949,U003528,treatment,2026-07-02 05:58:23.083879496,48.95,completed,
O0000950,U003535,treatment,2026-07-08 16:58:10.147966630,44.41,completed,
O0000951,U003536,treatment,2026-07-01 12:22:09.139493692,68.26,completed,
O0000952,U003540,treatment,2026-07-13 15:08:30.995572966,106.31,completed,
O0000953,U003541,control,2026-07-02 03:49:40.317421780,77.03,completed,
O0000954,U003545,treatment,2026-07-08 23:18:14.537052237,69.28,completed,
O0000955,U003546,treatment,2026-07-05 06:12:49.262192512,110.07,completed,
O0000956,U003547,treatment,2026-07-12 23:36:47.497702146,167.08,completed,
O0000957,U003548,treatment,2026-07-05 14:47:27.899205044,58.55,completed,
O0000958,U003550,treatment,2026-07-08 09:41:11.651697652,57.62,completed,
O0000959,U003554,treatment,2026-07-07 15:19:49.455898184,53.45,completed,
O0000960,U003557,control,2026-07-09 16:20:43.880856104,110.78,completed,
O0000961,U003558,treatment,2026-07-08 10:01:05.409688254,93.45,completed,
O0000962,U003564,treatment,2026-07-14 11:09:44.606388178,94.28,completed,
O0000963,U003575,control,2026-07-14 10:22:09.014917558,74.93,completed,
O0000964,U003578,control,2026-07-02 04:11:46.209562642,125.75,completed,
O0000965,U003581,control,2026-07-02 00:29:23.250679926,51.62,completed,
O0000966,U003585,treatment,2026-07-04 12:01:44.797405646,142.41,completed,
O0000967,U003590,control,2026-07-08 09:24:48.299392978,93.48,completed,
O0000968,U003592,control,2026-07-12 22:08:13.747622414,63.77,completed,
O0000969,U003594,treatment,2026-07-08 09:54:52.445460330,193.08,completed,
O0000970,U003596,treatment,2026-07-01 18:22:24.961012074,48.73,completed,
O0000971,U003597,control,2026-07-03 19:55:31.588771506,55.25,cancelled,2026-07-08 19:55:31.588771506
O0000972,U003604,treatment,2026-07-04 11:04:45.036275852,64.83,cancelled,2026-07-08 11:04:45.036275852
O0000973,U003606,control,2026-07-06 10:05:08.215875422,187.79,completed,
O0000974,U003610,treatment,2026-07-10 12:55:10.393373908,112.86,completed,
O0000975,U003614,treatment,2026-07-05 13:35:29.408449890,111.4,completed,
O0000976,U003619,control,2026-07-09 12:44:24.882792320,168.31,completed,
O0000977,U003626,treatment,2026-07-03 01:41:26.667614448,87.29,completed,
O0000978,U003633,treatment,2026-07-08 06:27:59.305450163,86.04,completed,
O0000979,U003637,treatment,2026-07-11 00:27:55.488932336,46.65,completed,
O0000980,U003642,treatment,2026-07-09 12:45:24.765998406,118.45,completed,
O0000981,U003643,treatment,2026-07-11 03:36:00.356799200,67.99,completed,
O0000982,U003646,treatment,2026-07-10 03:52:37.303795548,44.0,refunded,2026-07-17 03:52:37.303795548
O0000983,U003656,control,2026-07-10 18:43:06.118918958,45.77,completed,
O0000984,U003659,control,2026-07-14 17:22:26.045947960,89.48,completed,
O0000985,U003661,treatment,2026-07-12 16:33:00.048121130,37.38,completed,
O0000986,U003666,control,2026-07-09 02:15:35.831956496,62.97,refunded,2026-07-10 02:15:35.831956496
O0000987,U003673,treatment,2026-07-14 09:23:03.565347260,148.03,completed,
O0000988,U003677,treatment,2026-07-06 18:00:29.636533502,63.64,completed,
O0000989,U003685,treatment,2026-07-03 04:16:47.269792638,70.9,completed,
O0000990,U003686,control,2026-07-09 20:14:34.100482168,78.76,completed,
O0000991,U003691,treatment,2026-07-12 16:15:52.963365744,82.15,completed,
O0000992,U003693,treatment,2026-07-03 05:01:17.477853988,129.67,completed,
O0000993,U003696,control,2026-07-13 15:50:42.375681042,80.84,completed,
O0000994,U003697,control,2026-07-04 00:07:26.378003530,137.61,completed,
O0000995,U003706,control,2026-07-01 09:39:17.217539068,111.59,completed,
O0000996,U003709,treatment,2026-07-14 11:56:36.361210212,110.3,completed,
O0000997,U003712,control,2026-07-06 07:26:06.933267326,64.75,completed,
O0000998,U003724,treatment,2026-07-01 10:13:15.548223044,191.79,completed,
O0000999,U003729,control,2026-07-06 05:28:38.216251855,35.48,refunded,2026-07-07 05:28:38.216251855
O0001000,U003732,treatment,2026-07-03 19:54:02.596089919,66.69,completed,
O0001001,U003739,treatment,2026-07-04 04:45:11.147270052,45.07,completed,
O0001002,U003740,treatment,2026-07-14 17:40:43.406371088,104.23,refunded,2026-07-21 17:40:43.406371088
O0001003,U003748,control,2026-07-08 04:05:47.181691982,116.82,completed,
O0001004,U003751,treatment,2026-07-05 20:04:32.712351174,148.54,completed,
O0001005,U003755,control,2026-07-03 19:43:07.798402612,105.59,completed,
O0001006,U003758,control,2026-07-05 12:17:38.985623726,69.31,completed,
O0001007,U003759,control,2026-07-07 15:56:18.443967092,101.88,completed,
O0001008,U003763,treatment,2026-07-14 12:52:05.913889010,87.71,completed,
O0001009,U003767,control,2026-07-10 19:36:09.668475204,108.65,completed,
O0001010,U003768,treatment,2026-07-06 10:19:43.399560354,65.32,refunded,2026-07-07 10:19:43.399560354
O0001011,U003769,treatment,2026-07-14 08:15:07.328840070,51.44,completed,
O0001012,U003771,treatment,2026-07-12 20:10:21.831185906,147.55,completed,
O0001013,U003772,control,2026-07-11 07:10:06.186490564,30.65,completed,
O0001014,U003780,control,2026-07-03 01:16:53.378477584,82.31,completed,
O0001015,U003781,treatment,2026-07-01 22:31:43.596578466,87.8,completed,
O0001016,U003787,treatment,2026-07-10 11:16:49.617258928,101.21,completed,
O0001017,U003790,control,2026-07-09 19:25:37.288786754,45.07,completed,
O0001018,U003792,control,2026-07-12 01:24:52.667175082,55.29,completed,
O0001019,U003798,treatment,2026-07-04 08:15:11.800128666,93.96,completed,
O0001020,U003799,control,2026-07-07 10:08:44.552924048,77.94,completed,
O0001021,U003806,treatment,2026-07-04 14:35:25.830087266,72.44,completed,
O0001022,U003814,treatment,2026-07-12 22:48:49.579796272,97.28,completed,
O0001023,U003818,control,2026-07-12 19:59:53.439369198,98.75,completed,
O0001024,U003828,treatment,2026-07-04 05:18:29.923692132,90.85,completed,
O0001025,U003832,treatment,2026-07-10 18:23:57.981694320,114.65,completed,
O0001026,U003835,treatment,2026-07-10 04:37:21.920262032,84.97,completed,
O0001027,U003838,control,2026-07-13 04:17:02.907701966,64.21,completed,
O0001028,U003844,treatment,2026-07-03 05:17:36.547065230,38.07,completed,
O0001029,U003850,treatment,2026-07-04 09:16:04.801301296,94.48,completed,
O0001030,U003854,control,2026-07-12 08:02:33.937689652,98.49,completed,
O0001031,U003855,treatment,2026-07-06 22:45:30.999626848,95.72,completed,
O0001032,U003856,treatment,2026-07-03 13:59:45.413227226,40.77,completed,
O0001033,U003857,control,2026-07-06 13:50:40.720023850,82.5,completed,
O0001034,U003860,treatment,2026-07-11 21:21:25.410658342,119.16,completed,
O0001035,U003867,treatment,2026-07-13 00:05:48.664804066,131.27,completed,
O0001036,U003869,treatment,2026-07-10 20:02:40.997263278,68.26,completed,
O0001037,U003873,treatment,2026-07-04 14:27:14.108542526,101.96,completed,
O0001038,U003880,treatment,2026-07-13 06:53:11.089883314,142.23,completed,
O0001039,U003881,control,2026-07-03 23:20:23.632627004,84.7,refunded,2026-07-07 23:20:23.632627004
O0001040,U003882,control,2026-07-03 21:53:35.831207926,79.0,completed,
O0001041,U003883,treatment,2026-07-14 02:11:25.523551594,223.53,completed,
O0001042,U003886,treatment,2026-07-10 07:52:33.055285958,26.18,completed,
O0001043,U003892,control,2026-07-01 12:08:28.666525150,51.62,completed,
O0001044,U003899,treatment,2026-07-04 17:37:55.381955040,291.16,completed,
O0001045,U003901,treatment,2026-07-12 14:14:53.497615997,48.66,completed,
O0001046,U003902,control,2026-07-05 17:36:24.213986404,50.0,completed,
O0001047,U003903,treatment,2026-07-04 16:11:21.398002656,106.58,completed,
O0001048,U003907,control,2026-07-11 02:11:47.364988530,102.09,completed,
O0001049,U003908,control,2026-07-02 02:28:44.393606524,93.68,completed,
O0001050,U003910,control,2026-07-06 23:24:33.962495299,35.46,completed,
O0001051,U003911,control,2026-07-13 12:49:48.160015339,113.69,completed,
O0001052,U003913,control,2026-07-07 16:04:56.846144332,112.75,completed,
O0001053,U003914,control,2026-07-13 01:22:35.718162934,81.44,completed,
O0001054,U003922,treatment,2026-07-14 19:06:39.133439348,159.69,completed,
O0001055,U003930,treatment,2026-07-01 18:48:30.230884366,72.25,completed,
O0001056,U003934,control,2026-07-02 09:25:37.311321220,68.57,completed,
O0001057,U003935,treatment,2026-07-07 11:08:40.346972842,75.26,completed,
O0001058,U003936,treatment,2026-07-13 04:50:07.752437332,80.37,completed,
O0001059,U003938,control,2026-07-08 07:42:59.201049540,75.25,completed,
O0001060,U003939,control,2026-07-03 10:02:25.360609480,108.14,cancelled,2026-07-08 10:02:25.360609480
O0001061,U003942,control,2026-07-02 21:08:35.522942726,54.78,cancelled,2026-07-05 21:08:35.522942726
O0001062,U003943,treatment,2026-07-01 09:54:36.740961338,76.36,completed,
O0001063,U003947,control,2026-07-12 19:39:43.194926520,121.14,completed,
O0001064,U003949,control,2026-07-01 12:20:43.785691604,105.11,cancelled,2026-07-03 12:20:43.785691604
O0001065,U003951,treatment,2026-07-07 02:36:11.164792018,70.26,completed,
O0001066,U003953,control,2026-07-07 05:03:02.795139598,142.52,completed,
O0001067,U003954,control,2026-07-04 19:15:06.862371710,128.71,completed,
O0001068,U003958,control,2026-07-04 02:31:45.509243870,77.95,completed,
O0001069,U003959,treatment,2026-07-11 14:16:19.692236718,78.25,completed,
O0001070,U003968,treatment,2026-07-02 13:36:50.422204028,35.03,completed,
O0001071,U003970,treatment,2026-07-12 10:49:36.315291036,47.34,completed,
O0001072,U003978,control,2026-07-02 07:58:14.752929962,116.98,completed,
O0001073,U003984,treatment,2026-07-05 06:08:52.076958520,108.72,completed,
O0001074,U003988,treatment,2026-07-11 21:28:53.069076896,61.45,completed,
O0001075,U003989,treatment,2026-07-12 19:56:36.519695206,49.02,completed,
O0001076,U003992,control,2026-07-06 12:20:27.519956188,85.67,completed,
O0001077,U003993,treatment,2026-07-14 23:36:53.521528778,79.4,completed,
O0001078,U003997,treatment,2026-07-05 18:19:50.815838237,61.88,completed,
O0001079,U004000,treatment,2026-07-02 19:24:56.635425380,57.58,completed,
O0001080,U004004,control,2026-07-11 05:24:25.356621616,78.54,completed,
O0001081,U004005,treatment,2026-07-07 06:57:28.647922870,188.27,completed,
O0001082,U004007,treatment,2026-07-03 18:00:37.048333390,186.42,completed,
O0001083,U004008,treatment,2026-07-04 00:55:38.903381486,64.01,completed,
O0001084,U004015,control,2026-07-09 16:34:00.605756836,70.64,completed,
O0001085,U004023,treatment,2026-07-13 17:17:35.748741414,93.72,completed,
O0001086,U004030,treatment,2026-07-10 02:55:31.799493080,96.02,completed,
O0001087,U004034,control,2026-07-14 16:23:21.612463930,51.35,completed,
O0001088,U004036,treatment,2026-07-09 21:49:21.811931140,130.38,completed,
O0001089,U004037,treatment,2026-07-03 16:00:59.854327202,104.56,completed,
O0001090,U004049,control,2026-07-09 12:18:23.819789044,129.39,refunded,2026-07-14 12:18:23.819789044
O0001091,U004053,treatment,2026-07-04 19:42:10.357523374,48.01,completed,
O0001092,U004055,control,2026-07-13 11:25:53.061161666,97.08,completed,
O0001093,U004056,treatment,2026-07-13 22:02:37.339433764,48.32,completed,
O0001094,U004059,treatment,2026-07-11 07:49:33.428696982,42.52,completed,
O0001095,U004062,treatment,2026-07-07 09:53:57.390412646,47.47,completed,
O0001096,U004064,control,2026-07-05 03:27:06.830597459,44.5,completed,
O0001097,U004076,control,2026-07-09 12:23:31.224066568,56.38,refunded,2026-07-10 12:23:31.224066568
O0001098,U004077,treatment,2026-07-06 20:52:18.925006348,81.26,completed,
O0001099,U004081,control,2026-07-01 08:45:07.539760882,121.46,completed,
O0001100,U004089,treatment,2026-07-03 20:50:05.521866184,95.45,completed,
O0001101,U004090,treatment,2026-07-02 18:40:40.801226364,77.68,completed,
O0001102,U004095,treatment,2026-07-12 20:44:23.107875986,111.95,completed,
O0001103,U004096,treatment,2026-07-01 17:38:27.084074370,148.93,completed,
O0001104,U004098,control,2026-07-04 12:44:27.776632572,21.18,completed,
O0001105,U004105,control,2026-07-02 14:35:15.903201329,113.94,completed,
O0001106,U004107,control,2026-07-14 02:07:26.626786192,64.76,completed,
O0001107,U004108,treatment,2026-07-10 23:51:21.963444878,160.62,completed,
O0001108,U004111,control,2026-07-01 19:44:59.930185567,36.15,completed,
O0001109,U004114,treatment,2026-07-05 02:59:56.015034489,104.31,completed,
O0001110,U004115,treatment,2026-07-08 09:04:23.779201012,54.35,completed,
O0001111,U004116,treatment,2026-07-04 15:14:16.131341334,233.24,completed,
O0001112,U004117,treatment,2026-07-04 09:17:49.183529406,37.8,completed,
O0001113,U004123,control,2026-07-12 22:33:30.666653410,103.51,completed,
O0001114,U004132,treatment,2026-07-04 08:38:21.335961356,54.66,completed,
O0001115,U004134,control,2026-07-10 20:35:26.899110488,70.11,completed,
O0001116,U004135,control,2026-07-03 09:53:12.428079104,92.38,completed,
O0001117,U004138,treatment,2026-07-13 04:47:17.077963052,154.48,completed,
O0001118,U004149,treatment,2026-07-06 13:09:18.764897573,58.28,completed,
O0001119,U004150,control,2026-07-12 13:53:20.198672406,75.65,completed,
O0001120,U004153,treatment,2026-07-01 22:01:52.978749939,47.42,completed,
O0001121,U004166,treatment,2026-07-14 10:28:46.201353874,36.04,completed,
O0001122,U004167,treatment,2026-07-09 22:39:15.209244410,68.96,completed,
O0001123,U004182,treatment,2026-07-04 01:47:19.617933714,93.18,completed,
O0001124,U004189,control,2026-07-04 20:11:12.858726510,136.22,completed,
O0001125,U004190,treatment,2026-07-11 06:05:08.352879908,34.99,completed,
O0001126,U004192,control,2026-07-13 10:17:57.494854166,200.44,completed,
O0001127,U004193,control,2026-07-08 14:10:32.150000188,105.1,completed,
O0001128,U004194,treatment,2026-07-02 23:51:27.543075794,75.51,completed,
O0001129,U004195,control,2026-07-13 13:43:30.096304274,114.84,completed,
O0001130,U004198,control,2026-07-02 13:22:18.226963416,135.64,completed,
O0001131,U004202,control,2026-07-03 12:33:20.490241650,177.17,completed,
O0001132,U004212,treatment,2026-07-14 08:16:47.713185912,149.36,completed,
O0001133,U004216,treatment,2026-07-07 23:49:14.431019782,56.73,completed,
O0001134,U004217,treatment,2026-07-03 05:47:02.574686063,117.49,completed,
O0001135,U004223,control,2026-07-13 13:08:52.197587820,68.18,completed,
O0001136,U004225,control,2026-07-05 00:18:09.843803994,225.16,completed,
O0001137,U004227,treatment,2026-07-03 05:52:40.164389939,118.86,completed,
O0001138,U004233,treatment,2026-07-09 09:32:03.801426166,84.81,completed,
O0001139,U004237,treatment,2026-07-07 03:31:59.811812988,99.5,completed,
O0001140,U004240,treatment,2026-07-07 04:27:38.496757496,82.02,refunded,2026-07-10 04:27:38.496757496
O0001141,U004243,treatment,2026-07-08 10:58:05.799567198,87.33,completed,
O0001142,U004246,control,2026-07-14 21:49:39.341840714,254.17,completed,
O0001143,U004249,treatment,2026-07-07 13:09:00.454898856,122.0,completed,
O0001144,U004251,treatment,2026-07-07 17:18:24.656609566,82.83,completed,
O0001145,U004254,treatment,2026-07-07 06:54:24.190289246,72.9,completed,
O0001146,U004255,treatment,2026-07-12 09:18:22.610570218,77.84,completed,
O0001147,U004259,control,2026-07-07 08:35:12.347479604,47.56,completed,
O0001148,U004261,control,2026-07-11 17:15:21.801492654,95.37,completed,
O0001149,U004262,treatment,2026-07-05 02:38:42.724208054,115.95,completed,
O0001150,U004266,treatment,2026-07-01 09:42:42.836549702,121.7,completed,
O0001151,U004269,control,2026-07-14 05:29:29.189239932,41.36,completed,
O0001152,U004284,control,2026-07-12 10:01:45.809746132,109.9,completed,
O0001153,U004285,treatment,2026-07-11 23:04:11.585595864,111.13,refunded,2026-07-13 23:04:11.585595864
O0001154,U004287,control,2026-07-11 22:13:42.966363798,103.4,completed,
O0001155,U004293,control,2026-07-13 11:05:35.492369334,115.65,completed,
O0001156,U004294,treatment,2026-07-08 13:38:18.033008994,69.77,completed,
O0001157,U004295,treatment,2026-07-02 06:52:31.159659452,111.08,completed,
O0001158,U004296,treatment,2026-07-02 15:22:29.446747408,142.63,completed,
O0001159,U004300,control,2026-07-14 05:26:47.361116814,74.65,completed,
O0001160,U004311,treatment,2026-07-02 00:29:45.737073026,76.97,completed,
O0001161,U004315,control,2026-07-12 18:16:00.866510616,55.38,completed,
O0001162,U004323,control,2026-07-12 05:23:02.041069424,138.09,completed,
O0001163,U004325,treatment,2026-07-10 23:19:30.981101698,100.08,completed,
O0001164,U004326,control,2026-07-02 01:15:04.086312974,60.4,completed,
O0001165,U004328,control,2026-07-12 13:05:35.244215296,86.6,refunded,2026-07-14 13:05:35.244215296
O0001166,U004329,treatment,2026-07-11 12:16:46.349795736,131.74,completed,
O0001167,U004330,treatment,2026-07-03 03:54:04.210165924,111.12,completed,
O0001168,U004331,treatment,2026-07-10 21:21:59.027123796,49.26,completed,
O0001169,U004332,treatment,2026-07-13 09:14:33.654894825,39.89,completed,
O0001170,U004333,control,2026-07-05 12:03:21.086037856,119.85,completed,
O0001171,U004344,treatment,2026-07-04 21:39:56.040778760,45.59,completed,
O0001172,U004355,treatment,2026-07-15 00:13:36.587164100,101.82,completed,
O0001173,U004358,treatment,2026-07-03 13:42:52.201120334,68.87,completed,
O0001174,U004360,control,2026-07-08 19:38:46.228044688,46.52,completed,
O0001175,U004361,treatment,2026-07-13 13:39:29.967653028,147.83,completed,
O0001176,U004362,control,2026-07-04 06:01:55.621554146,64.64,completed,
O0001177,U004366,treatment,2026-07-10 04:33:38.520641506,52.68,completed,
O0001178,U004370,treatment,2026-07-06 15:29:48.678067378,95.61,completed,
O0001179,U004372,control,2026-07-06 23:07:41.525386366,122.0,completed,
O0001180,U004380,treatment,2026-07-03 18:45:01.169147920,48.3,completed,
O0001181,U004384,treatment,2026-07-11 03:56:50.328947762,61.98,completed,
O0001182,U004390,control,2026-07-03 02:04:52.447759368,118.84,completed,
O0001183,U004391,control,2026-07-09 14:56:13.974546850,38.42,completed,
O0001184,U004395,control,2026-07-07 13:25:36.985043172,57.83,completed,
O0001185,U004397,control,2026-07-12 15:28:13.126074204,37.6,completed,
O0001186,U004399,treatment,2026-07-09 23:28:48.827473576,109.11,completed,
O0001187,U004404,treatment,2026-07-05 12:09:45.214242350,87.2,completed,
O0001188,U004405,control,2026-07-08 18:30:04.070473920,147.67,completed,
O0001189,U004409,control,2026-07-10 16:45:19.808699744,113.33,completed,
O0001190,U004415,treatment,2026-07-13 02:13:13.236141054,77.5,completed,
O0001191,U004417,control,2026-07-05 11:34:51.814907526,86.51,completed,
O0001192,U004430,treatment,2026-07-05 05:38:27.401640080,140.79,completed,
O0001193,U004433,control,2026-07-14 10:12:05.263210062,64.99,completed,
O0001194,U004434,treatment,2026-07-06 01:46:20.957132089,96.69,completed,
O0001195,U004438,control,2026-07-09 06:03:49.707604228,48.65,completed,
O0001196,U004441,control,2026-07-08 03:01:03.735475720,78.54,cancelled,2026-07-15 03:01:03.735475720
O0001197,U004448,treatment,2026-07-05 05:27:59.053661050,61.77,completed,
O0001198,U004453,treatment,2026-07-06 11:48:47.085654806,46.5,completed,
O0001199,U004457,treatment,2026-07-09 16:06:15.979352156,69.12,completed,
O0001200,U004477,control,2026-07-08 06:09:11.137883320,154.63,completed,
O0001201,U004484,treatment,2026-07-10 13:18:06.689847788,64.64,completed,
O0001202,U004488,control,2026-07-02 21:01:22.780102330,143.38,completed,
O0001203,U004493,control,2026-07-08 03:22:51.027766204,119.11,completed,
O0001204,U004498,control,2026-07-02 19:33:03.746076319,77.33,completed,
O0001205,U004499,control,2026-07-13 07:45:29.867568548,65.05,completed,
O0001206,U004505,control,2026-07-02 09:52:30.954004348,47.54,completed,
O0001207,U004506,control,2026-07-10 22:03:00.347480166,107.39,completed,
O0001208,U004512,control,2026-07-05 11:35:36.355422394,87.38,completed,
O0001209,U004514,treatment,2026-07-01 20:12:26.422641116,60.94,completed,
O0001210,U004515,treatment,2026-07-07 09:01:16.346305250,45.5,completed,
O0001211,U004516,treatment,2026-07-03 15:12:40.991721552,76.36,completed,
O0001212,U004528,control,2026-07-02 13:26:53.590726794,70.24,completed,
O0001213,U004530,control,2026-07-11 01:06:37.588857976,99.24,completed,
O0001214,U004545,control,2026-07-05 19:39:27.214609406,74.01,completed,
O0001215,U004549,control,2026-07-03 06:04:41.829273336,55.47,completed,
O0001216,U004553,treatment,2026-07-10 17:16:58.415527638,76.02,completed,
O0001217,U004554,control,2026-07-07 18:08:36.051798474,84.87,completed,
O0001218,U004558,treatment,2026-07-09 23:02:56.160629502,201.17,completed,
O0001219,U004560,control,2026-07-12 21:36:33.534769558,78.09,completed,
O0001220,U004562,control,2026-07-08 22:34:35.398050130,48.12,completed,
O0001221,U004565,treatment,2026-07-06 08:19:03.392551720,101.07,completed,
O0001222,U004568,treatment,2026-07-04 08:06:02.320797084,108.59,completed,
O0001223,U004569,control,2026-07-06 22:06:56.335830708,119.34,completed,
O0001224,U004573,treatment,2026-07-06 17:50:58.981052720,29.31,completed,
O0001225,U004585,treatment,2026-07-03 09:00:17.982766878,29.33,completed,
O0001226,U004590,treatment,2026-07-06 05:39:55.043315186,128.68,completed,
O0001227,U004593,control,2026-07-06 11:35:18.292060800,67.19,completed,
O0001228,U004608,control,2026-07-09 14:52:25.901091778,56.17,completed,
O0001229,U004615,treatment,2026-07-07 09:57:17.635246436,202.44,completed,
O0001230,U004616,control,2026-07-10 20:36:13.678422996,73.46,completed,
O0001231,U004620,treatment,2026-07-13 04:46:55.715191352,65.56,completed,
O0001232,U004631,treatment,2026-07-03 21:19:26.740663966,129.62,completed,
O0001233,U004635,treatment,2026-07-05 04:00:53.518416640,53.38,completed,
O0001234,U004639,control,2026-07-11 20:40:01.749442900,90.99,completed,
O0001235,U004643,control,2026-07-12 10:37:14.650793550,45.64,completed,
O0001236,U004644,control,2026-07-03 02:18:17.848647026,41.02,completed,
O0001237,U004646,treatment,2026-07-07 16:57:36.739063440,27.52,completed,
O0001238,U004647,control,2026-07-11 17:03:25.823124622,92.1,completed,
O0001239,U004648,treatment,2026-07-02 06:19:30.650012953,50.83,completed,
O0001240,U004650,treatment,2026-07-14 20:33:00.176758224,187.6,completed,
O0001241,U004667,treatment,2026-07-09 13:42:13.868873476,60.62,completed,
O0001242,U004668,treatment,2026-07-10 00:48:28.663189986,84.62,completed,
O0001243,U004669,control,2026-07-02 03:29:37.502853518,169.94,completed,
O0001244,U004678,control,2026-07-08 13:17:25.619626390,72.34,completed,
O0001245,U004679,treatment,2026-07-09 02:01:08.728527858,52.41,completed,
O0001246,U004688,treatment,2026-07-03 23:15:59.872998974,138.48,completed,
O0001247,U004708,treatment,2026-07-02 15:44:02.903015572,76.93,completed,
O0001248,U004710,treatment,2026-07-07 01:09:58.471816416,106.9,completed,
O0001249,U004711,treatment,2026-07-09 11:23:55.711027396,221.57,completed,
O0001250,U004716,control,2026-07-12 10:18:05.079069296,75.8,completed,
O0001251,U004717,treatment,2026-07-04 02:06:51.969414164,109.91,completed,
O0001252,U004718,control,2026-07-07 12:21:51.745465638,62.01,completed,
O0001253,U004721,treatment,2026-07-05 04:03:04.953145726,148.83,completed,
O0001254,U004725,treatment,2026-07-07 15:17:31.280957860,52.88,completed,
O0001255,U004727,control,2026-07-12 22:53:06.596520864,173.18,completed,
O0001256,U004734,treatment,2026-07-14 00:24:59.233962510,64.82,completed,
O0001257,U004739,treatment,2026-07-13 15:12:17.225902532,116.28,completed,
O0001258,U004745,control,2026-07-01 22:26:02.167813786,106.14,completed,
O0001259,U004746,control,2026-07-09 13:55:06.507335406,135.49,completed,
O0001260,U004755,control,2026-07-09 01:40:26.136434650,71.98,completed,
O0001261,U004757,control,2026-07-08 03:17:44.530610689,108.44,completed,
O0001262,U004758,treatment,2026-07-06 21:55:38.680214226,195.73,completed,
O0001263,U004760,treatment,2026-07-14 12:10:29.480384368,184.98,completed,
O0001264,U004763,treatment,2026-07-08 18:13:57.287797144,38.89,completed,
O0001265,U004766,control,2026-07-14 09:24:05.055434292,69.86,completed,
O0001266,U004768,treatment,2026-07-04 19:55:49.596986384,88.01,completed,
O0001267,U004772,control,2026-07-12 18:23:45.755310846,87.87,cancelled,2026-07-14 18:23:45.755310846
O0001268,U004781,treatment,2026-07-01 22:28:42.033752490,85.49,completed,
O0001269,U004783,control,2026-07-10 13:35:10.634863030,93.91,completed,
O0001270,U004787,control,2026-07-06 04:38:01.144334254,70.46,completed,
O0001271,U004795,control,2026-07-09 09:56:32.111809504,96.98,completed,
O0001272,U004798,control,2026-07-06 19:09:53.169819766,116.86,completed,
O0001273,U004804,control,2026-07-10 02:34:37.652733144,164.49,completed,
O0001274,U004807,treatment,2026-07-02 09:22:52.150834692,96.78,completed,
O0001275,U004811,control,2026-07-07 21:52:20.281732050,95.21,completed,
O0001276,U004812,control,2026-07-09 03:08:45.899612600,82.09,completed,
O0001277,U004819,control,2026-07-02 10:16:42.685479432,153.06,completed,
O0001278,U004822,treatment,2026-07-01 04:33:19.986773382,96.49,refunded,2026-07-07 04:33:19.986773382
O0001279,U004825,control,2026-07-09 10:09:12.904776532,102.78,refunded,2026-07-10 10:09:12.904776532
O0001280,U004829,control,2026-07-13 08:32:48.305654994,82.18,completed,
O0001281,U004833,control,2026-07-05 23:31:09.801959774,86.41,completed,
O0001282,U004845,treatment,2026-07-05 14:19:00.770614344,131.88,completed,
O0001283,U004849,treatment,2026-07-04 06:18:05.661389052,81.44,completed,
O0001284,U004859,treatment,2026-07-07 04:18:15.888081180,100.56,completed,
O0001285,U004866,treatment,2026-07-02 19:14:12.315235704,95.84,completed,
O0001286,U004871,treatment,2026-07-09 05:51:19.926161172,60.09,completed,
O0001287,U004874,treatment,2026-07-11 22:58:26.574518922,63.61,completed,
O0001288,U004876,control,2026-07-12 07:27:06.297990740,86.62,completed,
O0001289,U004879,treatment,2026-07-14 12:49:28.811386950,210.14,completed,
O0001290,U004888,control,2026-07-06 10:09:20.261471476,97.37,completed,
O0001291,U004889,treatment,2026-07-01 15:42:10.184910083,102.88,completed,
O0001292,U004891,treatment,2026-07-14 20:57:52.194617126,89.86,completed,
O0001293,U004893,control,2026-07-05 02:40:47.854444967,121.76,completed,
O0001294,U004895,control,2026-07-11 06:43:25.823256690,35.84,completed,
O0001295,U004897,control,2026-07-07 15:07:57.674852692,96.35,completed,
O0001296,U004905,control,2026-07-04 11:34:30.257852514,36.4,completed,
O0001297,U004907,control,2026-07-09 11:19:06.565422974,105.9,completed,
O0001298,U004908,treatment,2026-07-13 11:13:20.342020744,90.77,completed,
O0001299,U004915,control,2026-07-06 17:18:09.958609046,79.87,completed,
O0001300,U004918,control,2026-07-04 00:00:43.755052988,132.23,completed,
O0001301,U004919,control,2026-07-11 16:11:19.010638250,66.12,completed,
O0001302,U004920,treatment,2026-07-12 17:47:01.781951922,93.06,completed,
O0001303,U004924,control,2026-07-02 01:41:33.299616820,133.14,completed,
O0001304,U004936,treatment,2026-07-10 20:06:13.827945042,64.33,completed,
O0001305,U004939,treatment,2026-07-14 22:19:36.984055100,110.19,completed,
O0001306,U004941,control,2026-07-08 14:34:37.656059866,98.58,completed,
O0001307,U004943,treatment,2026-07-03 13:02:59.860367144,145.31,completed,
O0001308,U004945,control,2026-07-03 07:56:15.128588778,96.1,completed,
O0001309,U004953,treatment,2026-07-07 12:50:35.335586634,90.51,completed,
O0001310,U004959,control,2026-07-07 15:21:49.127645140,155.95,refunded,2026-07-10 15:21:49.127645140
O0001311,U004961,treatment,2026-07-14 13:11:21.277579386,87.41,refunded,2026-07-15 13:11:21.277579386
O0001312,U004964,control,2026-07-03 18:19:31.546227150,114.47,completed,
O0001313,U004967,control,2026-07-08 00:54:10.437284074,60.07,completed,
O0001314,U004968,treatment,2026-07-12 08:11:10.131160704,62.86,completed,
O0001315,U004972,treatment,2026-07-06 08:46:43.369562198,103.76,completed,
O0001316,U004978,treatment,2026-07-01 13:38:51.696134480,127.05,completed,
O0001317,U004980,control,2026-07-14 18:17:20.409333990,118.72,completed,
O0001318,U004984,control,2026-07-07 11:39:08.835529766,89.7,completed,
O0001319,U004985,control,2026-07-03 13:54:44.706420330,52.01,completed,
O0001320,U004993,control,2026-07-04 20:43:05.422656664,261.18,completed,
O0001321,U005006,treatment,2026-07-02 00:12:05.186382982,272.97,completed,
O0001322,U005008,treatment,2026-07-09 02:48:52.645143128,129.06,completed,
O0001323,U005013,treatment,2026-07-08 14:57:16.663999926,117.65,completed,
O0001324,U005017,treatment,2026-07-02 12:36:17.214669028,108.93,completed,
O0001325,U005018,treatment,2026-07-08 19:21:34.599978152,95.71,completed,
O0001326,U005020,treatment,2026-07-02 14:03:33.138992560,97.67,completed,
O0001327,U005025,control,2026-07-03 01:07:26.734482554,106.1,completed,
O0001328,U005032,treatment,2026-07-11 06:17:18.496986007,70.69,completed,
O0001329,U005033,treatment,2026-07-13 06:28:17.429829658,82.8,completed,
O0001330,U005036,control,2026-07-14 03:02:48.763758190,110.64,completed,
O0001331,U005039,control,2026-07-10 02:27:51.484491748,123.83,completed,
O0001332,U005040,treatment,2026-07-06 07:15:55.843077224,74.33,completed,
O0001333,U005042,treatment,2026-07-07 14:58:14.311004944,64.94,completed,
O0001334,U005044,treatment,2026-07-06 06:11:59.649668366,72.39,completed,
O0001335,U005053,treatment,2026-07-05 15:23:23.137000994,108.8,completed,
O0001336,U005059,treatment,2026-07-07 19:26:59.809867980,88.86,completed,
O0001337,U005061,control,2026-07-06 15:57:26.939272592,108.29,completed,
O0001338,U005062,control,2026-07-13 19:10:24.643168580,65.8,completed,
O0001339,U005069,control,2026-07-08 02:39:00.782012216,51.51,completed,
O0001340,U005070,treatment,2026-07-06 21:43:48.020819776,119.45,completed,
O0001341,U005075,control,2026-07-11 20:56:55.735459130,84.49,completed,
O0001342,U005076,treatment,2026-07-10 12:17:35.685112379,76.91,completed,
O0001343,U005078,treatment,2026-07-12 12:10:14.696941398,96.03,completed,
O0001344,U005081,treatment,2026-07-01 14:18:03.965420572,137.51,completed,
O0001345,U005082,treatment,2026-07-04 04:37:01.592817576,62.76,completed,
O0001346,U005083,control,2026-07-02 08:23:28.598733482,128.11,completed,
O0001347,U005085,treatment,2026-07-08 07:22:02.406128524,84.43,completed,
O0001348,U005089,treatment,2026-07-12 23:38:54.543910542,31.92,completed,
O0001349,U005093,treatment,2026-07-14 17:23:37.277502550,75.07,completed,
O0001350,U005097,control,2026-07-12 10:20:25.353941121,58.08,completed,
O0001351,U005106,treatment,2026-07-11 23:41:28.735184626,71.18,completed,
O0001352,U005107,control,2026-07-10 15:05:51.910612392,58.95,completed,
O0001353,U005109,control,2026-07-14 23:21:34.287972436,49.25,completed,
O0001354,U005110,control,2026-07-08 17:15:49.739279976,42.86,completed,
O0001355,U005116,treatment,2026-07-02 17:54:48.001535400,36.85,completed,
O0001356,U005119,treatment,2026-07-02 01:27:37.032957346,161.9,completed,
O0001357,U005120,treatment,2026-07-03 16:41:54.705480670,55.72,completed,
O0001358,U005123,treatment,2026-07-08 12:38:06.356311774,59.92,completed,
O0001359,U005124,control,2026-07-13 21:47:50.419816598,94.27,cancelled,2026-07-20 21:47:50.419816598
O0001360,U005128,treatment,2026-07-02 04:14:25.752522408,70.08,completed,
O0001361,U005129,control,2026-07-10 15:26:22.783948068,63.18,completed,
O0001362,U005133,treatment,2026-07-12 02:57:46.593224142,291.94,completed,
O0001363,U005141,treatment,2026-07-09 01:34:17.764708568,88.29,completed,
O0001364,U005143,control,2026-07-01 10:08:30.919172642,70.7,completed,
O0001365,U005149,treatment,2026-07-03 11:14:03.728844202,66.4,refunded,2026-07-07 11:14:03.728844202
O0001366,U005150,treatment,2026-07-09 05:16:52.858242724,101.76,completed,
O0001367,U005155,treatment,2026-07-08 04:26:38.321141466,38.02,completed,
O0001368,U005156,control,2026-07-01 03:54:11.435694750,54.97,completed,
O0001369,U005163,control,2026-07-04 13:18:09.605450256,79.4,completed,
O0001370,U005169,control,2026-07-11 19:38:54.041962911,56.6,completed,
O0001371,U005170,control,2026-07-14 09:57:06.965573252,61.36,completed,
O0001372,U005176,control,2026-07-08 07:53:34.443272722,82.42,completed,
O0001373,U005177,control,2026-07-03 15:02:19.049967316,110.22,completed,
O0001374,U005179,treatment,2026-07-12 19:11:33.631245786,126.88,completed,
O0001375,U005185,treatment,2026-07-09 12:21:59.076414969,93.33,completed,
O0001376,U005193,treatment,2026-07-13 07:09:15.262931696,113.07,completed,
O0001377,U005196,treatment,2026-07-13 14:25:23.179631606,56.95,completed,
O0001378,U005200,treatment,2026-07-05 09:30:56.057618898,103.12,refunded,2026-07-11 09:30:56.057618898
O0001379,U005207,treatment,2026-07-10 08:14:07.741335244,71.11,completed,
O0001380,U005208,treatment,2026-07-10 13:38:14.992506546,108.34,completed,
O0001381,U005217,control,2026-07-03 01:56:59.407116620,91.94,completed,
O0001382,U005218,treatment,2026-07-09 13:36:27.380604066,141.9,cancelled,2026-07-16 13:36:27.380604066
O0001383,U005221,treatment,2026-07-05 04:12:17.029407092,179.23,completed,
O0001384,U005225,treatment,2026-07-08 22:00:54.054983414,218.65,completed,
O0001385,U005227,control,2026-07-12 19:06:51.550134778,51.73,refunded,2026-07-15 19:06:51.550134778
O0001386,U005230,control,2026-07-12 23:37:15.407206356,63.57,completed,
O0001387,U005231,control,2026-07-02 17:15:31.657165428,175.05,completed,
O0001388,U005233,treatment,2026-07-13 17:42:40.735560176,52.99,completed,
O0001389,U005234,control,2026-07-03 00:57:54.849471716,107.57,completed,
O0001390,U005237,treatment,2026-07-04 18:16:44.318988964,72.17,completed,
O0001391,U005241,control,2026-07-02 22:49:49.417111268,89.7,completed,
O0001392,U005245,control,2026-07-09 07:26:28.475110292,67.64,completed,
O0001393,U005246,control,2026-07-04 06:00:18.142229057,31.68,completed,
O0001394,U005249,control,2026-07-13 20:15:21.836886434,223.8,completed,
O0001395,U005251,control,2026-07-06 21:26:53.297294628,88.15,completed,
O0001396,U005255,control,2026-07-13 05:32:28.893530457,97.56,completed,
O0001397,U005256,control,2026-07-01 14:52:19.560104048,143.83,completed,
O0001398,U005259,treatment,2026-07-12 12:37:52.065524618,94.04,completed,
O0001399,U005260,treatment,2026-07-13 16:27:34.244142628,101.21,completed,
O0001400,U005261,treatment,2026-07-02 12:14:41.927814400,118.18,completed,
O0001401,U005265,control,2026-07-09 10:41:05.127055120,92.74,completed,
O0001402,U005266,treatment,2026-07-14 08:58:49.520445504,128.32,completed,
O0001403,U005267,treatment,2026-07-11 16:17:31.535306584,93.68,completed,
O0001404,U005270,control,2026-07-10 20:33:40.447656974,58.0,completed,
O0001405,U005275,treatment,2026-07-08 09:11:36.207817560,42.69,completed,
O0001406,U005278,control,2026-07-11 21:18:00.314292066,78.67,completed,
O0001407,U005282,treatment,2026-07-05 20:49:56.331516406,76.51,completed,
O0001408,U005284,control,2026-07-01 13:07:37.096095696,85.3,completed,
O0001409,U005286,treatment,2026-07-14 02:09:47.499785044,36.48,completed,
O0001410,U005290,treatment,2026-07-13 01:51:19.884005994,47.35,completed,
O0001411,U005291,treatment,2026-07-02 06:35:24.080698478,160.84,completed,
O0001412,U005294,control,2026-07-07 12:53:24.398910300,99.47,completed,
O0001413,U005307,treatment,2026-07-06 08:28:19.270289874,92.87,completed,
O0001414,U005308,control,2026-07-13 21:04:34.202916620,72.0,completed,
O0001415,U005318,treatment,2026-07-03 08:01:52.713029188,71.93,completed,
O0001416,U005320,control,2026-07-09 06:07:12.395420876,100.31,completed,
O0001417,U005322,control,2026-07-06 19:06:43.909381300,129.24,completed,
O0001418,U005329,control,2026-07-08 13:51:57.588050828,141.38,completed,
O0001419,U005330,treatment,2026-07-08 13:20:24.036798448,88.75,completed,
O0001420,U005335,control,2026-07-06 14:17:27.992166578,120.79,completed,
O0001421,U005337,treatment,2026-07-06 19:46:22.643086002,50.79,completed,
O0001422,U005338,control,2026-07-14 05:39:49.197090674,74.26,completed,
O0001423,U005343,control,2026-07-02 19:59:04.051644452,80.43,completed,
O0001424,U005344,control,2026-07-07 02:48:15.447878382,69.2,completed,
O0001425,U005345,treatment,2026-07-13 07:30:46.892545822,93.13,completed,
O0001426,U005346,control,2026-07-05 12:29:34.646865288,183.08,refunded,2026-07-12 12:29:34.646865288
O0001427,U005349,treatment,2026-07-01 06:39:37.637793466,78.57,completed,
O0001428,U005352,control,2026-07-11 18:24:22.323213876,110.25,completed,
O0001429,U005354,treatment,2026-07-11 01:13:09.044624288,129.92,completed,
O0001430,U005358,control,2026-07-05 07:13:28.245732134,61.36,completed,
O0001431,U005360,treatment,2026-07-06 07:17:24.421126606,88.71,completed,
O0001432,U005363,treatment,2026-07-02 08:51:48.942451958,77.21,completed,
O0001433,U005367,treatment,2026-07-14 15:55:18.590631582,82.47,completed,
O0001434,U005369,control,2026-07-08 07:40:40.960254780,89.73,completed,
O0001435,U005373,treatment,2026-07-12 11:11:06.404468155,100.63,completed,
O0001436,U005375,control,2026-07-01 11:00:40.703270082,85.95,completed,
O0001437,U005376,control,2026-07-09 23:15:20.701077640,89.18,completed,
O0001438,U005384,control,2026-07-03 22:55:37.068984830,92.7,completed,
O0001439,U005394,treatment,2026-07-13 11:25:40.268676918,95.23,completed,
O0001440,U005396,treatment,2026-07-10 00:08:56.625037550,76.66,completed,
O0001441,U005397,treatment,2026-07-12 06:25:59.986210588,94.0,completed,
O0001442,U005401,treatment,2026-07-09 00:27:57.291860816,120.13,completed,
O0001443,U005408,control,2026-07-04 13:18:08.655206774,154.35,completed,
O0001444,U005423,control,2026-07-08 02:57:53.744983230,219.98,refunded,2026-07-13 02:57:53.744983230
O0001445,U005427,treatment,2026-07-10 10:02:27.540220168,72.81,completed,
O0001446,U005428,treatment,2026-07-06 14:19:26.632446998,94.63,completed,
O0001447,U005434,control,2026-07-11 19:34:02.662605944,195.52,completed,
O0001448,U005438,control,2026-07-03 07:58:39.322110668,113.38,completed,
O0001449,U005444,control,2026-07-10 14:52:41.573913868,51.62,completed,
O0001450,U005446,control,2026-07-07 08:39:57.178368972,66.64,completed,
O0001451,U005453,control,2026-07-01 17:32:14.408121460,69.44,completed,
O0001452,U005457,control,2026-07-04 08:52:27.803784150,45.03,completed,
O0001453,U005462,control,2026-07-07 00:55:58.558043668,131.8,completed,
O0001454,U005479,control,2026-07-03 16:51:14.305909334,44.51,completed,
O0001455,U005487,control,2026-07-02 02:01:27.061485090,44.83,completed,
O0001456,U005490,control,2026-07-02 16:41:14.204570900,79.85,completed,
O0001457,U005491,treatment,2026-07-02 23:30:03.065964284,93.15,completed,
O0001458,U005496,treatment,2026-07-03 10:36:07.302908336,19.15,completed,
O0001459,U005498,treatment,2026-07-05 06:57:37.556960376,92.64,cancelled,2026-07-08 06:57:37.556960376
O0001460,U005500,control,2026-07-07 21:58:59.885824932,151.69,completed,
O0001461,U005505,treatment,2026-07-14 23:21:51.991432194,166.98,completed,
O0001462,U005507,treatment,2026-07-01 17:01:36.841638224,89.53,completed,
O0001463,U005520,control,2026-07-08 15:23:41.535072096,89.16,completed,
O0001464,U005521,treatment,2026-07-09 05:52:49.034953714,79.87,completed,
O0001465,U005524,treatment,2026-07-01 06:20:13.373850678,126.0,completed,
O0001466,U005529,control,2026-07-13 03:02:29.964508754,113.84,completed,
O0001467,U005530,control,2026-07-12 14:15:42.865344500,90.59,completed,
O0001468,U005536,treatment,2026-07-13 08:34:02.166274858,66.05,completed,
O0001469,U005537,treatment,2026-07-08 14:31:44.439978136,104.01,completed,
O0001470,U005540,treatment,2026-07-04 11:19:52.419585757,135.63,completed,
O0001471,U005543,treatment,2026-07-07 09:33:05.954775824,79.67,completed,
O0001472,U005549,control,2026-07-04 22:41:45.478757122,164.29,completed,
O0001473,U005556,treatment,2026-07-05 22:51:33.681780920,87.33,completed,
O0001474,U005561,control,2026-07-15 00:16:15.742010191,80.7,completed,
O0001475,U005563,treatment,2026-07-10 06:38:54.211205674,127.16,completed,
O0001476,U005567,treatment,2026-07-04 18:30:01.112653961,47.19,completed,
O0001477,U005570,control,2026-07-06 11:20:39.455970270,125.69,completed,
O0001478,U005575,control,2026-07-14 05:26:19.216461448,57.73,completed,
O0001479,U005579,control,2026-07-06 05:22:35.974423116,75.78,completed,
O0001480,U005587,control,2026-07-02 10:40:25.246858036,69.93,completed,
O0001481,U005594,treatment,2026-07-03 05:14:16.590305270,100.1,completed,
O0001482,U005595,treatment,2026-07-07 06:21:16.367751040,105.05,completed,
O0001483,U005607,control,2026-07-07 23:04:36.309491404,67.44,completed,
O0001484,U005610,control,2026-07-08 14:52:56.211442416,82.83,completed,
O0001485,U005616,control,2026-07-01 14:39:59.656030750,67.28,completed,
O0001486,U005626,control,2026-07-09 05:20:30.763792312,92.07,completed,
O0001487,U005628,treatment,2026-07-12 05:12:59.723093520,75.22,completed,
O0001488,U005629,control,2026-07-14 18:43:07.322734366,133.95,completed,
O0001489,U005630,treatment,2026-07-04 09:02:58.208954908,98.76,completed,
O0001490,U005631,treatment,2026-07-05 16:40:30.694020650,58.52,completed,
O0001491,U005639,treatment,2026-07-06 04:50:00.630466498,50.42,completed,
O0001492,U005640,control,2026-07-06 10:11:38.742292020,130.23,completed,
O0001493,U005645,control,2026-07-06 22:50:02.503100436,156.46,completed,
O0001494,U005648,control,2026-07-04 07:00:01.532674956,146.3,completed,
O0001495,U005651,treatment,2026-07-02 19:49:45.370019310,60.17,completed,
O0001496,U005656,control,2026-07-10 02:54:35.034106954,118.0,completed,
O0001497,U005663,control,2026-07-04 10:12:54.397691676,54.24,completed,
O0001498,U005666,treatment,2026-07-02 01:58:55.405516088,101.56,completed,
O0001499,U005669,control,2026-07-14 07:52:45.509215150,127.09,completed,
O0001500,U005670,treatment,2026-07-10 07:08:33.889342790,54.25,completed,
O0001501,U005672,treatment,2026-07-11 05:07:01.376216948,93.43,completed,
O0001502,U005676,treatment,2026-07-02 09:00:25.980614638,71.15,completed,
O0001503,U005678,control,2026-07-13 20:00:20.896772298,73.77,completed,
O0001504,U005682,treatment,2026-07-15 00:08:17.536829096,83.0,completed,
O0001505,U005683,treatment,2026-07-11 14:06:39.347050874,65.21,completed,
O0001506,U005684,control,2026-07-02 21:23:34.086492998,52.99,completed,
O0001507,U005685,control,2026-07-14 20:15:28.937283830,162.78,completed,
O0001508,U005689,control,2026-07-10 13:35:31.216374318,129.9,completed,
O0001509,U005691,treatment,2026-07-03 01:36:00.153980490,128.34,completed,
O0001510,U005693,treatment,2026-07-01 19:25:01.043077562,93.47,completed,
O0001511,U005696,treatment,2026-07-08 20:09:26.210403274,121.42,completed,
O0001512,U005699,control,2026-07-09 15:48:42.053299424,68.83,completed,
O0001513,U005700,treatment,2026-07-05 03:25:12.880657388,113.91,completed,
O0001514,U005701,treatment,2026-07-06 02:21:14.648847022,78.2,completed,
O0001515,U005710,control,2026-07-14 10:49:50.880490312,74.88,completed,
O0001516,U005711,treatment,2026-07-15 01:11:49.611426060,135.02,completed,
O0001517,U005713,control,2026-07-10 15:16:29.747413348,181.71,refunded,2026-07-11 15:16:29.747413348
O0001518,U005714,treatment,2026-07-04 00:13:36.274571374,65.04,completed,
O0001519,U005720,control,2026-07-07 19:54:42.945464846,62.53,completed,
O0001520,U005721,treatment,2026-07-04 16:35:59.499706052,62.17,completed,
O0001521,U005731,treatment,2026-07-08 06:25:13.433943710,36.85,completed,
O0001522,U005738,treatment,2026-07-02 13:22:27.802799316,105.89,completed,
O0001523,U005746,treatment,2026-07-13 09:52:41.598282238,123.28,completed,
O0001524,U005757,treatment,2026-07-14 16:40:14.908836692,75.7,completed,
O0001525,U005759,treatment,2026-07-04 01:51:12.031823209,134.61,completed,
O0001526,U005760,control,2026-07-09 20:40:40.081768990,86.23,completed,
O0001527,U005761,control,2026-07-09 02:09:38.989809796,55.04,completed,
O0001528,U005769,treatment,2026-07-05 15:26:58.503793066,66.31,completed,
O0001529,U005774,treatment,2026-07-10 14:06:46.838919093,146.4,completed,
O0001530,U005782,treatment,2026-07-04 01:41:41.086466766,84.41,completed,
O0001531,U005783,treatment,2026-07-05 00:54:42.300821756,130.76,completed,
O0001532,U005784,treatment,2026-07-05 15:01:11.050711780,126.96,completed,
O0001533,U005786,control,2026-07-03 04:45:29.165554636,158.24,completed,
O0001534,U005788,control,2026-07-11 11:58:28.669500868,105.21,completed,
O0001535,U005791,treatment,2026-07-05 05:48:14.947815290,84.34,completed,
O0001536,U005793,control,2026-07-07 20:58:08.885655718,127.28,completed,
O0001537,U005800,control,2026-07-10 08:41:43.870092886,116.15,completed,
O0001538,U005803,control,2026-07-01 17:53:55.848500176,84.27,cancelled,2026-07-07 17:53:55.848500176
O0001539,U005809,control,2026-07-07 03:43:16.946988050,91.79,completed,
O0001540,U005810,control,2026-07-07 05:28:33.846752042,192.55,completed,
O0001541,U005811,treatment,2026-07-05 10:18:33.520930704,72.66,completed,
O0001542,U005813,control,2026-07-03 22:44:45.953470980,37.92,completed,
O0001543,U005817,control,2026-07-02 12:52:39.153434046,109.44,completed,
O0001544,U005822,treatment,2026-07-09 22:34:19.916639468,102.47,completed,
O0001545,U005823,treatment,2026-07-09 02:51:45.689201262,158.96,completed,
O0001546,U005831,treatment,2026-07-01 09:58:14.563815984,46.67,completed,
O0001547,U005834,control,2026-07-02 11:30:57.479172888,64.56,completed,
O0001548,U005837,control,2026-07-04 16:04:01.010361340,49.56,completed,
O0001549,U005843,treatment,2026-07-08 10:29:04.974586038,65.1,completed,
O0001550,U005847,treatment,2026-07-10 22:47:14.339335664,81.29,completed,
O0001551,U005863,control,2026-07-07 13:12:56.116911746,45.62,completed,
O0001552,U005864,control,2026-07-07 00:16:43.272124168,88.18,completed,
O0001553,U005873,treatment,2026-07-03 02:31:14.273255382,115.94,completed,
O0001554,U005875,treatment,2026-07-14 10:48:12.645352730,78.15,completed,
O0001555,U005885,control,2026-07-15 00:10:08.801153708,57.25,completed,
O0001556,U005886,treatment,2026-07-11 22:42:10.266491704,142.22,completed,
O0001557,U005890,control,2026-07-02 05:08:36.126952776,113.19,completed,
O0001558,U005911,treatment,2026-07-05 12:33:13.227130454,54.31,completed,
O0001559,U005912,control,2026-07-07 17:43:57.044976286,58.94,completed,
O0001560,U005916,treatment,2026-07-07 06:24:13.696593900,103.96,completed,
O0001561,U005917,treatment,2026-07-10 21:47:36.376344292,55.85,completed,
O0001562,U005921,treatment,2026-07-03 12:16:45.888558784,78.82,completed,
O0001563,U005922,treatment,2026-07-03 06:24:22.014664444,153.81,completed,
O0001564,U005924,control,2026-07-08 21:56:23.975187426,90.4,completed,
O0001565,U005933,treatment,2026-07-09 13:27:03.526712245,95.46,cancelled,2026-07-13 13:27:03.526712245
O0001566,U005934,treatment,2026-07-02 14:00:25.924193206,149.94,completed,
O0001567,U005935,treatment,2026-07-01 06:19:53.399231650,51.46,completed,
O0001568,U005944,control,2026-07-13 00:34:49.105313166,173.65,completed,
O0001569,U005945,treatment,2026-07-05 00:58:16.007082142,72.42,completed,
O0001570,U005946,control,2026-07-04 10:58:41.412723602,46.35,completed,
O0001571,U005950,control,2026-07-11 09:21:14.024794308,45.33,completed,
O0001572,U005954,control,2026-07-08 04:14:15.284077198,59.01,completed,
O0001573,U005961,control,2026-07-08 14:24:00.377930410,197.51,completed,
O0001574,U005962,control,2026-07-07 14:39:35.903261616,76.7,completed,
O0001575,U005964,treatment,2026-07-12 06:50:12.227915274,50.19,completed,
O0001576,U005971,control,2026-07-06 03:49:36.011399900,107.34,completed,
O0001577,U005990,control,2026-07-13 12:35:21.656461552,130.42,completed,
O0001578,U005993,control,2026-07-07 21:03:04.540249784,143.7,completed,
O0001579,U005997,treatment,2026-07-12 12:18:53.242804240,75.05,completed,
O0001580,U006005,treatment,2026-07-14 19:24:25.446112492,62.65,completed,
O0001581,U006006,treatment,2026-07-07 13:47:22.555179454,64.18,completed,
O0001582,U006011,treatment,2026-07-13 19:55:04.166182302,127.18,completed,
O0001583,U006022,treatment,2026-07-02 16:53:42.674449398,90.92,completed,
O0001584,U006030,treatment,2026-07-04 11:59:02.529105888,84.35,completed,
O0001585,U006031,treatment,2026-07-03 16:50:28.712623556,48.71,completed,
O0001586,U006035,control,2026-07-01 09:04:44.839479284,133.4,completed,
O0001587,U006036,control,2026-07-10 21:52:28.579053048,128.04,completed,
O0001588,U006045,treatment,2026-07-13 04:24:33.956406284,190.46,completed,
O0001589,U006056,treatment,2026-07-11 10:54:03.017698618,93.44,completed,
O0001590,U006061,control,2026-07-14 17:22:39.723183698,28.39,completed,
O0001591,U006063,control,2026-07-04 15:55:36.093580348,83.16,completed,
O0001592,U006066,treatment,2026-07-05 10:46:10.735771721,57.72,cancelled,2026-07-10 10:46:10.735771721
O0001593,U006070,control,2026-07-09 17:53:07.489810167,37.1,completed,
O0001594,U006078,control,2026-07-07 18:28:31.176455134,76.71,refunded,2026-07-14 18:28:31.176455134
O0001595,U006091,treatment,2026-07-06 16:12:33.965640498,73.39,completed,
O0001596,U006095,control,2026-07-12 02:44:55.335419074,64.26,completed,
O0001597,U006097,control,2026-07-02 20:59:32.068411568,93.59,completed,
O0001598,U006098,treatment,2026-07-08 09:28:17.963764816,100.24,completed,
O0001599,U006104,treatment,2026-07-06 10:13:33.248672606,100.55,completed,
O0001600,U006117,control,2026-07-01 06:27:15.824192368,142.74,completed,
O0001601,U006120,control,2026-07-08 04:41:36.740168304,237.12,completed,
O0001602,U006122,control,2026-07-06 22:36:06.949494368,117.97,completed,
O0001603,U006124,treatment,2026-07-13 16:50:50.090945430,82.37,completed,
O0001604,U006126,treatment,2026-07-14 11:06:09.452278594,112.97,completed,
O0001605,U006134,control,2026-07-12 12:22:01.877510550,57.49,completed,
O0001606,U006136,treatment,2026-07-09 12:54:49.140893488,57.58,completed,
O0001607,U006137,treatment,2026-07-08 22:07:28.108888472,118.39,completed,
O0001608,U006153,control,2026-07-03 05:07:07.386801747,82.39,completed,
O0001609,U006167,treatment,2026-07-14 08:28:36.417062998,200.88,completed,
O0001610,U006170,control,2026-07-12 22:18:24.877142690,72.38,completed,
O0001611,U006171,control,2026-07-08 22:08:32.468739270,85.77,completed,
O0001612,U006177,control,2026-07-03 15:09:38.557954406,172.74,completed,
O0001613,U006190,treatment,2026-07-02 18:06:21.170400830,56.99,cancelled,2026-07-04 18:06:21.170400830
O0001614,U006191,control,2026-07-02 02:09:45.145165322,123.76,refunded,2026-07-07 02:09:45.145165322
O0001615,U006198,treatment,2026-07-14 18:00:13.502570770,106.35,refunded,2026-07-18 18:00:13.502570770
O0001616,U006201,treatment,2026-07-08 17:45:40.765876632,117.52,completed,
O0001617,U006204,treatment,2026-07-08 11:14:08.838672842,81.73,completed,
O0001618,U006223,treatment,2026-07-13 03:43:11.200283732,129.13,completed,
O0001619,U006233,control,2026-07-10 17:47:53.003293286,53.75,completed,
O0001620,U006235,treatment,2026-07-08 14:28:39.006368411,60.92,completed,
O0001621,U006239,control,2026-07-01 16:33:04.106612118,72.29,completed,
O0001622,U006245,treatment,2026-07-01 15:15:09.756906956,83.3,completed,
O0001623,U006250,treatment,2026-07-10 01:11:57.850308253,148.53,completed,
O0001624,U006253,control,2026-07-08 02:19:53.264351050,107.91,completed,
O0001625,U006255,treatment,2026-07-04 18:05:31.884779696,62.11,completed,
O0001626,U006260,control,2026-07-05 12:14:54.515818120,48.67,completed,
O0001627,U006262,control,2026-07-13 05:19:35.626434629,132.48,completed,
O0001628,U006264,treatment,2026-07-07 01:20:30.307057450,138.47,completed,
O0001629,U006270,control,2026-07-09 20:46:35.256020176,65.16,completed,
O0001630,U006285,treatment,2026-07-05 06:35:19.206530449,121.06,completed,
O0001631,U006291,control,2026-07-10 11:12:05.071088870,55.25,completed,
O0001632,U006292,treatment,2026-07-09 06:47:08.548031456,67.69,completed,
O0001633,U006294,control,2026-07-14 03:30:22.706727198,132.15,completed,
O0001634,U006300,control,2026-07-06 21:06:10.111327186,61.57,completed,
O0001635,U006306,control,2026-07-08 10:27:02.222294566,46.88,completed,
O0001636,U006309,control,2026-07-04 15:20:04.139761662,99.84,completed,
O0001637,U006312,treatment,2026-07-04 08:06:46.238950804,88.55,completed,
O0001638,U006313,treatment,2026-07-14 03:15:17.577639642,47.58,completed,
O0001639,U006318,treatment,2026-07-14 19:44:11.460687336,133.26,completed,
O0001640,U006321,control,2026-07-03 11:31:04.135986073,93.68,completed,
O0001641,U006323,treatment,2026-07-09 17:56:39.372469410,53.42,completed,
O0001642,U006325,control,2026-07-13 15:45:09.650903710,52.35,completed,
O0001643,U006333,control,2026-07-14 16:52:52.478616998,74.55,completed,
O0001644,U006334,treatment,2026-07-07 09:45:55.617745632,93.65,completed,
O0001645,U006338,treatment,2026-07-06 21:35:27.510290477,124.17,completed,
O0001646,U006340,control,2026-07-10 21:55:31.099893550,40.12,completed,
O0001647,U006343,control,2026-07-09 09:42:55.034524494,86.77,completed,
O0001648,U006351,control,2026-07-08 06:26:40.558516918,69.13,completed,
O0001649,U006352,treatment,2026-07-06 00:25:39.254394311,77.87,completed,
O0001650,U006353,control,2026-07-14 13:42:05.551047552,96.59,completed,
O0001651,U006355,treatment,2026-07-11 21:28:17.003685170,122.15,completed,
O0001652,U006356,control,2026-07-14 03:28:45.942659508,101.62,completed,
O0001653,U006359,control,2026-07-03 07:12:33.904448588,44.79,completed,
O0001654,U006367,control,2026-07-14 16:45:16.870148086,53.08,completed,
O0001655,U006368,control,2026-07-03 16:14:50.364263620,153.7,completed,
O0001656,U006369,treatment,2026-07-04 07:44:56.015787436,150.78,completed,
O0001657,U006372,control,2026-07-07 19:56:17.998841664,109.99,completed,
O0001658,U006374,treatment,2026-07-02 16:22:00.641057261,86.94,completed,
O0001659,U006375,treatment,2026-07-07 17:52:00.292682530,51.1,completed,
O0001660,U006376,control,2026-07-05 00:36:53.111566194,295.72,completed,
O0001661,U006386,treatment,2026-07-10 22:25:13.412850124,75.7,completed,
O0001662,U006393,treatment,2026-07-11 14:03:11.950452150,76.45,refunded,2026-07-12 14:03:11.950452150
O0001663,U006394,treatment,2026-07-06 12:39:03.127005238,90.12,completed,
O0001664,U006395,control,2026-07-12 08:56:36.600635204,120.1,completed,
O0001665,U006406,control,2026-07-05 23:00:17.481670476,43.61,completed,
O0001666,U006407,treatment,2026-07-03 06:08:01.713305318,73.67,completed,
O0001667,U006418,treatment,2026-07-03 20:27:10.225896958,76.25,completed,
O0001668,U006425,treatment,2026-07-05 01:44:35.696590568,56.71,completed,
O0001669,U006430,treatment,2026-07-08 22:56:30.227284938,89.12,completed,
O0001670,U006439,treatment,2026-07-11 14:55:58.022456566,68.34,completed,
O0001671,U006441,control,2026-07-12 01:45:38.926564348,31.72,completed,
O0001672,U006445,treatment,2026-07-01 20:30:35.615164346,100.92,cancelled,2026-07-06 20:30:35.615164346
O0001673,U006452,treatment,2026-07-04 22:11:11.604226214,71.7,completed,
O0001674,U006455,treatment,2026-07-07 18:11:57.084486728,103.98,completed,
O0001675,U006461,treatment,2026-07-08 18:12:03.027576512,75.51,completed,
O0001676,U006465,treatment,2026-07-10 05:20:57.674575156,115.63,completed,
O0001677,U006466,control,2026-07-10 15:59:35.045330784,82.0,completed,
O0001678,U006467,control,2026-07-13 13:14:20.132088088,103.77,completed,
O0001679,U006469,control,2026-07-09 04:08:11.376288116,53.92,completed,
O0001680,U006473,control,2026-07-04 05:35:19.306449334,48.08,completed,
O0001681,U006482,control,2026-07-01 22:13:57.581999708,70.88,completed,
O0001682,U006486,control,2026-07-06 07:03:44.804279732,35.86,refunded,2026-07-07 07:03:44.804279732
O0001683,U006490,control,2026-07-05 09:11:00.170961470,119.03,completed,
O0001684,U006497,control,2026-07-03 19:00:32.871662656,105.09,completed,
O0001685,U006499,treatment,2026-07-02 03:03:05.755264656,97.67,completed,
O0001686,U006505,control,2026-07-01 23:06:14.570268312,60.8,completed,
O0001687,U006512,control,2026-07-13 05:56:39.559599120,59.24,completed,
O0001688,U006513,treatment,2026-07-02 05:43:00.549777032,121.75,completed,
O0001689,U006519,control,2026-07-10 06:43:47.295320752,46.02,completed,
O0001690,U006521,treatment,2026-07-13 14:16:41.114446348,42.43,completed,
O0001691,U006530,treatment,2026-07-10 05:12:58.312849506,50.2,refunded,2026-07-17 05:12:58.312849506
O0001692,U006531,control,2026-07-12 10:56:27.872995902,100.58,completed,
O0001693,U006536,treatment,2026-07-05 15:11:47.191106092,101.43,completed,
O0001694,U006547,control,2026-07-12 22:12:06.728410412,103.73,completed,
O0001695,U006554,treatment,2026-07-10 03:27:52.212092784,168.89,completed,
O0001696,U006556,control,2026-07-07 01:44:27.027828114,74.21,completed,
O0001697,U006559,control,2026-07-07 18:52:11.685912378,92.39,completed,
O0001698,U006561,control,2026-07-07 09:21:59.296687890,49.05,completed,
O0001699,U006562,treatment,2026-07-14 22:43:18.445043170,268.2,completed,
O0001700,U006572,control,2026-07-14 22:05:59.544075296,91.74,completed,
O0001701,U006577,treatment,2026-07-04 23:30:53.405070196,89.81,completed,
O0001702,U006582,treatment,2026-07-14 12:13:18.810093388,76.75,completed,
O0001703,U006586,control,2026-07-09 20:44:11.139881132,181.83,completed,
O0001704,U006595,treatment,2026-07-06 17:02:53.510936950,72.64,completed,
O0001705,U006596,control,2026-07-12 19:12:21.091195177,39.2,completed,
O0001706,U006600,control,2026-07-11 16:19:56.314313216,55.4,completed,
O0001707,U006601,control,2026-07-06 08:07:49.429436242,66.12,cancelled,2026-07-08 08:07:49.429436242
O0001708,U006602,control,2026-07-07 04:44:26.215762860,85.03,completed,
O0001709,U006606,treatment,2026-07-07 08:46:45.543729622,80.24,cancelled,2026-07-09 08:46:45.543729622
O0001710,U006616,treatment,2026-07-10 06:13:36.351155084,210.13,completed,
O0001711,U006617,control,2026-07-13 03:11:24.526580604,127.56,completed,
O0001712,U006620,treatment,2026-07-14 20:54:52.460109639,72.78,completed,
O0001713,U006622,control,2026-07-02 09:36:45.355013712,73.06,completed,
O0001714,U006629,control,2026-07-04 05:19:27.815355504,85.22,completed,
O0001715,U006633,control,2026-07-08 07:53:45.423344960,156.84,completed,
O0001716,U006637,treatment,2026-07-12 17:18:38.924643210,43.66,completed,
O0001717,U006654,control,2026-07-13 12:19:11.776763559,124.11,completed,
O0001718,U006658,treatment,2026-07-13 15:46:05.682956342,59.12,completed,
O0001719,U006665,control,2026-07-02 05:38:16.713251798,109.58,cancelled,2026-07-08 05:38:16.713251798
O0001720,U006669,control,2026-07-07 11:40:27.135255206,112.94,completed,
O0001721,U006676,treatment,2026-07-10 01:19:41.973820134,208.76,completed,
O0001722,U006679,control,2026-07-10 11:11:02.615705002,48.49,completed,
O0001723,U006685,treatment,2026-07-11 00:34:24.395879148,79.57,completed,
O0001724,U006686,treatment,2026-07-06 19:34:44.706225822,104.18,completed,
O0001725,U006693,treatment,2026-07-10 14:03:01.431493924,92.54,completed,
O0001726,U006694,control,2026-07-03 02:49:49.215990354,76.51,completed,
O0001727,U006696,control,2026-07-11 07:25:11.507414632,143.82,completed,
O0001728,U006702,treatment,2026-07-04 21:48:31.127233142,67.17,completed,
O0001729,U006707,treatment,2026-07-01 05:29:24.529569610,91.26,completed,
O0001730,U006713,control,2026-07-13 22:26:22.736251314,55.38,completed,
O0001731,U006715,control,2026-07-07 09:44:51.404704162,93.25,completed,
O0001732,U006720,treatment,2026-07-14 07:44:01.794758546,53.19,completed,
O0001733,U006725,treatment,2026-07-07 20:39:04.278464682,125.64,completed,
O0001734,U006727,control,2026-07-04 00:20:39.326721850,43.88,completed,
O0001735,U006728,control,2026-07-05 07:26:57.099503453,78.92,completed,
O0001736,U006732,treatment,2026-07-03 14:09:42.766347826,144.88,completed,
O0001737,U006737,treatment,2026-07-13 07:48:23.295282646,48.66,completed,
O0001738,U006743,control,2026-07-09 23:44:35.270693052,87.12,completed,
O0001739,U006745,treatment,2026-07-09 20:34:58.774162308,89.92,completed,
O0001740,U006746,control,2026-07-14 19:52:47.348662200,55.04,completed,
O0001741,U006750,control,2026-07-14 14:49:53.947457936,183.95,completed,
O0001742,U006753,control,2026-07-06 17:01:15.467891522,90.2,completed,
O0001743,U006757,treatment,2026-07-15 00:02:31.015385168,52.93,completed,
O0001744,U006758,treatment,2026-07-08 14:46:53.366629752,74.25,completed,
O0001745,U006762,control,2026-07-11 07:08:58.358839708,128.0,completed,
O0001746,U006773,treatment,2026-07-05 05:32:22.596077658,49.14,completed,
O0001747,U006775,control,2026-07-01 08:39:46.571065858,70.97,completed,
O0001748,U006779,control,2026-07-12 12:23:41.117840606,64.51,completed,
O0001749,U006784,control,2026-07-08 04:39:41.773416602,110.9,completed,
O0001750,U006790,control,2026-07-06 05:33:31.001223812,99.02,completed,
O0001751,U006795,control,2026-07-05 03:56:34.614290944,110.25,completed,
O0001752,U006796,treatment,2026-07-12 18:21:39.293712568,59.48,completed,
O0001753,U006799,control,2026-07-10 20:55:55.873590272,56.67,completed,
O0001754,U006804,control,2026-07-08 04:38:44.565257754,64.97,completed,
O0001755,U006806,control,2026-07-13 21:29:58.655105854,30.06,completed,
O0001756,U006815,treatment,2026-07-08 21:53:16.553083352,116.01,completed,
O0001757,U006817,control,2026-07-04 15:21:35.545292470,258.75,completed,
O0001758,U006822,control,2026-07-07 01:20:00.831277070,81.77,completed,
O0001759,U006824,treatment,2026-07-14 17:12:08.080793800,118.07,completed,
O0001760,U006829,control,2026-07-06 03:02:20.282807970,66.73,refunded,2026-07-13 03:02:20.282807970
O0001761,U006830,treatment,2026-07-09 03:37:21.188178988,100.76,completed,
O0001762,U006837,control,2026-07-07 09:32:51.012354776,56.19,completed,
O0001763,U006841,treatment,2026-07-07 13:10:58.622599468,105.5,completed,
O0001764,U006844,treatment,2026-07-10 11:52:35.196300466,68.14,completed,
O0001765,U006845,control,2026-07-14 00:19:23.223114438,94.5,refunded,2026-07-21 00:19:23.223114438
O0001766,U006847,control,2026-07-11 16:43:10.501270084,180.66,completed,
O0001767,U006850,control,2026-07-05 23:03:31.623236546,41.18,completed,
O0001768,U006862,treatment,2026-07-11 09:02:29.830805408,108.19,refunded,2026-07-16 09:02:29.830805408
O0001769,U006864,control,2026-07-04 03:53:15.864791052,106.53,completed,
O0001770,U006867,treatment,2026-07-01 11:37:55.110475557,120.03,completed,
O0001771,U006869,treatment,2026-07-07 03:08:35.860549638,107.2,completed,
O0001772,U006876,treatment,2026-07-04 12:21:06.770911254,51.9,completed,
O0001773,U006880,treatment,2026-07-07 05:26:58.342238876,114.5,completed,
O0001774,U006882,treatment,2026-07-02 08:11:25.342486982,53.8,refunded,2026-07-08 08:11:25.342486982
O0001775,U006886,control,2026-07-12 12:03:45.581367826,92.79,completed,
O0001776,U006888,treatment,2026-07-13 07:26:09.046796274,130.99,completed,
O0001777,U006892,control,2026-07-04 05:13:46.408342450,97.04,completed,
O0001778,U006901,treatment,2026-07-09 06:39:01.172566761,124.65,completed,
O0001779,U006902,treatment,2026-07-11 08:30:35.144458692,157.73,completed,
O0001780,U006905,treatment,2026-07-14 02:14:21.855527144,74.04,completed,
O0001781,U006909,treatment,2026-07-12 08:59:43.113437686,193.68,completed,
O0001782,U006916,control,2026-07-08 08:18:08.618417194,129.48,completed,
O0001783,U006917,control,2026-07-11 12:17:54.812228958,82.86,completed,
O0001784,U006918,control,2026-07-10 08:17:33.043221534,224.2,completed,
O0001785,U006921,control,2026-07-01 02:19:27.572875258,39.06,completed,
O0001786,U006922,treatment,2026-07-09 02:57:59.903128272,41.13,completed,
O0001787,U006928,treatment,2026-07-13 12:43:45.731530096,113.6,cancelled,2026-07-18 12:43:45.731530096
O0001788,U006929,control,2026-07-04 00:20:09.350608776,37.21,completed,
O0001789,U006934,treatment,2026-07-09 11:27:21.013928222,32.42,completed,
O0001790,U006937,control,2026-07-12 11:22:30.195580440,56.95,completed,
O0001791,U006941,control,2026-07-11 05:27:04.512685738,59.79,completed,
O0001792,U006942,treatment,2026-07-02 01:52:40.924085222,102.93,completed,
O0001793,U006945,control,2026-07-07 12:27:24.378311870,98.5,completed,
O0001794,U006946,treatment,2026-07-15 00:19:00.344262272,112.98,completed,
O0001795,U006954,treatment,2026-07-14 02:56:07.833362102,70.75,refunded,2026-07-21 02:56:07.833362102
O0001796,U006957,treatment,2026-07-10 07:58:20.845630272,112.16,completed,
O0001797,U006961,treatment,2026-07-01 13:00:18.266913688,169.3,completed,
O0001798,U006966,control,2026-07-01 10:37:45.393084148,95.64,completed,
O0001799,U006972,treatment,2026-07-06 15:57:58.355308532,56.04,refunded,2026-07-08 15:57:58.355308532
O0001800,U006976,control,2026-07-09 09:33:46.958299296,63.62,completed,
O0001801,U006978,control,2026-07-06 02:46:22.932236680,65.44,completed,
O0001802,U006982,control,2026-07-01 04:56:14.690594972,109.82,completed,
O0001803,U006991,control,2026-07-11 14:01:19.126402296,55.23,completed,
O0001804,U006994,control,2026-07-05 08:50:57.844331422,115.51,completed,
O0001805,U006996,control,2026-07-10 09:23:48.343129476,44.87,completed,
O0001806,U007008,control,2026-07-02 17:12:45.108495390,90.42,completed,
O0001807,U007010,treatment,2026-07-11 08:02:12.867746694,65.83,completed,
O0001808,U007011,control,2026-07-07 13:23:19.899243498,152.03,completed,
O0001809,U007015,treatment,2026-07-14 10:53:42.745146316,78.4,completed,
O0001810,U007018,treatment,2026-07-01 12:20:21.505300346,87.08,completed,
O0001811,U007020,control,2026-07-07 03:32:55.436703458,49.8,completed,
O0001812,U007028,control,2026-07-07 22:04:55.330427904,113.82,completed,
O0001813,U007031,control,2026-07-15 00:07:18.474507164,147.9,completed,
O0001814,U007040,control,2026-07-04 05:34:55.807694658,79.03,completed,
O0001815,U007054,control,2026-07-02 12:04:39.593741392,32.9,completed,
O0001816,U007058,treatment,2026-07-12 21:12:58.750346524,100.01,completed,
O0001817,U007059,control,2026-07-09 15:58:40.537065014,89.42,completed,
O0001818,U007069,treatment,2026-07-11 01:39:37.033649050,87.47,completed,
O0001819,U007077,control,2026-07-05 14:11:03.167338268,115.59,completed,
O0001820,U007078,control,2026-07-04 23:44:21.921980674,133.23,completed,
O0001821,U007079,treatment,2026-07-01 15:22:27.231819284,45.24,completed,
O0001822,U007080,treatment,2026-07-12 16:33:45.512790342,92.74,completed,
O0001823,U007081,treatment,2026-07-04 17:40:05.766411210,55.68,completed,
O0001824,U007087,control,2026-07-11 02:50:38.089153572,111.1,completed,
O0001825,U007088,control,2026-07-03 15:10:42.791700146,51.2,completed,
O0001826,U007097,treatment,2026-07-12 11:33:03.108925010,92.11,completed,
O0001827,U007106,treatment,2026-07-07 01:09:00.151114002,129.6,completed,
O0001828,U007107,treatment,2026-07-09 22:33:09.693378086,38.98,completed,
O0001829,U007108,treatment,2026-07-03 01:38:53.248480038,26.41,completed,
O0001830,U007110,treatment,2026-07-13 10:45:54.492621208,182.3,refunded,2026-07-20 10:45:54.492621208
O0001831,U007117,treatment,2026-07-05 09:31:54.522534558,79.25,completed,
O0001832,U007118,control,2026-07-01 10:07:29.204240464,95.37,completed,
O0001833,U007122,control,2026-07-14 22:18:11.782016556,110.12,completed,
O0001834,U007124,control,2026-07-07 08:43:53.879392280,119.29,completed,
O0001835,U007125,control,2026-07-05 11:30:18.606822954,136.21,completed,
O0001836,U007132,treatment,2026-07-08 20:40:23.365895072,89.98,completed,
O0001837,U007134,treatment,2026-07-08 11:01:40.477095689,105.96,completed,
O0001838,U007136,control,2026-07-05 11:32:11.994344406,64.36,completed,
O0001839,U007143,control,2026-07-05 18:50:36.573838934,60.61,completed,
O0001840,U007148,treatment,2026-07-06 20:14:32.127177876,95.04,completed,
O0001841,U007150,control,2026-07-09 14:54:46.505330364,81.53,completed,
O0001842,U007151,control,2026-07-06 07:34:47.106945538,67.99,completed,
O0001843,U007152,treatment,2026-07-09 19:34:19.582834218,98.38,completed,
O0001844,U007160,control,2026-07-04 01:27:21.262023750,73.56,completed,
O0001845,U007161,control,2026-07-07 04:06:02.219304035,60.9,completed,
O0001846,U007167,treatment,2026-07-10 21:09:15.676208176,142.94,completed,
O0001847,U007175,control,2026-07-07 00:47:06.353278244,32.11,completed,
O0001848,U007177,control,2026-07-07 12:36:27.849329916,103.99,completed,
O0001849,U007182,treatment,2026-07-07 11:39:03.658462672,83.58,completed,
O0001850,U007190,treatment,2026-07-03 00:24:53.082645108,86.6,completed,
O0001851,U007191,control,2026-07-04 10:25:56.871398504,42.33,completed,
O0001852,U007192,control,2026-07-08 06:04:48.277407766,75.21,completed,
O0001853,U007193,treatment,2026-07-11 03:32:02.720646202,147.11,completed,
O0001854,U007194,treatment,2026-07-10 02:44:43.965654896,79.01,completed,
O0001855,U007196,treatment,2026-07-06 07:05:26.284087892,79.01,completed,
O0001856,U007203,treatment,2026-07-08 01:20:47.950261038,219.66,completed,
O0001857,U007207,treatment,2026-07-01 17:27:41.489600130,324.89,completed,
O0001858,U007218,treatment,2026-07-09 13:24:27.309006534,103.82,completed,
O0001859,U007219,treatment,2026-07-09 02:14:38.980553494,152.31,completed,
O0001860,U007222,treatment,2026-07-02 04:27:32.672582058,78.82,completed,
O0001861,U007225,control,2026-07-03 13:21:34.520916648,91.66,completed,
O0001862,U007228,control,2026-07-11 12:30:44.513387832,79.8,completed,
O0001863,U007232,treatment,2026-07-13 06:54:28.842653090,40.88,completed,
O0001864,U007234,treatment,2026-07-01 04:27:06.444224796,81.08,completed,
O0001865,U007236,control,2026-07-11 15:21:52.657935964,68.32,completed,
O0001866,U007242,treatment,2026-07-10 19:59:13.499227852,43.27,completed,
O0001867,U007245,treatment,2026-07-05 02:34:58.965987242,69.79,completed,
O0001868,U007248,treatment,2026-07-14 20:02:48.090341536,88.26,completed,
O0001869,U007249,control,2026-07-12 14:27:34.471223488,95.32,completed,
O0001870,U007254,control,2026-07-13 10:41:41.574400548,71.28,completed,
O0001871,U007269,control,2026-07-07 03:57:17.420420710,181.9,completed,
O0001872,U007271,control,2026-07-11 07:33:08.286987082,72.7,completed,
O0001873,U007277,control,2026-07-02 04:50:04.756868022,77.24,cancelled,2026-07-05 04:50:04.756868022
O0001874,U007280,treatment,2026-07-06 04:04:14.131452892,65.0,completed,
O0001875,U007283,control,2026-07-06 20:31:36.306897124,129.75,completed,
O0001876,U007284,treatment,2026-07-11 20:53:00.297775368,73.49,completed,
O0001877,U007291,control,2026-07-10 08:01:37.078301200,105.44,completed,
O0001878,U007292,treatment,2026-07-02 21:23:21.008683461,85.49,completed,
O0001879,U007296,treatment,2026-07-11 11:16:57.562098326,100.92,completed,
O0001880,U007300,treatment,2026-07-09 09:14:42.948582130,90.18,refunded,2026-07-13 09:14:42.948582130
O0001881,U007301,control,2026-07-04 06:33:36.829735675,54.99,completed,
O0001882,U007302,treatment,2026-07-08 12:50:13.485185982,95.82,completed,
O0001883,U007306,control,2026-07-13 13:14:25.546816641,145.57,completed,
O0001884,U007308,control,2026-07-04 13:29:15.514892712,105.87,completed,
O0001885,U007311,treatment,2026-07-08 15:46:19.469167544,101.55,completed,
O0001886,U007317,treatment,2026-07-04 09:35:01.355819346,116.44,completed,
O0001887,U007330,treatment,2026-07-01 16:25:16.615009639,37.15,completed,
O0001888,U007332,control,2026-07-11 17:45:58.908524242,155.4,completed,
O0001889,U007333,treatment,2026-07-02 08:41:35.237521737,64.47,completed,
O0001890,U007335,treatment,2026-07-06 19:45:08.764499414,36.28,refunded,2026-07-12 19:45:08.764499414
O0001891,U007338,control,2026-07-07 17:45:45.806777292,98.39,completed,
O0001892,U007340,treatment,2026-07-13 02:14:25.113112000,51.33,cancelled,2026-07-20 02:14:25.113112000
O0001893,U007342,control,2026-07-01 21:55:30.682424820,65.23,completed,
O0001894,U007347,treatment,2026-07-06 18:22:46.638219554,32.35,completed,
O0001895,U007350,treatment,2026-07-08 12:26:25.469495310,81.07,refunded,2026-07-12 12:26:25.469495310
O0001896,U007353,control,2026-07-12 21:02:57.755709262,65.57,completed,
O0001897,U007361,control,2026-07-12 18:52:00.193851736,104.65,completed,
O0001898,U007365,treatment,2026-07-09 17:06:30.776441546,34.88,completed,
O0001899,U007373,treatment,2026-07-02 12:46:33.055364351,114.34,completed,
O0001900,U007374,treatment,2026-07-08 13:10:20.889756226,147.22,completed,
O0001901,U007382,treatment,2026-07-14 13:42:38.638821230,54.05,completed,
O0001902,U007383,control,2026-07-04 21:00:17.316897302,56.15,completed,
O0001903,U007384,control,2026-07-14 03:53:39.541029788,83.36,completed,
O0001904,U007385,control,2026-07-05 04:10:01.109583850,131.06,completed,
O0001905,U007389,control,2026-07-11 10:16:30.622196004,53.11,completed,
O0001906,U007390,treatment,2026-07-13 03:33:32.472447808,59.06,completed,
O0001907,U007393,treatment,2026-07-10 09:47:39.692456758,69.52,completed,
O0001908,U007402,control,2026-07-11 01:26:25.545280362,53.79,completed,
O0001909,U007405,treatment,2026-07-15 00:32:00.376469924,108.24,completed,
O0001910,U007406,control,2026-07-09 03:33:16.051717736,67.49,completed,
O0001911,U007409,control,2026-07-05 08:02:42.471274352,87.45,completed,
O0001912,U007414,treatment,2026-07-01 22:46:46.756801222,28.59,completed,
O0001913,U007417,treatment,2026-07-08 07:44:36.119531528,91.63,refunded,2026-07-12 07:44:36.119531528
O0001914,U007419,control,2026-07-06 03:24:35.680893194,141.73,completed,
O0001915,U007423,control,2026-07-02 08:27:58.834690438,80.96,completed,
O0001916,U007426,control,2026-07-11 07:56:42.116593516,45.85,completed,
O0001917,U007427,control,2026-07-08 23:41:00.609203466,53.22,completed,
O0001918,U007439,control,2026-07-09 13:15:21.051955827,34.96,completed,
O0001919,U007440,control,2026-07-13 04:02:53.108893830,35.94,completed,
O0001920,U007441,control,2026-07-11 20:00:02.535157234,148.28,completed,
O0001921,U007444,treatment,2026-07-09 01:34:24.655552828,53.92,completed,
O0001922,U007457,control,2026-07-01 22:34:03.960243510,100.37,completed,
O0001923,U007478,control,2026-07-09 07:58:39.176864764,74.22,completed,
O0001924,U007483,control,2026-07-08 08:00:36.518130854,66.25,refunded,2026-07-11 08:00:36.518130854
O0001925,U007484,control,2026-07-13 14:35:11.245945168,55.85,completed,
O0001926,U007490,control,2026-07-04 18:36:39.945029966,57.65,completed,
O0001927,U007495,control,2026-07-14 10:51:05.168356476,199.63,completed,
O0001928,U007496,treatment,2026-07-13 16:47:24.031070390,49.62,completed,
O0001929,U007497,treatment,2026-07-04 17:18:20.495259640,142.93,completed,
O0001930,U007502,control,2026-07-01 08:05:35.429545076,38.49,completed,
O0001931,U007505,control,2026-07-02 05:50:14.420006578,64.93,completed,
O0001932,U007506,control,2026-07-10 06:55:49.545531192,67.99,completed,
O0001933,U007513,control,2026-07-06 17:24:09.883832196,66.81,completed,
O0001934,U007515,control,2026-07-06 11:16:54.586371028,55.8,completed,
O0001935,U007522,treatment,2026-07-04 07:38:45.867636794,85.55,completed,
O0001936,U007532,treatment,2026-07-13 05:03:36.092980790,72.68,completed,
O0001937,U007535,treatment,2026-07-05 13:09:30.306671862,81.8,completed,
O0001938,U007537,control,2026-07-13 21:18:40.249489674,84.75,completed,
O0001939,U007542,treatment,2026-07-04 01:43:59.973961542,92.6,completed,
O0001940,U007551,control,2026-07-07 23:58:11.840140118,129.16,completed,
O0001941,U007560,control,2026-07-08 21:44:05.305190222,195.96,completed,
O0001942,U007561,treatment,2026-07-11 07:01:57.114961774,75.35,completed,
O0001943,U007562,treatment,2026-07-07 06:24:14.232405334,51.77,completed,
O0001944,U007567,treatment,2026-07-05 05:03:19.580222098,95.29,refunded,2026-07-12 05:03:19.580222098
O0001945,U007570,treatment,2026-07-09 13:07:08.965116796,46.99,completed,
O0001946,U007573,treatment,2026-07-06 11:50:01.201024908,116.51,completed,
O0001947,U007576,treatment,2026-07-03 04:35:09.064475020,101.76,completed,
O0001948,U007577,treatment,2026-07-01 15:50:52.014349128,68.71,completed,
O0001949,U007578,treatment,2026-07-02 00:03:24.354847392,43.02,completed,
O0001950,U007580,treatment,2026-07-03 07:57:59.736227684,102.72,completed,
O0001951,U007581,treatment,2026-07-02 21:06:01.752558540,158.2,completed,
O0001952,U007582,control,2026-07-10 05:45:54.238371814,36.71,completed,
O0001953,U007584,control,2026-07-07 15:45:19.161216268,78.25,completed,
O0001954,U007586,treatment,2026-07-05 15:00:23.035223516,110.41,completed,
O0001955,U007587,control,2026-07-06 04:56:06.274183072,59.89,completed,
O0001956,U007589,control,2026-07-07 06:17:44.612758380,157.25,cancelled,2026-07-14 06:17:44.612758380
O0001957,U007598,treatment,2026-07-14 11:26:04.227684932,82.87,completed,
O0001958,U007600,control,2026-07-11 11:14:32.961700244,242.2,completed,
O0001959,U007601,control,2026-07-08 01:57:17.101593805,112.24,completed,
O0001960,U007606,treatment,2026-07-09 07:10:14.979390026,114.74,completed,
O0001961,U007610,control,2026-07-07 13:02:50.580040130,210.87,completed,
O0001962,U007612,treatment,2026-07-10 15:16:36.319101560,42.76,refunded,2026-07-12 15:16:36.319101560
O0001963,U007615,control,2026-07-02 02:38:19.391354988,65.46,refunded,2026-07-06 02:38:19.391354988
O0001964,U007617,treatment,2026-07-12 19:27:12.156294042,77.54,completed,
O0001965,U007618,treatment,2026-07-09 20:48:12.754069446,52.64,completed,
O0001966,U007622,treatment,2026-07-06 08:50:13.974058240,52.35,completed,
O0001967,U007624,treatment,2026-07-12 19:30:34.325890074,98.74,completed,
O0001968,U007629,control,2026-07-06 03:55:18.225129548,53.8,completed,
O0001969,U007632,control,2026-07-08 05:52:25.624328030,104.01,completed,
O0001970,U007638,control,2026-07-06 19:02:44.177803466,96.78,completed,
O0001971,U007640,treatment,2026-07-12 04:49:53.299977574,145.05,completed,
O0001972,U007643,treatment,2026-07-11 04:16:35.536175034,139.13,completed,
O0001973,U007646,treatment,2026-07-05 01:21:33.481146690,95.73,completed,
O0001974,U007648,control,2026-07-09 08:43:24.367355726,216.4,refunded,2026-07-10 08:43:24.367355726
O0001975,U007649,treatment,2026-07-11 06:28:04.429663722,202.47,completed,
O0001976,U007653,treatment,2026-07-08 12:40:32.836154560,66.89,completed,
O0001977,U007658,treatment,2026-07-11 06:23:18.144412968,93.83,completed,
O0001978,U007659,control,2026-07-03 13:38:18.418827716,73.66,completed,
O0001979,U007660,treatment,2026-07-07 03:46:52.896627406,61.98,cancelled,2026-07-14 03:46:52.896627406
O0001980,U007663,treatment,2026-07-04 22:27:09.397216458,100.35,refunded,2026-07-08 22:27:09.397216458
O0001981,U007677,control,2026-07-05 22:52:06.507188442,43.75,completed,
O0001982,U007682,treatment,2026-07-12 07:00:14.164809212,65.82,completed,
O0001983,U007688,treatment,2026-07-03 18:56:16.382356984,113.44,completed,
O0001984,U007691,control,2026-07-04 08:06:24.560135718,87.55,completed,
O0001985,U007698,control,2026-07-09 01:37:02.121445884,68.54,completed,
O0001986,U007701,treatment,2026-07-04 04:28:15.774724538,57.99,completed,
O0001987,U007703,control,2026-07-12 11:33:01.030852986,86.43,completed,
O0001988,U007711,treatment,2026-07-05 17:36:54.827531444,173.59,completed,
O0001989,U007714,treatment,2026-07-14 07:46:17.873952134,42.01,completed,
O0001990,U007723,treatment,2026-07-01 08:26:36.704200620,62.91,completed,
O0001991,U007724,treatment,2026-07-09 23:30:47.533808720,25.94,completed,
O0001992,U007728,treatment,2026-07-04 06:51:03.812108628,51.79,completed,
O0001993,U007729,treatment,2026-07-02 10:41:29.894665830,45.72,completed,
O0001994,U007731,treatment,2026-07-13 05:44:36.434740394,75.9,completed,
O0001995,U007734,control,2026-07-11 06:55:29.118190420,101.12,completed,
O0001996,U007735,control,2026-07-05 10:37:10.659405578,143.08,completed,
O0001997,U007736,treatment,2026-07-09 23:17:53.264568022,50.03,completed,
O0001998,U007750,control,2026-07-10 16:46:34.544601698,67.39,completed,
O0001999,U007753,treatment,2026-07-15 00:11:03.763806926,61.2,completed,
O0002000,U007759,treatment,2026-07-11 01:24:33.445007890,166.96,refunded,2026-07-12 01:24:33.445007890
O0002001,U007760,control,2026-07-03 03:39:09.376007842,108.78,completed,
O0002002,U007761,treatment,2026-07-06 13:30:14.653047632,143.56,completed,
O0002003,U007765,control,2026-07-02 20:42:37.571132908,99.95,completed,
O0002004,U007767,treatment,2026-07-14 07:58:26.889143638,80.77,completed,
O0002005,U007769,treatment,2026-07-06 05:30:07.430196522,63.88,completed,
O0002006,U007771,control,2026-07-11 15:30:43.979971624,56.01,completed,
O0002007,U007780,treatment,2026-07-02 21:48:02.957424944,61.59,completed,
O0002008,U007783,treatment,2026-07-08 18:48:58.613203290,128.32,refunded,2026-07-14 18:48:58.613203290
O0002009,U007787,control,2026-07-01 14:28:54.925176714,118.66,completed,
O0002010,U007788,control,2026-07-07 19:34:35.843215116,72.37,completed,
O0002011,U007793,control,2026-07-04 07:04:25.875654814,141.06,completed,
O0002012,U007797,control,2026-07-06 23:00:00.137498815,34.66,completed,
O0002013,U007804,control,2026-07-08 01:50:51.590383993,179.21,completed,
O0002014,U007805,control,2026-07-03 14:04:43.100541500,118.31,cancelled,2026-07-09 14:04:43.100541500
O0002015,U007811,treatment,2026-07-13 00:11:20.868387413,62.64,completed,
O0002016,U007812,treatment,2026-07-05 17:35:11.772015918,71.5,completed,
O0002017,U007813,treatment,2026-07-11 02:58:22.904307142,79.59,refunded,2026-07-12 02:58:22.904307142
O0002018,U007818,control,2026-07-04 22:52:16.092998814,58.91,completed,
O0002019,U007830,treatment,2026-07-09 12:20:22.399071448,133.8,cancelled,2026-07-13 12:20:22.399071448
O0002020,U007831,treatment,2026-07-09 04:00:08.910773560,248.58,completed,
O0002021,U007832,control,2026-07-06 00:10:49.967004414,117.92,completed,
O0002022,U007834,treatment,2026-07-01 19:06:08.044252558,70.62,completed,
O0002023,U007837,treatment,2026-07-12 06:26:36.465422194,90.58,completed,
O0002024,U007838,treatment,2026-07-05 23:00:35.541354990,117.97,completed,
O0002025,U007843,treatment,2026-07-04 15:18:35.341705904,38.65,cancelled,2026-07-05 15:18:35.341705904
O0002026,U007850,control,2026-07-03 16:10:54.407536728,179.94,completed,
O0002027,U007852,treatment,2026-07-12 06:31:07.509255256,72.09,completed,
O0002028,U007856,control,2026-07-01 05:35:23.212454566,212.56,completed,
O0002029,U007858,control,2026-07-04 15:23:10.002655176,156.25,cancelled,2026-07-05 15:23:10.002655176
O0002030,U007860,control,2026-07-05 07:33:13.248703506,81.02,completed,
O0002031,U007861,treatment,2026-07-04 14:53:26.653531100,102.85,completed,
O0002032,U007871,treatment,2026-07-02 09:59:45.952965498,71.32,completed,
O0002033,U007884,treatment,2026-07-02 02:40:49.912403156,122.63,completed,
O0002034,U007885,treatment,2026-07-06 00:38:55.788205030,50.53,completed,
O0002035,U007887,control,2026-07-13 22:54:14.943729798,63.46,completed,
O0002036,U007889,treatment,2026-07-13 18:56:17.217902554,65.57,completed,
O0002037,U007896,treatment,2026-07-12 01:57:34.205770780,24.23,refunded,2026-07-19 01:57:34.205770780
O0002038,U007898,control,2026-07-06 13:47:30.299442424,167.54,completed,
O0002039,U007901,treatment,2026-07-08 17:49:00.788745640,62.17,completed,
O0002040,U007906,control,2026-07-13 06:46:21.225809068,87.1,completed,
O0002041,U007909,control,2026-07-05 19:16:54.320388218,87.59,completed,
O0002042,U007919,control,2026-07-04 23:20:56.262175370,64.63,completed,
O0002043,U007920,treatment,2026-07-11 08:36:25.790877900,115.96,completed,
O0002044,U007922,control,2026-07-13 08:28:16.166448096,81.62,completed,
O0002045,U007923,treatment,2026-07-05 02:32:01.071861748,75.74,completed,
O0002046,U007924,control,2026-07-01 16:08:22.978279672,53.13,completed,
O0002047,U007927,treatment,2026-07-09 18:40:26.945465450,83.88,completed,
O0002048,U007945,control,2026-07-07 13:39:19.310609330,96.42,completed,
O0002049,U007948,treatment,2026-07-03 06:19:44.538908620,86.0,completed,
O0002050,U007953,treatment,2026-07-07 09:06:52.710722094,70.66,completed,
O0002051,U007957,control,2026-07-08 03:52:04.100306586,107.85,completed,
O0002052,U007960,treatment,2026-07-07 18:24:35.646428550,57.09,completed,
O0002053,U007961,treatment,2026-07-03 13:28:15.971410594,151.09,completed,
O0002054,U007965,treatment,2026-07-09 04:13:44.575640028,118.39,completed,
O0002055,U007970,control,2026-07-01 08:07:59.867536566,72.98,completed,
O0002056,U007982,control,2026-07-05 07:45:30.518903994,58.05,completed,
O0002057,U007983,control,2026-07-09 17:17:06.095183730,62.82,refunded,2026-07-14 17:17:06.095183730
O0002058,U007985,control,2026-07-05 14:50:22.928720542,45.7,completed,
O0002059,U007990,control,2026-07-01 10:25:01.865980336,80.24,completed,
O0002060,U007995,treatment,2026-07-12 21:37:19.322750774,61.39,completed,
O0002061,U007998,treatment,2026-07-09 19:01:50.226992254,74.09,cancelled,2026-07-12 19:01:50.226992254
O0002062,U008004,treatment,2026-07-05 23:46:32.944011494,70.85,completed,
O0002063,U008008,treatment,2026-07-09 13:08:10.238993154,69.4,completed,
O0002064,U008009,control,2026-07-13 20:58:29.483058090,65.03,completed,
O0002065,U008012,control,2026-07-04 17:14:21.038999432,176.71,completed,
O0002066,U008018,treatment,2026-07-01 14:58:13.187706304,152.67,completed,
O0002067,U008019,control,2026-07-04 13:41:01.325166424,78.68,completed,
O0002068,U008027,control,2026-07-02 06:40:35.661919650,23.47,completed,
O0002069,U008031,treatment,2026-07-11 01:59:22.001467832,24.4,completed,
O0002070,U008035,treatment,2026-07-03 19:13:43.651790984,57.05,completed,
O0002071,U008040,control,2026-07-06 10:08:02.673620886,190.9,completed,
O0002072,U008054,treatment,2026-07-08 16:31:19.997432804,80.3,completed,
O0002073,U008059,control,2026-07-04 14:11:19.832677537,83.87,completed,
O0002074,U008062,control,2026-07-11 02:24:29.936996150,134.28,completed,
O0002075,U008064,treatment,2026-07-10 07:05:15.596117230,123.31,completed,
O0002076,U008065,control,2026-07-13 05:43:58.382386576,46.79,completed,
O0002077,U008068,treatment,2026-07-10 00:19:33.943026302,90.91,completed,
O0002078,U008071,control,2026-07-06 18:04:36.905682258,96.16,completed,
O0002079,U008073,treatment,2026-07-12 21:13:22.350923364,64.08,completed,
O0002080,U008078,control,2026-07-14 19:54:04.139467782,73.83,completed,
O0002081,U008080,treatment,2026-07-07 19:07:51.304188930,103.67,completed,
O0002082,U008082,treatment,2026-07-14 14:13:43.358579880,58.61,completed,
O0002083,U008083,control,2026-07-04 00:14:30.675562515,72.56,completed,
O0002084,U008088,control,2026-07-03 08:53:31.431080756,237.49,completed,
O0002085,U008096,treatment,2026-07-05 04:49:11.073223532,206.57,completed,
O0002086,U008099,control,2026-07-03 06:12:07.124196614,88.89,completed,
O0002087,U008102,treatment,2026-07-02 20:47:50.507177472,73.68,completed,
O0002088,U008107,control,2026-07-14 07:23:01.576780532,50.58,completed,
O0002089,U008109,control,2026-07-12 02:53:32.783066986,62.17,completed,
O0002090,U008110,treatment,2026-07-04 17:33:32.179591452,73.25,completed,
O0002091,U008115,control,2026-07-14 14:44:29.551967770,51.33,completed,
O0002092,U008117,treatment,2026-07-01 13:39:42.683079664,91.95,completed,
O0002093,U008118,treatment,2026-07-05 00:18:30.620155088,100.12,completed,
O0002094,U008122,treatment,2026-07-04 08:14:02.589063528,243.96,completed,
O0002095,U008123,treatment,2026-07-13 04:00:07.252894564,49.58,completed,
O0002096,U008129,treatment,2026-07-03 14:57:08.881846174,49.58,completed,
O0002097,U008130,treatment,2026-07-08 17:53:50.235995482,113.33,completed,
O0002098,U008133,control,2026-07-08 17:42:54.157806140,151.7,completed,
O0002099,U008137,control,2026-07-11 08:32:23.781846682,139.76,completed,
O0002100,U008138,control,2026-07-06 22:51:06.922568158,171.83,completed,
O0002101,U008144,treatment,2026-07-10 00:07:56.559781498,43.75,completed,
O0002102,U008145,treatment,2026-07-07 22:53:06.362885638,151.62,completed,
O0002103,U008161,control,2026-07-14 10:18:03.436276150,116.92,completed,
O0002104,U008167,treatment,2026-07-12 08:27:12.601339852,86.7,completed,
O0002105,U008168,treatment,2026-07-07 05:02:19.251058366,67.63,completed,
O0002106,U008176,treatment,2026-07-13 15:06:00.293291558,77.03,completed,
O0002107,U008183,treatment,2026-07-10 15:38:10.720233902,39.3,completed,
O0002108,U008200,control,2026-07-05 21:24:33.926395632,84.76,completed,
O0002109,U008205,control,2026-07-13 19:03:38.258765094,153.96,completed,
O0002110,U008206,control,2026-07-13 23:32:16.634151026,52.21,completed,
O0002111,U008210,treatment,2026-07-12 23:03:43.990922038,101.36,completed,
O0002112,U008211,treatment,2026-07-12 12:24:22.890662516,73.96,completed,
O0002113,U008213,control,2026-07-08 01:56:42.877490622,87.92,completed,
O0002114,U008216,control,2026-07-01 09:13:58.471678820,104.56,completed,
O0002115,U008220,treatment,2026-07-08 09:38:20.478293668,92.96,completed,
O0002116,U008221,control,2026-07-08 05:49:17.090276224,39.38,refunded,2026-07-13 05:49:17.090276224
O0002117,U008224,treatment,2026-07-09 22:10:54.168791782,94.73,completed,
O0002118,U008230,treatment,2026-07-11 00:15:25.867625028,63.25,completed,
O0002119,U008234,control,2026-07-03 07:47:31.512940446,113.06,completed,
O0002120,U008240,treatment,2026-07-14 02:26:07.600382014,87.2,completed,
O0002121,U008242,control,2026-07-05 02:20:03.478508762,112.64,completed,
O0002122,U008260,treatment,2026-07-10 08:16:50.392018424,107.66,completed,
O0002123,U008264,treatment,2026-07-02 00:05:06.314905680,64.76,completed,
O0002124,U008266,control,2026-07-14 12:54:22.466311175,95.27,completed,
O0002125,U008267,treatment,2026-07-10 17:15:52.780205476,112.23,completed,
O0002126,U008272,control,2026-07-04 11:27:03.649234892,96.23,completed,
O0002127,U008273,control,2026-07-06 08:37:52.381575412,91.05,completed,
O0002128,U008278,treatment,2026-07-10 00:27:44.568399024,105.56,completed,
O0002129,U008288,control,2026-07-08 17:27:54.750292270,231.67,completed,
O0002130,U008296,treatment,2026-07-07 11:32:44.520145416,154.69,completed,
O0002131,U008298,control,2026-07-04 13:01:13.747596366,58.19,completed,
O0002132,U008299,control,2026-07-02 20:23:22.313660726,78.43,completed,
O0002133,U008304,control,2026-07-03 11:18:24.980894232,65.42,completed,
O0002134,U008305,control,2026-07-02 20:42:22.547026614,87.9,completed,
O0002135,U008307,control,2026-07-12 05:09:46.415474532,86.15,completed,
O0002136,U008308,control,2026-07-09 19:29:59.500963640,82.81,completed,
O0002137,U008310,control,2026-07-02 14:34:37.899414682,37.29,completed,
O0002138,U008315,control,2026-07-02 03:22:19.073931754,38.71,completed,
O0002139,U008317,control,2026-07-14 23:14:52.306617116,39.98,refunded,2026-07-20 23:14:52.306617116
O0002140,U008320,treatment,2026-07-14 23:23:32.364410690,99.0,completed,
O0002141,U008324,treatment,2026-07-11 21:03:57.235830126,114.29,completed,
O0002142,U008325,treatment,2026-07-05 12:40:11.753836284,201.97,completed,
O0002143,U008326,control,2026-07-09 21:23:59.727453848,66.14,completed,
O0002144,U008328,treatment,2026-07-13 11:24:02.253072850,116.12,completed,
O0002145,U008329,treatment,2026-07-13 18:56:23.284495294,58.81,completed,
O0002146,U008332,control,2026-07-11 18:11:03.147810104,37.52,refunded,2026-07-13 18:11:03.147810104
O0002147,U008334,control,2026-07-01 23:59:02.101935170,87.64,completed,
O0002148,U008339,treatment,2026-07-07 13:58:51.181876540,77.6,completed,
O0002149,U008341,control,2026-07-07 01:33:46.633983488,100.16,completed,
O0002150,U008342,treatment,2026-07-05 19:41:03.665993195,142.29,completed,
O0002151,U008344,treatment,2026-07-07 19:34:19.510187660,87.89,completed,
O0002152,U008346,treatment,2026-07-08 12:23:04.666059902,72.22,refunded,2026-07-11 12:23:04.666059902
O0002153,U008350,treatment,2026-07-11 17:21:11.415089578,112.33,completed,
O0002154,U008351,treatment,2026-07-03 00:45:16.718377996,65.0,completed,
O0002155,U008356,treatment,2026-07-13 11:36:12.628737648,76.0,completed,
O0002156,U008358,treatment,2026-07-05 13:44:37.266235795,78.82,completed,
O0002157,U008365,control,2026-07-12 20:50:52.452929086,138.58,completed,
O0002158,U008372,treatment,2026-07-10 08:31:58.756042032,71.53,completed,
O0002159,U008381,treatment,2026-07-08 12:27:15.855318806,77.45,completed,
O0002160,U008386,treatment,2026-07-09 19:55:29.952056520,73.24,completed,
O0002161,U008390,control,2026-07-02 00:27:40.319674326,81.54,completed,
O0002162,U008391,treatment,2026-07-07 07:31:05.036063944,134.64,completed,
O0002163,U008392,treatment,2026-07-13 07:30:25.387629510,86.14,completed,
O0002164,U008393,control,2026-07-12 08:54:41.956271350,97.1,completed,
O0002165,U008400,treatment,2026-07-01 04:08:23.719706730,62.31,completed,
O0002166,U008403,treatment,2026-07-06 12:18:41.061292954,70.64,completed,
O0002167,U008407,control,2026-07-03 08:58:18.225725396,133.22,completed,
O0002168,U008411,control,2026-07-04 08:18:36.012998876,135.72,completed,
O0002169,U008413,treatment,2026-07-08 02:38:33.363787670,102.34,completed,
O0002170,U008415,treatment,2026-07-06 20:03:38.907897938,126.45,completed,
O0002171,U008417,treatment,2026-07-09 06:30:10.174704020,109.26,completed,
O0002172,U008424,treatment,2026-07-08 19:14:42.427192768,72.4,completed,
O0002173,U008427,treatment,2026-07-08 17:44:21.892735042,215.02,completed,
O0002174,U008430,control,2026-07-09 01:57:57.466353214,179.68,completed,
O0002175,U008433,control,2026-07-08 05:43:29.845594288,116.36,completed,
O0002176,U008434,treatment,2026-07-03 09:20:13.670672191,84.63,completed,
O0002177,U008447,treatment,2026-07-13 12:49:19.145801672,36.05,completed,
O0002178,U008451,control,2026-07-01 22:11:08.065150775,252.69,refunded,2026-07-02 22:11:08.065150775
O0002179,U008452,control,2026-07-04 12:52:33.311701586,146.94,completed,
O0002180,U008458,treatment,2026-07-09 14:45:30.942809926,183.46,completed,
O0002181,U008459,treatment,2026-07-01 18:35:50.431221866,102.73,completed,
O0002182,U008460,control,2026-07-07 21:07:12.511360162,56.9,completed,
O0002183,U008463,treatment,2026-07-03 11:07:50.435822968,97.37,completed,
O0002184,U008467,control,2026-07-06 16:24:45.648545098,59.26,completed,
O0002185,U008469,treatment,2026-07-03 17:30:58.383332871,51.26,completed,
O0002186,U008477,control,2026-07-04 08:26:59.773513065,184.82,completed,
O0002187,U008491,treatment,2026-07-10 12:18:32.850187294,147.01,completed,
O0002188,U008492,treatment,2026-07-07 20:26:48.647833254,123.05,completed,
O0002189,U008494,treatment,2026-07-11 23:56:19.286637248,56.37,completed,
O0002190,U008495,control,2026-07-05 14:07:38.979194412,105.03,completed,
O0002191,U008497,treatment,2026-07-03 07:31:30.342698776,43.28,completed,
O0002192,U008500,control,2026-07-13 16:02:37.950879384,83.9,completed,
O0002193,U008508,control,2026-07-12 22:09:34.360982466,165.02,completed,
O0002194,U008512,treatment,2026-07-10 07:04:31.532807652,97.19,completed,
O0002195,U008514,treatment,2026-07-12 20:35:39.630138916,111.76,completed,
O0002196,U008515,control,2026-07-01 01:52:44.177579068,57.07,completed,
O0002197,U008522,treatment,2026-07-11 08:06:34.476802896,121.1,completed,
O0002198,U008524,control,2026-07-05 22:12:00.639438754,62.0,refunded,2026-07-07 22:12:00.639438754
O0002199,U008525,treatment,2026-07-05 15:34:28.410960984,74.68,completed,
O0002200,U008527,control,2026-07-05 02:20:58.240527374,136.16,completed,
O0002201,U008534,control,2026-07-12 21:26:29.629256528,54.9,completed,
O0002202,U008539,control,2026-07-13 00:01:59.003503722,105.55,completed,
O0002203,U008543,treatment,2026-07-14 07:41:19.029557242,88.11,completed,
O0002204,U008547,control,2026-07-02 14:25:41.075109932,77.33,completed,
O0002205,U008552,treatment,2026-07-04 11:12:00.111897952,66.57,completed,
O0002206,U008556,control,2026-07-01 14:28:44.301596804,83.55,completed,
O0002207,U008560,treatment,2026-07-03 07:25:58.281749244,55.21,completed,
O0002208,U008564,treatment,2026-07-13 08:08:01.412054904,67.47,completed,
O0002209,U008566,treatment,2026-07-07 22:53:11.709586988,126.19,completed,
O0002210,U008567,treatment,2026-07-06 21:57:48.859954812,76.89,completed,
O0002211,U008575,control,2026-07-10 05:02:16.072444622,56.42,completed,
O0002212,U008576,control,2026-07-04 20:15:39.296550650,120.31,completed,
O0002213,U008577,control,2026-07-06 22:24:12.471796736,65.38,completed,
O0002214,U008582,control,2026-07-03 05:11:08.558036832,107.36,completed,
O0002215,U008589,control,2026-07-06 16:58:45.514422666,33.58,completed,
O0002216,U008598,treatment,2026-07-06 18:01:13.253234344,86.33,completed,
O0002217,U008602,treatment,2026-07-09 04:13:40.448691014,124.59,completed,
O0002218,U008609,control,2026-07-04 23:57:22.361371918,138.74,completed,
O0002219,U008613,control,2026-07-11 18:17:54.948631314,86.6,refunded,2026-07-18 18:17:54.948631314
O0002220,U008621,treatment,2026-07-10 02:22:38.273734392,82.6,completed,
O0002221,U008624,treatment,2026-07-13 02:26:35.253319480,163.41,completed,
O0002222,U008627,treatment,2026-07-09 23:58:52.622366574,31.27,completed,
O0002223,U008629,control,2026-07-07 22:04:52.543924824,110.18,completed,
O0002224,U008632,treatment,2026-07-08 18:19:30.047725136,63.42,completed,
O0002225,U008633,treatment,2026-07-02 04:03:44.607623858,148.99,completed,
O0002226,U008635,control,2026-07-07 07:39:09.868259050,53.97,refunded,2026-07-09 07:39:09.868259050
O0002227,U008638,control,2026-07-11 15:33:50.684890924,93.01,completed,
O0002228,U008639,treatment,2026-07-14 13:25:51.888210364,83.46,completed,
O0002229,U008643,control,2026-07-08 02:44:39.794301884,176.86,completed,
O0002230,U008646,treatment,2026-07-05 15:02:44.657269710,130.88,completed,
O0002231,U008647,control,2026-07-10 12:58:05.449822536,52.09,completed,
O0002232,U008648,treatment,2026-07-15 00:16:41.261559434,156.13,completed,
O0002233,U008649,treatment,2026-07-14 21:30:09.801887018,178.03,completed,
O0002234,U008652,treatment,2026-07-06 00:42:15.263960856,46.84,refunded,2026-07-11 00:42:15.263960856
O0002235,U008653,treatment,2026-07-06 10:47:18.568566294,61.24,completed,
O0002236,U008654,control,2026-07-01 11:52:31.394137008,200.99,completed,
O0002237,U008656,control,2026-07-11 19:47:26.099676596,70.65,completed,
O0002238,U008658,treatment,2026-07-09 07:52:16.742811828,84.56,completed,
O0002239,U008659,control,2026-07-03 00:46:10.566142458,40.83,completed,
O0002240,U008661,control,2026-07-04 03:57:50.961679734,106.05,completed,
O0002241,U008664,treatment,2026-07-09 23:25:07.448075594,75.78,completed,
O0002242,U008667,treatment,2026-07-02 15:31:08.851692170,61.51,completed,
O0002243,U008669,control,2026-07-03 08:33:10.056132724,85.13,completed,
O0002244,U008671,treatment,2026-07-02 11:05:19.694650975,212.91,completed,
O0002245,U008676,control,2026-07-03 19:38:03.284444762,50.14,completed,
O0002246,U008677,control,2026-07-10 14:51:46.116974258,71.91,completed,
O0002247,U008678,treatment,2026-07-11 08:49:43.037731872,311.2,completed,
O0002248,U008679,treatment,2026-07-03 01:42:08.266205796,278.08,completed,
O0002249,U008681,treatment,2026-07-02 12:29:36.926760521,87.11,completed,
O0002250,U008683,control,2026-07-13 00:31:21.186954556,110.22,completed,
O0002251,U008686,treatment,2026-07-08 08:39:49.134265942,117.28,completed,
O0002252,U008696,control,2026-07-07 01:35:29.249033532,106.08,completed,
O0002253,U008699,control,2026-07-03 07:25:44.894918964,190.7,refunded,2026-07-05 07:25:44.894918964
O0002254,U008704,treatment,2026-07-10 14:11:42.992076722,94.19,completed,
O0002255,U008708,treatment,2026-07-05 17:18:40.874845098,160.9,completed,
O0002256,U008719,control,2026-07-11 14:19:44.563577326,61.75,completed,
O0002257,U008725,treatment,2026-07-14 07:04:09.886807514,72.13,completed,
O0002258,U008731,treatment,2026-07-09 09:46:57.660944238,62.61,completed,
O0002259,U008738,treatment,2026-07-15 00:12:54.760869914,76.72,completed,
O0002260,U008743,control,2026-07-08 02:22:42.341482222,68.78,completed,
O0002261,U008745,treatment,2026-07-07 22:34:03.642986960,129.37,completed,
O0002262,U008749,control,2026-07-09 20:09:49.110895148,50.21,completed,
O0002263,U008755,treatment,2026-07-13 05:54:30.403782536,99.54,completed,
O0002264,U008761,control,2026-07-13 08:31:22.293719528,134.53,completed,
O0002265,U008763,control,2026-07-10 17:00:06.128213560,46.88,completed,
O0002266,U008771,control,2026-07-14 16:55:17.453009526,65.83,completed,
O0002267,U008773,control,2026-07-11 16:23:56.988934744,65.36,completed,
O0002268,U008775,treatment,2026-07-04 20:02:06.214267462,98.0,completed,
O0002269,U008776,control,2026-07-11 07:44:54.442179546,79.32,completed,
O0002270,U008783,treatment,2026-07-14 11:49:27.297124994,83.86,completed,
O0002271,U008789,treatment,2026-07-09 08:54:54.444550153,107.98,completed,
O0002272,U008790,control,2026-07-14 10:49:56.739627132,87.36,completed,
O0002273,U008792,treatment,2026-07-04 10:24:35.483990504,65.83,completed,
O0002274,U008795,control,2026-07-12 11:54:55.453866444,80.21,completed,
O0002275,U008799,control,2026-07-03 21:02:41.109848950,42.24,completed,
O0002276,U008802,control,2026-07-10 04:44:31.062000298,63.83,completed,
O0002277,U008812,control,2026-07-03 02:17:39.811761500,101.39,completed,
O0002278,U008815,control,2026-07-07 16:17:44.052711342,157.58,completed,
O0002279,U008817,control,2026-07-07 11:59:37.179478508,55.96,completed,
O0002280,U008819,treatment,2026-07-14 03:26:37.558402118,128.44,completed,
O0002281,U008823,treatment,2026-07-05 23:38:47.714530462,98.76,completed,
O0002282,U008827,control,2026-07-06 14:30:05.961544882,277.0,completed,
O0002283,U008836,treatment,2026-07-09 23:45:03.242072666,145.23,completed,
O0002284,U008837,control,2026-07-01 10:10:56.677141620,99.54,completed,
O0002285,U008845,control,2026-07-13 13:42:08.925898267,172.95,completed,
O0002286,U008859,treatment,2026-07-08 05:20:49.770197802,103.33,completed,
O0002287,U008860,treatment,2026-07-06 10:16:31.351512898,69.65,completed,
O0002288,U008863,control,2026-07-13 13:22:15.558739885,154.75,completed,
O0002289,U008865,control,2026-07-10 05:22:21.971214298,148.48,completed,
O0002290,U008870,control,2026-07-04 02:56:31.744503900,67.82,completed,
O0002291,U008872,treatment,2026-07-07 01:27:34.688924756,123.44,completed,
O0002292,U008873,treatment,2026-07-07 19:23:24.788455056,52.71,completed,
O0002293,U008876,treatment,2026-07-01 13:08:18.909365948,43.02,completed,
O0002294,U008880,control,2026-07-11 11:47:26.586569118,117.66,completed,
O0002295,U008881,control,2026-07-10 02:41:34.640623158,119.18,completed,
O0002296,U008882,control,2026-07-03 21:45:56.004361008,76.56,completed,
O0002297,U008895,treatment,2026-07-04 20:34:23.825331494,61.41,completed,
O0002298,U008896,treatment,2026-07-08 07:41:33.769995826,71.52,completed,
O0002299,U008903,treatment,2026-07-12 11:08:12.351999894,88.58,completed,
O0002300,U008904,treatment,2026-07-13 20:18:35.709753284,115.81,completed,
O0002301,U008905,control,2026-07-05 11:15:06.773368080,83.38,completed,
O0002302,U008924,control,2026-07-01 18:47:35.559868806,136.86,refunded,2026-07-02 18:47:35.559868806
O0002303,U008927,treatment,2026-07-08 16:31:01.831645436,37.35,completed,
O0002304,U008929,control,2026-07-12 22:27:27.653919175,146.71,completed,
O0002305,U008932,control,2026-07-12 15:59:12.305571858,60.19,refunded,2026-07-16 15:59:12.305571858
O0002306,U008936,control,2026-07-05 05:55:49.574002318,50.96,completed,
O0002307,U008937,control,2026-07-10 03:44:23.106738136,85.72,completed,
O0002308,U008938,control,2026-07-08 23:26:00.078115572,132.21,completed,
O0002309,U008941,treatment,2026-07-11 10:58:56.962374188,45.45,completed,
O0002310,U008945,treatment,2026-07-07 07:59:11.288890532,72.63,completed,
O0002311,U008951,treatment,2026-07-13 22:50:10.470865906,33.39,completed,
O0002312,U008952,treatment,2026-07-08 16:35:37.866481814,84.03,completed,
O0002313,U008953,control,2026-07-03 23:31:02.179964926,72.99,completed,
O0002314,U008957,control,2026-07-03 04:25:06.114039742,77.98,completed,
O0002315,U008968,treatment,2026-07-11 03:23:44.586853266,91.74,completed,
O0002316,U008969,control,2026-07-05 19:19:29.732405730,127.23,completed,
O0002317,U008971,treatment,2026-07-13 03:13:18.083421064,91.84,completed,
O0002318,U008975,control,2026-07-09 16:07:41.109444612,69.19,completed,
O0002319,U008979,control,2026-07-07 06:27:17.395984338,61.37,completed,
O0002320,U008981,treatment,2026-07-02 17:44:31.646593250,105.13,completed,
O0002321,U008982,treatment,2026-07-02 19:50:55.587368160,100.25,completed,
O0002322,U008991,control,2026-07-03 23:12:43.721184032,35.8,completed,
O0002323,U008997,treatment,2026-07-14 23:21:14.965062474,114.48,completed,
O0002324,U009000,control,2026-07-12 15:01:05.141178362,125.83,completed,
O0002325,U009001,treatment,2026-07-03 05:05:13.652778704,109.12,cancelled,2026-07-06 05:05:13.652778704
O0002326,U009004,control,2026-07-04 22:21:18.677086994,58.89,completed,
O0002327,U009005,treatment,2026-07-04 21:45:08.089126974,128.05,completed,
O0002328,U009011,control,2026-07-11 09:47:50.633984949,87.12,completed,
O0002329,U009017,control,2026-07-11 23:24:27.857444444,94.06,completed,
O0002330,U009021,control,2026-07-09 19:21:11.819072640,33.47,completed,
O0002331,U009024,control,2026-07-05 06:37:06.953550046,80.17,completed,
O0002332,U009029,treatment,2026-07-04 23:32:53.352728672,92.31,completed,
O0002333,U009032,control,2026-07-14 02:20:35.517703404,116.49,completed,
O0002334,U009034,control,2026-07-12 14:56:11.667133058,97.1,completed,
O0002335,U009035,control,2026-07-07 08:02:06.215783218,54.86,completed,
O0002336,U009039,control,2026-07-12 21:18:03.405266854,48.4,completed,
O0002337,U009043,control,2026-07-01 14:57:09.051215488,103.39,completed,
O0002338,U009045,control,2026-07-13 15:48:52.009615184,64.35,cancelled,2026-07-16 15:48:52.009615184
O0002339,U009046,treatment,2026-07-02 06:22:43.941480670,234.87,completed,
O0002340,U009047,control,2026-07-02 14:39:09.489463886,56.85,completed,
O0002341,U009050,control,2026-07-05 15:54:59.969968934,76.03,completed,
O0002342,U009056,control,2026-07-09 09:32:37.819696859,116.32,completed,
O0002343,U009059,treatment,2026-07-03 03:58:09.209677486,103.36,completed,
O0002344,U009062,treatment,2026-07-11 08:24:25.851373028,87.33,completed,
O0002345,U009074,treatment,2026-07-14 04:27:08.023208276,39.05,completed,
O0002346,U009075,control,2026-07-04 13:22:57.330563378,61.04,completed,
O0002347,U009077,control,2026-07-01 04:54:06.343340224,88.96,completed,
O0002348,U009081,control,2026-07-05 21:29:18.157115034,107.67,completed,
O0002349,U009084,treatment,2026-07-06 05:23:14.621925694,99.61,completed,
O0002350,U009087,control,2026-07-03 07:34:55.809234983,77.75,completed,
O0002351,U009091,treatment,2026-07-06 10:31:19.422493830,98.41,completed,
O0002352,U009092,control,2026-07-07 10:54:21.186698856,74.64,completed,
O0002353,U009097,control,2026-07-05 22:32:16.357884398,37.6,completed,
O0002354,U009099,control,2026-07-07 01:00:48.934055044,74.65,completed,
O0002355,U009100,control,2026-07-09 01:16:52.593688150,93.76,completed,
O0002356,U009102,treatment,2026-07-04 03:16:08.157678082,115.0,completed,
O0002357,U009105,control,2026-07-01 21:54:12.370410726,61.86,completed,
O0002358,U009119,treatment,2026-07-02 14:12:29.238488854,140.87,completed,
O0002359,U009124,control,2026-07-01 23:49:19.090957696,140.17,completed,
O0002360,U009127,control,2026-07-07 11:58:09.725773418,63.94,completed,
O0002361,U009133,treatment,2026-07-04 06:16:15.563305186,59.97,completed,
O0002362,U009137,treatment,2026-07-08 13:08:06.798228682,35.68,completed,
O0002363,U009141,control,2026-07-10 09:55:59.306068620,99.95,completed,
O0002364,U009143,control,2026-07-03 08:19:02.050989026,66.52,completed,
O0002365,U009147,control,2026-07-09 11:41:31.385124642,85.43,completed,
O0002366,U009156,control,2026-07-07 09:19:07.110301338,46.56,completed,
O0002367,U009165,treatment,2026-07-06 15:07:31.535598420,123.45,completed,
O0002368,U009168,control,2026-07-13 00:23:19.685768654,46.59,completed,
O0002369,U009169,treatment,2026-07-05 23:50:50.267764892,49.21,completed,
O0002370,U009171,control,2026-07-14 19:22:18.575366358,161.56,completed,
O0002371,U009172,treatment,2026-07-04 05:35:57.170241038,133.34,completed,
O0002372,U009176,control,2026-07-13 02:58:01.655850768,101.89,completed,
O0002373,U009178,control,2026-07-04 22:46:48.036530928,158.77,completed,
O0002374,U009191,treatment,2026-07-03 15:40:48.891331490,85.16,completed,
O0002375,U009195,control,2026-07-06 01:24:15.010302972,81.29,completed,
O0002376,U009196,treatment,2026-07-09 16:04:34.230718094,135.33,completed,
O0002377,U009199,treatment,2026-07-12 18:28:45.833607000,138.19,completed,
O0002378,U009200,control,2026-07-02 18:09:05.601165350,193.35,completed,
O0002379,U009206,control,2026-07-05 08:30:27.885264516,79.08,completed,
O0002380,U009210,control,2026-07-11 04:11:09.769731448,132.26,completed,
O0002381,U009213,treatment,2026-07-08 05:47:55.820643544,116.73,completed,
O0002382,U009214,treatment,2026-07-06 15:15:14.656137734,72.13,completed,
O0002383,U009215,control,2026-07-02 13:31:34.151084714,46.78,completed,
O0002384,U009216,treatment,2026-07-03 13:09:36.073435591,95.71,completed,
O0002385,U009219,treatment,2026-07-06 11:55:08.834694550,134.58,completed,
O0002386,U009224,treatment,2026-07-07 18:02:25.715985512,76.65,completed,
O0002387,U009229,control,2026-07-01 19:01:52.472192066,105.31,completed,
O0002388,U009232,treatment,2026-07-10 13:47:44.825634024,94.96,completed,
O0002389,U009239,treatment,2026-07-13 04:12:15.282988546,55.72,completed,
O0002390,U009243,control,2026-07-12 02:14:20.410349158,52.42,completed,
O0002391,U009245,treatment,2026-07-03 17:40:05.820115516,86.65,completed,
O0002392,U009252,treatment,2026-07-08 22:56:17.381871998,47.96,completed,
O0002393,U009260,treatment,2026-07-08 00:11:24.566944882,56.52,completed,
O0002394,U009262,control,2026-07-03 11:29:55.551723174,45.85,completed,
O0002395,U009265,treatment,2026-07-09 17:20:42.434681894,93.15,completed,
O0002396,U009268,control,2026-07-05 21:05:39.935614782,158.03,cancelled,2026-07-07 21:05:39.935614782
O0002397,U009270,control,2026-07-10 02:49:03.230543994,41.8,completed,
O0002398,U009279,control,2026-07-06 04:40:29.783796296,152.77,completed,
O0002399,U009296,treatment,2026-07-09 10:31:19.139251258,91.29,completed,
O0002400,U009298,treatment,2026-07-10 21:06:20.041328440,98.7,completed,
O0002401,U009303,treatment,2026-07-12 11:52:58.460270846,50.52,completed,
O0002402,U009307,treatment,2026-07-15 10:52:36.866874264,96.92,completed,
O0002403,U009311,treatment,2026-07-09 12:33:14.698887998,58.91,refunded,2026-07-15 12:33:14.698887998
O0002404,U009314,control,2026-07-08 08:27:50.685481130,83.28,completed,
O0002405,U009316,control,2026-07-02 00:41:18.347404380,130.49,completed,
O0002406,U009320,treatment,2026-07-05 19:41:05.663082026,90.4,completed,
O0002407,U009322,treatment,2026-07-05 08:07:14.659994420,83.23,completed,
O0002408,U009323,control,2026-07-02 06:38:58.031383952,68.72,completed,
O0002409,U009327,control,2026-07-14 22:07:20.410640762,152.69,completed,
O0002410,U009330,treatment,2026-07-09 04:03:01.766510682,51.56,completed,
O0002411,U009333,control,2026-07-13 20:56:44.148183352,104.01,completed,
O0002412,U009334,treatment,2026-07-05 22:01:09.660585948,100.77,completed,
O0002413,U009335,control,2026-07-10 02:07:32.015622818,140.48,completed,
O0002414,U009344,control,2026-07-12 04:42:18.297202270,83.01,completed,
O0002415,U009347,control,2026-07-11 08:19:13.952403590,52.85,completed,
O0002416,U009348,treatment,2026-07-03 01:30:36.649753526,38.78,completed,
O0002417,U009351,control,2026-07-09 05:34:38.408579706,104.14,completed,
O0002418,U009356,treatment,2026-07-07 17:57:11.997259432,62.66,completed,
O0002419,U009358,control,2026-07-08 14:26:46.373537534,55.14,completed,
O0002420,U009363,control,2026-07-09 19:31:57.527687650,94.92,completed,
O0002421,U009365,treatment,2026-07-02 08:58:44.334375576,78.87,completed,
O0002422,U009366,treatment,2026-07-10 00:14:39.451976820,178.74,completed,
O0002423,U009372,treatment,2026-07-07 21:57:21.953363706,115.33,completed,
O0002424,U009382,control,2026-07-05 06:50:01.037533762,154.6,completed,
O0002425,U009386,control,2026-07-08 18:22:51.498807194,90.92,completed,
O0002426,U009388,treatment,2026-07-04 23:24:08.599107471,41.75,completed,
O0002427,U009390,treatment,2026-07-14 03:54:25.488892586,74.26,completed,
O0002428,U009392,treatment,2026-07-05 09:34:59.379852794,106.78,completed,
O0002429,U009396,control,2026-07-04 04:41:25.532279882,105.12,completed,
O0002430,U009410,control,2026-07-13 22:27:58.587182509,147.47,completed,
O0002431,U009419,control,2026-07-09 06:24:01.377784132,94.42,completed,
O0002432,U009420,control,2026-07-14 23:41:07.355178072,123.73,completed,
O0002433,U009430,treatment,2026-07-02 16:48:26.592146994,88.66,completed,
O0002434,U009431,control,2026-07-04 04:11:41.964207692,125.18,completed,
O0002435,U009434,control,2026-07-04 07:27:19.352410496,158.34,completed,
O0002436,U009440,treatment,2026-07-12 11:48:07.226766718,61.24,completed,
O0002437,U009444,treatment,2026-07-06 01:37:29.902326962,98.65,completed,
O0002438,U009449,control,2026-07-13 09:09:43.368600934,200.12,completed,
O0002439,U009452,treatment,2026-07-08 09:14:39.518516688,77.66,completed,
O0002440,U009456,control,2026-07-02 21:32:54.240473466,84.72,completed,
O0002441,U009458,treatment,2026-07-05 13:42:34.165331746,126.73,completed,
O0002442,U009459,treatment,2026-07-11 21:11:45.195774962,90.13,completed,
O0002443,U009464,control,2026-07-09 22:17:09.832831884,77.76,completed,
O0002444,U009465,control,2026-07-12 14:06:40.702294652,93.65,completed,
O0002445,U009467,treatment,2026-07-14 12:38:37.110272076,65.51,completed,
O0002446,U009471,treatment,2026-07-04 14:43:40.916943964,150.3,completed,
O0002447,U009475,treatment,2026-07-14 01:11:07.922317628,170.25,completed,
O0002448,U009476,treatment,2026-07-13 20:09:54.616816546,55.76,completed,
O0002449,U009477,treatment,2026-07-03 00:44:37.605117066,58.53,completed,
O0002450,U009481,treatment,2026-07-01 18:42:57.708546140,52.49,completed,
O0002451,U009496,control,2026-07-11 19:20:09.047504288,150.52,completed,
O0002452,U009502,treatment,2026-07-14 08:12:12.960160182,39.14,completed,
O0002453,U009503,control,2026-07-09 06:36:54.147881646,45.87,completed,
O0002454,U009504,treatment,2026-07-03 03:57:29.186770030,68.48,completed,
O0002455,U009511,control,2026-07-04 04:12:17.404598324,78.77,completed,
O0002456,U009518,control,2026-07-09 07:31:40.473522326,130.59,completed,
O0002457,U009519,treatment,2026-07-12 04:31:29.452949302,63.87,completed,
O0002458,U009522,control,2026-07-04 01:30:39.897930502,79.13,refunded,2026-07-05 01:30:39.897930502
O0002459,U009523,treatment,2026-07-04 03:12:53.045740478,89.53,completed,
O0002460,U009525,control,2026-07-04 09:50:39.290206108,95.6,completed,
O0002461,U009528,treatment,2026-07-11 07:16:58.860250290,127.75,completed,
O0002462,U009530,treatment,2026-07-02 16:15:28.631949108,81.67,completed,
O0002463,U009536,control,2026-07-06 16:20:24.187567464,108.77,completed,
O0002464,U009539,control,2026-07-06 16:35:54.048854880,48.9,completed,
O0002465,U009542,control,2026-07-07 02:07:41.882760074,124.74,refunded,2026-07-11 02:07:41.882760074
O0002466,U009545,control,2026-07-14 20:33:11.856442152,167.31,completed,
O0002467,U009546,treatment,2026-07-11 06:00:47.899684738,116.99,completed,
O0002468,U009547,treatment,2026-07-10 08:30:35.892448164,138.81,completed,
O0002469,U009561,treatment,2026-07-11 23:54:42.160964636,107.96,completed,
O0002470,U009563,control,2026-07-12 10:35:20.655863726,205.93,completed,
O0002471,U009566,control,2026-07-06 08:08:29.499680488,50.94,completed,
O0002472,U009569,control,2026-07-08 11:01:39.878133742,121.93,completed,
O0002473,U009572,control,2026-07-05 17:32:54.016951406,157.08,completed,
O0002474,U009585,control,2026-07-07 13:49:12.365821952,39.99,completed,
O0002475,U009588,treatment,2026-07-05 14:21:54.252341238,115.35,completed,
O0002476,U009597,control,2026-07-10 05:28:38.661889758,202.02,completed,
O0002477,U009600,treatment,2026-07-12 16:58:12.969851008,117.95,refunded,2026-07-19 16:58:12.969851008
O0002478,U009604,control,2026-07-10 21:32:59.992758286,81.73,completed,
O0002479,U009606,control,2026-07-02 19:21:30.933346786,52.23,completed,
O0002480,U009611,treatment,2026-07-12 13:53:10.217388466,117.69,completed,
O0002481,U009616,treatment,2026-07-05 11:39:55.401257882,58.25,completed,
O0002482,U009617,treatment,2026-07-11 01:03:57.070468192,115.09,completed,
O0002483,U009618,control,2026-07-06 19:14:28.943690996,102.75,completed,
O0002484,U009619,treatment,2026-07-06 14:02:28.591402954,61.43,completed,
O0002485,U009620,treatment,2026-07-13 02:45:01.224021268,173.99,completed,
O0002486,U009626,treatment,2026-07-01 19:01:00.487623734,47.46,completed,
O0002487,U009632,treatment,2026-07-12 18:20:55.448772190,83.4,completed,
O0002488,U009633,treatment,2026-07-05 11:25:01.697171496,78.93,completed,
O0002489,U009636,control,2026-07-08 02:12:26.394279998,31.33,refunded,2026-07-14 02:12:26.394279998
O0002490,U009637,treatment,2026-07-13 18:30:27.538644930,45.53,completed,
O0002491,U009638,control,2026-07-04 08:20:32.450064086,57.44,completed,
O0002492,U009639,treatment,2026-07-08 07:44:45.364449922,40.04,cancelled,2026-07-13 07:44:45.364449922
O0002493,U009649,treatment,2026-07-13 13:25:02.230925763,113.9,completed,
O0002494,U009650,control,2026-07-04 01:09:36.723243680,56.02,completed,
O0002495,U009652,control,2026-07-07 03:29:47.851265953,61.58,completed,
O0002496,U009657,treatment,2026-07-09 21:52:41.492153874,136.5,completed,
O0002497,U009664,treatment,2026-07-06 14:59:45.045074586,160.04,completed,
O0002498,U009670,control,2026-07-13 18:56:31.048431736,83.63,refunded,2026-07-17 18:56:31.048431736
O0002499,U009674,treatment,2026-07-04 00:39:40.125009768,66.3,completed,
O0002500,U009681,treatment,2026-07-01 22:11:33.597257372,75.21,completed,
O0002501,U009683,treatment,2026-07-01 18:41:01.060250640,112.75,completed,
O0002502,U009686,control,2026-07-06 15:42:54.048572798,45.98,completed,
O0002503,U009688,control,2026-07-03 12:50:37.977688106,99.49,completed,
O0002504,U009692,treatment,2026-07-04 05:02:03.536602122,141.57,completed,
O0002505,U009700,control,2026-07-07 15:05:34.787186381,50.42,completed,
O0002506,U009701,treatment,2026-07-12 00:38:37.007442568,38.01,completed,
O0002507,U009702,control,2026-07-14 14:00:00.746315020,71.9,completed,
O0002508,U009707,treatment,2026-07-08 16:47:26.716336658,128.77,refunded,2026-07-14 16:47:26.716336658
O0002509,U009711,treatment,2026-07-10 15:04:12.780358130,100.96,completed,
O0002510,U009716,control,2026-07-14 06:21:54.556367160,112.02,completed,
O0002511,U009717,treatment,2026-07-09 18:38:44.159071651,50.65,completed,
O0002512,U009720,control,2026-07-03 08:20:57.497064654,37.51,completed,
O0002513,U009725,treatment,2026-07-12 13:46:16.653441140,136.25,completed,
O0002514,U009727,control,2026-07-07 09:31:03.761463758,62.25,completed,
O0002515,U009731,treatment,2026-07-03 16:05:06.894082440,129.87,completed,
O0002516,U009732,control,2026-07-03 03:52:55.885040910,69.71,completed,
O0002517,U009734,control,2026-07-09 20:51:21.297760414,80.47,completed,
O0002518,U009736,treatment,2026-07-03 08:12:45.626968056,62.08,completed,
O0002519,U009737,treatment,2026-07-07 05:29:40.087143334,67.07,completed,
O0002520,U009739,control,2026-07-05 20:44:19.471448026,73.07,completed,
O0002521,U009741,treatment,2026-07-05 19:45:10.131038826,92.38,completed,
O0002522,U009750,treatment,2026-07-11 22:33:22.496535603,81.63,completed,
O0002523,U009751,treatment,2026-07-14 09:25:40.202043922,25.84,refunded,2026-07-15 09:25:40.202043922
O0002524,U009757,treatment,2026-07-11 19:36:44.493709320,99.77,completed,
O0002525,U009762,treatment,2026-07-11 14:00:38.878227019,79.31,completed,
O0002526,U009772,control,2026-07-06 16:15:19.533435220,135.12,completed,
O0002527,U009774,treatment,2026-07-14 08:27:53.069256938,105.4,completed,
O0002528,U009776,control,2026-07-08 06:38:32.801021060,101.12,completed,
O0002529,U009778,control,2026-07-05 01:58:53.002670472,45.52,completed,
O0002530,U009784,treatment,2026-07-02 07:20:25.324247234,185.78,completed,
O0002531,U009785,control,2026-07-04 15:19:17.971393878,69.03,completed,
O0002532,U009789,treatment,2026-07-11 06:44:32.532926360,73.09,completed,
O0002533,U009790,control,2026-07-04 15:49:45.217693684,74.27,completed,
O0002534,U009793,treatment,2026-07-01 08:53:03.555510440,81.35,completed,
O0002535,U009795,treatment,2026-07-07 16:14:01.133314306,59.95,completed,
O0002536,U009796,treatment,2026-07-06 16:32:54.558862956,41.18,completed,
O0002537,U009801,treatment,2026-07-11 15:52:40.299698280,62.47,completed,
O0002538,U009804,treatment,2026-07-10 19:59:02.488280610,211.91,completed,
O0002539,U009808,control,2026-07-06 23:03:39.522547092,154.72,completed,
O0002540,U009813,control,2026-07-02 10:58:05.890438088,65.71,completed,
O0002541,U009814,control,2026-07-12 11:30:26.669953610,102.64,completed,
O0002542,U009815,control,2026-07-04 02:58:15.234006100,48.6,completed,
O0002543,U009822,treatment,2026-07-07 09:29:10.633471922,59.49,completed,
O0002544,U009823,control,2026-07-04 13:08:50.188097948,251.55,completed,
O0002545,U009825,treatment,2026-07-04 17:03:42.521823456,89.65,completed,
O0002546,U009828,control,2026-07-03 17:30:01.844400782,60.22,completed,
O0002547,U009837,treatment,2026-07-07 17:49:56.277521314,106.46,completed,
O0002548,U009847,control,2026-07-13 07:20:53.552757414,38.87,completed,
O0002549,U009851,control,2026-07-14 03:22:39.257463534,69.74,completed,
O0002550,U009853,treatment,2026-07-09 07:03:08.901168580,51.45,completed,
O0002551,U009854,control,2026-07-05 19:46:40.833830572,100.05,refunded,2026-07-09 19:46:40.833830572
O0002552,U009856,control,2026-07-01 09:22:59.372994794,84.35,completed,
O0002553,U009857,control,2026-07-06 08:16:02.268356843,150.87,completed,
O0002554,U009861,treatment,2026-07-03 08:38:14.995981186,53.45,completed,
O0002555,U009863,control,2026-07-02 00:48:26.931325258,79.42,completed,
O0002556,U009864,treatment,2026-07-15 00:21:58.177333208,105.55,completed,
O0002557,U009865,control,2026-07-05 02:59:51.939427216,61.65,completed,
O0002558,U009869,control,2026-07-01 20:42:27.877138753,85.18,completed,
O0002559,U009872,treatment,2026-07-09 09:11:35.503022950,61.35,completed,
O0002560,U009876,control,2026-07-04 18:00:14.736760294,131.67,completed,
O0002561,U009882,treatment,2026-07-04 04:16:14.747550598,38.62,completed,
O0002562,U009883,treatment,2026-07-13 00:09:53.733956914,93.39,completed,
O0002563,U009886,control,2026-07-03 13:04:57.556331326,136.88,completed,
O0002564,U009887,control,2026-07-12 14:00:32.642968776,78.99,completed,
O0002565,U009889,treatment,2026-07-11 15:57:53.944185240,76.77,completed,
O0002566,U009891,treatment,2026-07-14 21:44:02.969777356,132.74,completed,
O0002567,U009892,treatment,2026-07-07 07:02:04.855808696,98.34,completed,
O0002568,U009893,control,2026-07-01 12:50:30.340009848,59.36,completed,
O0002569,U009895,control,2026-07-05 22:53:26.381666636,78.32,completed,
O0002570,U009899,treatment,2026-07-06 00:41:58.942330636,129.47,completed,
O0002571,U009903,treatment,2026-07-06 14:52:37.289689224,90.58,completed,
O0002572,U009908,control,2026-07-03 09:47:17.410805008,75.48,completed,
O0002573,U009911,control,2026-07-01 18:19:48.180959604,54.5,completed,
O0002574,U009912,treatment,2026-07-11 08:54:56.573338726,207.36,completed,
O0002575,U009913,treatment,2026-07-08 02:30:37.494363197,87.67,completed,
O0002576,U009914,control,2026-07-06 22:20:30.095914614,54.03,completed,
O0002577,U009916,treatment,2026-07-10 03:55:51.918324016,111.56,completed,
O0002578,U009918,control,2026-07-14 04:39:13.151767328,89.8,completed,
O0002579,U009920,control,2026-07-01 14:04:06.590282050,86.68,completed,
O0002580,U009928,control,2026-07-05 14:05:45.826494776,71.32,completed,
O0002581,U009929,control,2026-07-14 03:52:02.768292842,100.0,completed,
O0002582,U009935,treatment,2026-07-07 08:43:42.442512874,84.21,completed,
O0002583,U009937,treatment,2026-07-06 01:13:31.714628802,55.36,completed,
O0002584,U009942,treatment,2026-07-04 18:40:57.546168920,81.65,completed,
O0002585,U009946,control,2026-07-10 04:20:40.184515690,204.46,completed,
O0002586,U009947,control,2026-07-11 21:17:57.763011070,77.34,completed,
O0002587,U009949,treatment,2026-07-10 05:47:35.097895174,107.32,completed,
O0002588,U009950,treatment,2026-07-01 16:45:03.206492622,127.9,completed,
O0002589,U009952,control,2026-07-05 09:55:05.922911722,118.94,completed,
O0002590,U009956,treatment,2026-07-07 11:53:48.996855844,27.94,completed,
O0002591,U009962,control,2026-07-09 11:21:16.734271890,85.58,completed,
O0002592,U009967,treatment,2026-07-08 13:45:30.833788704,117.4,completed,
O0002593,U009970,treatment,2026-07-09 19:30:42.679159230,227.09,completed,
O0002594,U009973,control,2026-07-06 14:55:41.929197608,113.54,completed,
O0002595,U009980,treatment,2026-07-11 20:02:12.320270226,110.83,completed,
O0002596,U009999,control,2026-07-10 10:59:12.422230036,85.58,completed,
O0002597,U010000,treatment,2026-07-03 18:09:15.632962266,72.47,completed,
O0002598,U010001,control,2026-07-11 03:19:58.567468924,51.25,completed,
O0002599,U010004,control,2026-07-10 10:20:09.945818354,33.97,completed,
O0002600,U010012,treatment,2026-07-05 00:46:16.909185016,86.65,completed,
O0002601,U010015,treatment,2026-07-14 02:25:41.415478110,145.64,completed,
O0002602,U010017,treatment,2026-07-03 21:28:20.466249262,94.45,completed,
O0002603,U010022,treatment,2026-07-14 14:37:18.824756318,43.55,completed,
O0002604,U010033,treatment,2026-07-13 23:47:40.303062834,61.33,completed,
O0002605,U010037,treatment,2026-07-13 21:43:42.758634604,63.88,completed,
O0002606,U010039,control,2026-07-13 15:12:32.816938484,112.93,completed,
O0002607,U010041,control,2026-07-12 04:54:03.156388451,78.82,completed,
O0002608,U010044,treatment,2026-07-12 15:33:59.477420454,102.8,completed,
O0002609,U010047,treatment,2026-07-02 16:02:56.097558514,61.45,cancelled,2026-07-06 16:02:56.097558514
O0002610,U010056,control,2026-07-11 04:18:12.087433964,143.35,completed,
O0002611,U010063,treatment,2026-07-03 21:39:41.236029976,73.08,completed,
O0002612,U010069,treatment,2026-07-12 05:21:21.622504870,46.96,completed,
O0002613,U010074,treatment,2026-07-08 00:44:39.945878121,139.48,completed,
O0002614,U010077,treatment,2026-07-09 20:49:50.028223650,50.4,completed,
O0002615,U010078,control,2026-07-02 10:36:19.576599132,77.23,completed,
O0002616,U010081,control,2026-07-12 09:58:47.121475110,80.3,completed,
O0002617,U010086,control,2026-07-04 09:34:52.189833392,59.08,completed,
O0002618,U010087,control,2026-07-02 03:24:54.331154800,22.61,completed,
O0002619,U010101,treatment,2026-07-03 07:15:06.610774572,92.53,completed,
O0002620,U010109,control,2026-07-05 09:38:05.256847248,148.98,completed,
O0002621,U010111,control,2026-07-01 14:55:43.088260370,110.92,completed,
O0002622,U010115,treatment,2026-07-03 15:45:56.233979770,136.13,completed,
O0002623,U010118,treatment,2026-07-06 02:18:23.899211470,92.22,completed,
O0002624,U010126,control,2026-07-07 02:30:16.019724948,49.76,completed,
O0002625,U010128,control,2026-07-06 05:03:09.442143218,85.92,completed,
O0002626,U010130,control,2026-07-08 11:34:50.512265144,127.1,completed,
O0002627,U010132,treatment,2026-07-11 13:49:41.895997086,104.73,completed,
O0002628,U010142,treatment,2026-07-10 15:09:47.519716660,87.17,completed,
O0002629,U010144,control,2026-07-04 10:21:19.918335000,87.0,refunded,2026-07-06 10:21:19.918335000
O0002630,U010151,treatment,2026-07-12 08:56:23.516178722,44.19,completed,
O0002631,U010152,control,2026-07-06 16:44:30.283175302,21.69,completed,
O0002632,U010157,control,2026-07-05 17:40:02.781127292,120.17,completed,
O0002633,U010158,control,2026-07-06 11:29:24.538520546,111.24,completed,
O0002634,U010163,control,2026-07-10 10:25:51.059685866,114.67,completed,
O0002635,U010165,treatment,2026-07-09 10:45:56.992505806,66.59,completed,
O0002636,U010168,control,2026-07-11 21:25:36.184097466,92.99,completed,
O0002637,U010171,control,2026-07-13 10:23:57.366864594,70.97,completed,
O0002638,U010175,treatment,2026-07-08 12:03:32.505488676,133.65,completed,
O0002639,U010178,control,2026-07-11 16:58:31.083084618,73.61,completed,
O0002640,U010180,control,2026-07-05 02:24:33.888520542,74.96,completed,
O0002641,U010184,treatment,2026-07-12 08:03:31.871729034,107.19,completed,
O0002642,U010188,control,2026-07-14 20:30:23.675720528,72.15,completed,
O0002643,U010189,treatment,2026-07-09 12:01:42.585747222,101.17,completed,
O0002644,U010191,control,2026-07-03 01:32:31.307355068,168.21,completed,
O0002645,U010192,control,2026-07-03 12:22:55.502889736,84.88,completed,
O0002646,U010195,control,2026-07-07 18:39:48.323786164,105.55,completed,
O0002647,U010197,treatment,2026-07-08 03:46:45.343586858,99.3,completed,
O0002648,U010201,treatment,2026-07-01 19:40:43.513709886,64.01,refunded,2026-07-07 19:40:43.513709886
O0002649,U010204,control,2026-07-03 16:04:09.535443920,123.61,completed,
O0002650,U010215,treatment,2026-07-01 22:32:51.841569662,101.8,completed,
O0002651,U010220,treatment,2026-07-08 15:12:32.034720926,103.72,completed,
O0002652,U010224,control,2026-07-04 12:40:18.941004294,172.01,completed,
O0002653,U010230,treatment,2026-07-08 21:59:57.995730736,66.68,cancelled,2026-07-15 21:59:57.995730736
O0002654,U010238,treatment,2026-07-14 03:03:20.091736016,79.24,refunded,2026-07-21 03:03:20.091736016
O0002655,U010240,treatment,2026-07-08 09:13:51.532751988,82.48,completed,
O0002656,U010247,control,2026-07-11 04:52:33.750985462,67.0,completed,
O0002657,U010248,control,2026-07-04 22:42:51.807709752,72.34,completed,
O0002658,U010249,control,2026-07-08 00:03:11.597509012,192.34,completed,
O0002659,U010253,treatment,2026-07-06 21:54:01.972757554,90.93,completed,
O0002660,U010255,control,2026-07-12 21:22:28.604872808,74.22,completed,
O0002661,U010258,treatment,2026-07-04 22:41:22.288108896,59.57,completed,
O0002662,U010259,treatment,2026-07-06 19:09:45.783323792,174.75,completed,
O0002663,U010262,control,2026-07-08 10:12:47.445406464,67.23,completed,
O0002664,U010263,control,2026-07-03 09:27:09.401392856,147.53,completed,
O0002665,U010274,treatment,2026-07-06 11:44:50.854740238,53.78,completed,
O0002666,U010276,control,2026-07-07 12:53:55.496263302,51.16,completed,
O0002667,U010277,control,2026-07-02 03:52:34.870062206,185.9,completed,
O0002668,U010281,control,2026-07-09 14:18:53.636920486,74.03,completed,
O0002669,U010286,control,2026-07-10 09:44:55.377843848,204.13,completed,
O0002670,U010292,treatment,2026-07-04 13:22:45.702545600,91.98,completed,
O0002671,U010295,treatment,2026-07-06 09:44:04.492295381,109.09,completed,
O0002672,U010298,control,2026-07-07 18:11:41.385156434,106.89,completed,
O0002673,U010299,control,2026-07-07 15:52:08.040251348,39.55,completed,
O0002674,U010305,treatment,2026-07-09 16:52:44.343459512,99.62,completed,
O0002675,U010307,treatment,2026-07-10 21:04:30.078294142,103.94,completed,
O0002676,U010316,treatment,2026-07-03 01:25:24.488607006,74.09,completed,
O0002677,U010317,control,2026-07-01 11:45:04.516320658,48.34,completed,
O0002678,U010327,control,2026-07-06 22:28:52.898047836,131.34,completed,
O0002679,U010328,control,2026-07-02 23:58:54.950083076,42.66,completed,
O0002680,U010333,treatment,2026-07-04 14:30:26.210548496,130.64,completed,
O0002681,U010334,treatment,2026-07-01 15:02:08.665407214,106.82,cancelled,2026-07-08 15:02:08.665407214
O0002682,U010338,treatment,2026-07-04 19:52:34.320163722,78.01,completed,
O0002683,U010339,treatment,2026-07-03 01:40:09.682770406,29.42,completed,
O0002684,U010342,treatment,2026-07-13 06:31:02.590544366,205.54,completed,
O0002685,U010344,treatment,2026-07-11 15:51:25.074425424,51.32,completed,
O0002686,U010348,treatment,2026-07-09 02:13:50.258622908,54.42,completed,
O0002687,U010350,control,2026-07-05 00:28:44.424439780,122.45,cancelled,2026-07-09 00:28:44.424439780
O0002688,U010355,treatment,2026-07-06 15:27:47.698063322,50.76,completed,
O0002689,U010359,treatment,2026-07-06 03:13:36.173454000,88.19,completed,
O0002690,U010360,control,2026-07-13 19:04:03.233107050,123.59,cancelled,2026-07-19 19:04:03.233107050
O0002691,U010362,control,2026-07-08 08:54:16.893276270,108.73,completed,
O0002692,U010365,treatment,2026-07-07 14:16:27.494896398,130.98,cancelled,2026-07-12 14:16:27.494896398
O0002693,U010366,treatment,2026-07-14 09:28:04.213109112,91.36,completed,
O0002694,U010369,control,2026-07-02 05:47:07.364766810,132.76,completed,
O0002695,U010375,control,2026-07-14 12:33:59.370148550,113.57,completed,
O0002696,U010379,treatment,2026-07-04 19:25:03.101608008,75.61,completed,
O0002697,U010381,control,2026-07-05 02:02:55.858865680,180.69,completed,
O0002698,U010386,treatment,2026-07-01 13:45:37.047211382,134.55,completed,
O0002699,U010387,control,2026-07-14 06:29:57.451390212,81.19,completed,
O0002700,U010393,control,2026-07-10 21:35:58.055333246,104.11,completed,
O0002701,U010405,control,2026-07-07 21:17:13.080997566,104.09,completed,
O0002702,U010414,control,2026-07-14 20:49:24.637997157,83.2,completed,
O0002703,U010420,treatment,2026-07-06 02:05:36.453395294,35.18,completed,
O0002704,U010425,control,2026-07-12 14:19:47.595358494,66.69,completed,
O0002705,U010427,control,2026-07-02 16:18:01.679167486,77.41,completed,
O0002706,U010429,treatment,2026-07-05 14:43:23.458395808,111.45,refunded,2026-07-09 14:43:23.458395808
O0002707,U010434,treatment,2026-07-04 00:30:31.621053170,114.91,completed,
O0002708,U010440,control,2026-07-03 21:00:10.408900092,33.9,refunded,2026-07-10 21:00:10.408900092
O0002709,U010441,treatment,2026-07-13 19:40:12.477793742,56.79,completed,
O0002710,U010448,control,2026-07-05 15:25:34.526713968,171.28,completed,
O0002711,U010449,treatment,2026-07-01 06:53:23.878539050,96.03,completed,
O0002712,U010456,treatment,2026-07-08 02:29:37.085049760,117.7,completed,
O0002713,U010458,treatment,2026-07-05 03:26:45.522118730,50.12,completed,
O0002714,U010459,control,2026-07-13 00:11:52.289960852,137.75,completed,
O0002715,U010461,treatment,2026-07-11 07:35:36.283955834,89.86,completed,
O0002716,U010467,control,2026-07-04 14:02:48.089905728,54.74,completed,
O0002717,U010468,control,2026-07-12 09:56:47.196554655,51.7,completed,
O0002718,U010477,control,2026-07-10 04:35:50.665855966,55.37,completed,
O0002719,U010478,control,2026-07-14 17:35:18.316271582,142.07,completed,
O0002720,U010480,treatment,2026-07-07 22:12:58.949873444,151.28,completed,
O0002721,U010481,control,2026-07-05 23:39:45.603875244,140.28,completed,
O0002722,U010488,control,2026-07-14 10:30:23.970103122,75.14,completed,
O0002723,U010489,treatment,2026-07-12 02:49:14.710089136,117.05,completed,
O0002724,U010492,control,2026-07-06 08:32:31.645342874,134.72,completed,
O0002725,U010494,treatment,2026-07-09 03:45:29.783889748,60.86,completed,
O0002726,U010501,treatment,2026-07-02 20:35:25.745545218,68.3,completed,
O0002727,U010511,control,2026-07-03 23:16:25.200953352,175.42,completed,
O0002728,U010513,treatment,2026-07-08 20:18:15.553819932,94.81,completed,
O0002729,U010515,treatment,2026-07-04 10:41:34.174005912,96.09,completed,
O0002730,U010518,control,2026-07-09 06:27:58.084368000,35.74,completed,
O0002731,U010520,control,2026-07-04 00:04:15.355718048,45.11,completed,
O0002732,U010527,control,2026-07-12 15:23:03.919595962,84.98,completed,
O0002733,U010528,control,2026-07-08 13:34:32.504602496,73.93,completed,
O0002734,U010537,treatment,2026-07-01 13:23:16.767489474,28.1,completed,
O0002735,U010545,control,2026-07-02 02:26:35.848982680,153.82,completed,
O0002736,U010550,control,2026-07-09 03:42:29.842590270,61.09,completed,
O0002737,U010552,control,2026-07-07 03:42:04.207455696,97.87,completed,
O0002738,U010557,control,2026-07-10 23:03:56.880994736,136.63,completed,
O0002739,U010563,control,2026-07-12 08:42:40.604396234,64.18,completed,
O0002740,U010567,treatment,2026-07-01 20:43:35.819118392,74.66,completed,
O0002741,U010574,treatment,2026-07-07 05:17:05.805861904,93.83,completed,
O0002742,U010579,treatment,2026-07-03 08:55:10.454761688,124.64,completed,
O0002743,U010580,treatment,2026-07-09 16:52:53.282001106,59.23,completed,
O0002744,U010583,control,2026-07-04 23:29:45.653518430,71.65,completed,
O0002745,U010586,control,2026-07-08 21:42:00.998427918,59.38,completed,
O0002746,U010587,treatment,2026-07-12 04:18:32.755902972,345.06,completed,
O0002747,U010591,treatment,2026-07-04 06:50:53.948067586,94.57,completed,
O0002748,U010592,control,2026-07-10 01:51:28.240567318,190.29,completed,
O0002749,U010593,treatment,2026-07-09 08:20:17.185893434,92.7,completed,
O0002750,U010600,treatment,2026-07-13 03:21:03.290086200,101.78,completed,
O0002751,U010605,treatment,2026-07-13 11:30:46.349162838,207.58,completed,
O0002752,U010612,treatment,2026-07-01 17:03:07.580486254,53.82,completed,
O0002753,U010614,control,2026-07-02 07:58:53.941888222,136.59,completed,
O0002754,U010616,control,2026-07-05 11:54:19.423626886,107.21,completed,
O0002755,U010618,treatment,2026-07-14 03:06:55.113521714,101.85,completed,
O0002756,U010619,treatment,2026-07-13 08:38:33.403296214,167.16,completed,
O0002757,U010620,treatment,2026-07-02 10:06:42.239544286,49.99,completed,
O0002758,U010622,treatment,2026-07-11 00:39:28.610496387,67.97,completed,
O0002759,U010625,treatment,2026-07-04 07:48:38.450026402,61.91,completed,
O0002760,U010627,treatment,2026-07-08 15:45:58.775486304,90.77,completed,
O0002761,U010639,treatment,2026-07-07 07:16:12.501210746,39.43,completed,
O0002762,U010641,control,2026-07-12 07:17:23.965622696,57.37,completed,
O0002763,U010645,treatment,2026-07-10 04:28:11.204939826,89.94,completed,
O0002764,U010654,treatment,2026-07-08 17:36:35.251193470,88.34,completed,
O0002765,U010655,treatment,2026-07-07 22:46:24.206734096,96.17,completed,
O0002766,U010659,treatment,2026-07-01 08:50:05.270263438,83.44,completed,
O0002767,U010663,control,2026-07-08 03:48:28.569227140,83.64,completed,
O0002768,U010676,treatment,2026-07-06 14:30:56.184909266,94.43,completed,
O0002769,U010685,treatment,2026-07-08 13:01:00.611012938,41.19,completed,
O0002770,U010686,control,2026-07-11 04:25:39.453895881,107.37,completed,
O0002771,U010692,control,2026-07-05 16:05:19.396346474,94.85,completed,
O0002772,U010694,treatment,2026-07-12 01:17:41.949634392,52.8,completed,
O0002773,U010697,control,2026-07-06 01:08:02.492164340,261.61,completed,
O0002774,U010698,control,2026-07-12 21:03:53.657518750,173.5,completed,
O0002775,U010710,treatment,2026-07-03 17:27:01.675619433,92.6,completed,
O0002776,U010716,treatment,2026-07-01 16:02:28.837507580,228.51,completed,
O0002777,U010720,treatment,2026-07-04 18:14:58.767939820,84.53,completed,
O0002778,U010721,control,2026-07-06 23:08:22.556041032,56.12,completed,
O0002779,U010725,treatment,2026-07-07 01:22:59.672512262,96.66,completed,
O0002780,U010726,treatment,2026-07-09 01:07:23.548200614,49.22,completed,
O0002781,U010729,control,2026-07-04 15:15:52.079044798,58.2,refunded,2026-07-10 15:15:52.079044798
O0002782,U010737,control,2026-07-02 11:54:10.373078178,70.96,completed,
O0002783,U010738,control,2026-07-09 14:27:46.307667920,115.88,completed,
O0002784,U010743,control,2026-07-01 06:21:05.761893078,40.56,completed,
O0002785,U010744,treatment,2026-07-14 01:16:50.895356492,111.85,completed,
O0002786,U010747,treatment,2026-07-06 23:54:54.523308236,78.02,completed,
O0002787,U010750,control,2026-07-11 11:00:48.314129346,146.74,completed,
O0002788,U010752,control,2026-07-09 06:24:19.208976662,100.61,completed,
O0002789,U010757,treatment,2026-07-02 18:52:33.210551090,81.2,completed,
O0002790,U010770,treatment,2026-07-07 08:21:18.741793082,151.25,completed,
O0002791,U010784,control,2026-07-08 09:10:54.281037386,203.35,completed,
O0002792,U010785,treatment,2026-07-03 14:27:16.270393734,124.63,completed,
O0002793,U010790,control,2026-07-01 21:23:16.297637308,133.97,completed,
O0002794,U010793,treatment,2026-07-02 23:02:14.811050220,165.13,completed,
O0002795,U010800,control,2026-07-13 04:25:18.472768772,119.16,completed,
O0002796,U010804,control,2026-07-13 07:41:46.169532164,47.47,completed,
O0002797,U010806,control,2026-07-10 03:48:07.272034508,90.99,completed,
O0002798,U010810,control,2026-07-13 20:59:53.474691860,36.19,completed,
O0002799,U010811,treatment,2026-07-02 23:47:38.396120576,66.93,completed,
O0002800,U010812,treatment,2026-07-11 17:25:19.858258328,75.59,completed,
O0002801,U010813,treatment,2026-07-09 19:04:25.964937136,64.27,completed,
O0002802,U010814,treatment,2026-07-03 05:34:00.033576522,76.08,completed,
O0002803,U010819,control,2026-07-04 21:17:10.309165112,124.61,completed,
O0002804,U010820,treatment,2026-07-10 05:36:58.105473218,45.94,completed,
O0002805,U010825,control,2026-07-04 12:27:56.521567334,184.12,completed,
O0002806,U010838,treatment,2026-07-04 09:27:22.356016232,112.38,completed,
O0002807,U010840,control,2026-07-02 10:05:00.277280800,60.7,completed,
O0002808,U010847,control,2026-07-12 13:38:45.668747924,93.6,completed,
O0002809,U010873,treatment,2026-07-12 06:52:47.880686600,65.99,completed,
O0002810,U010874,control,2026-07-13 03:28:36.971686672,332.96,completed,
O0002811,U010878,control,2026-07-04 09:29:24.957187842,79.35,completed,
O0002812,U010879,control,2026-07-13 06:20:00.072876210,53.2,completed,
O0002813,U010886,control,2026-07-03 12:46:27.909671864,54.05,completed,
O0002814,U010893,control,2026-07-10 09:23:43.551414794,244.55,completed,
O0002815,U010904,treatment,2026-07-12 17:25:14.110342090,147.35,completed,
O0002816,U010905,treatment,2026-07-05 02:39:43.084805015,28.87,completed,
O0002817,U010907,control,2026-07-13 14:31:59.884504030,67.5,completed,
O0002818,U010908,control,2026-07-10 19:38:54.813377856,50.68,completed,
O0002819,U010913,control,2026-07-14 02:48:26.332310084,91.49,completed,
O0002820,U010915,treatment,2026-07-06 03:18:57.696369770,41.53,completed,
O0002821,U010917,control,2026-07-02 07:09:44.695521610,65.89,completed,
O0002822,U010918,control,2026-07-03 02:58:08.169546412,63.37,completed,
O0002823,U010925,treatment,2026-07-05 01:40:51.208055542,149.68,completed,
O0002824,U010929,treatment,2026-07-09 23:42:20.957008262,59.73,completed,
O0002825,U010931,treatment,2026-07-13 05:00:11.326522818,40.04,completed,
O0002826,U010932,control,2026-07-07 02:04:51.259039986,68.41,completed,
O0002827,U010935,treatment,2026-07-03 14:24:19.320245678,102.44,completed,
O0002828,U010947,treatment,2026-07-01 10:33:50.085049034,72.34,completed,
O0002829,U010949,treatment,2026-07-12 08:01:23.345163968,135.62,completed,
O0002830,U010953,treatment,2026-07-04 13:16:16.423901610,42.21,completed,
O0002831,U010955,treatment,2026-07-02 08:47:43.649029638,38.28,completed,
O0002832,U010956,control,2026-07-06 04:18:33.233311534,89.28,refunded,2026-07-13 04:18:33.233311534
O0002833,U010958,control,2026-07-04 01:20:40.592323596,50.38,completed,
O0002834,U010968,control,2026-07-05 22:41:02.008394246,98.28,completed,
O0002835,U010975,control,2026-07-12 16:11:18.392930470,158.59,completed,
O0002836,U010988,control,2026-07-03 04:10:43.696975612,97.9,cancelled,2026-07-04 04:10:43.696975612
O0002837,U010989,treatment,2026-07-11 00:10:38.060583764,33.16,completed,
O0002838,U010998,control,2026-07-03 05:55:47.276878146,144.59,completed,
O0002839,U011003,treatment,2026-07-12 03:01:32.069159960,87.0,completed,
O0002840,U011007,control,2026-07-01 17:11:07.108285910,63.74,completed,
O0002841,U011011,control,2026-07-11 06:35:09.976593558,110.03,completed,
O0002842,U011014,control,2026-07-03 14:12:01.101645580,88.02,completed,
O0002843,U011020,treatment,2026-07-03 07:49:48.346712066,89.62,completed,
O0002844,U011022,treatment,2026-07-01 21:17:57.489639910,52.0,completed,
O0002845,U011031,treatment,2026-07-14 01:39:50.839222854,77.23,completed,
O0002846,U011037,treatment,2026-07-04 12:02:40.153762220,121.75,completed,
O0002847,U011038,treatment,2026-07-03 01:13:43.570298004,93.48,completed,
O0002848,U011042,treatment,2026-07-06 13:27:00.461126060,59.75,completed,
O0002849,U011044,control,2026-07-11 08:49:04.530207844,37.39,completed,
O0002850,U011048,treatment,2026-07-11 11:12:19.429769294,46.1,refunded,2026-07-16 11:12:19.429769294
O0002851,U011056,treatment,2026-07-10 02:03:26.705459982,71.36,completed,
O0002852,U011062,treatment,2026-07-14 22:59:31.723807702,127.11,completed,
O0002853,U011066,treatment,2026-07-06 09:12:44.673229682,137.35,completed,
O0002854,U011068,treatment,2026-07-08 06:54:07.544050694,45.97,completed,
O0002855,U011071,control,2026-07-05 15:15:21.969930384,96.57,completed,
O0002856,U011079,treatment,2026-07-09 04:13:11.010523682,196.63,completed,
O0002857,U011092,control,2026-07-10 04:30:21.283306786,33.22,completed,
O0002858,U011094,treatment,2026-07-07 14:26:11.724127112,65.68,completed,
O0002859,U011098,control,2026-07-05 21:19:16.823718048,87.87,completed,
O0002860,U011099,control,2026-07-15 00:17:32.052331742,36.73,completed,
O0002861,U011100,control,2026-07-12 04:57:46.367814588,116.34,completed,
O0002862,U011102,treatment,2026-07-09 13:58:24.506458289,101.73,completed,
O0002863,U011105,control,2026-07-02 00:46:38.566937202,102.81,completed,
O0002864,U011109,control,2026-07-09 16:13:57.130547594,260.8,completed,
O0002865,U011121,control,2026-07-05 12:13:11.140000058,51.8,completed,
O0002866,U011136,control,2026-07-14 07:38:28.781257020,65.53,completed,
O0002867,U011139,treatment,2026-07-06 17:44:33.345429088,150.09,completed,
O0002868,U011142,control,2026-07-06 12:25:23.540164748,67.52,completed,
O0002869,U011150,treatment,2026-07-09 12:52:53.608694942,81.93,completed,
O0002870,U011155,control,2026-07-05 08:23:57.030557200,107.1,completed,
O0002871,U011159,treatment,2026-07-11 08:05:27.581639494,48.11,completed,
O0002872,U011163,treatment,2026-07-13 18:01:08.153205866,89.98,completed,
O0002873,U011164,treatment,2026-07-04 18:47:32.596672184,136.83,completed,
O0002874,U011167,treatment,2026-07-13 16:53:49.639934860,132.65,completed,
O0002875,U011171,control,2026-07-02 18:47:49.984576530,94.93,completed,
O0002876,U011172,control,2026-07-05 03:40:11.388210928,92.52,completed,
O0002877,U011174,treatment,2026-07-09 19:15:10.862589262,126.0,completed,
O0002878,U011176,treatment,2026-07-07 05:14:05.871335564,207.72,completed,
O0002879,U011182,treatment,2026-07-13 13:09:26.578012520,126.26,completed,
O0002880,U011189,treatment,2026-07-01 22:30:06.597823968,60.23,completed,
O0002881,U011195,treatment,2026-07-14 01:16:01.188986822,89.94,completed,
O0002882,U011199,control,2026-07-02 21:06:39.661675450,96.1,completed,
O0002883,U011208,treatment,2026-07-06 12:51:52.864417468,131.43,completed,
O0002884,U011209,control,2026-07-04 20:05:57.998035836,119.83,completed,
O0002885,U011213,control,2026-07-06 04:42:28.449647948,129.38,completed,
O0002886,U011215,treatment,2026-07-12 03:23:07.088931318,58.74,completed,
O0002887,U011218,control,2026-07-06 20:13:34.164655158,90.73,completed,
O0002888,U011220,control,2026-07-09 02:55:55.387367734,246.34,completed,
O0002889,U011221,control,2026-07-13 02:10:16.373700984,44.59,completed,
O0002890,U011223,control,2026-07-05 02:00:55.619240802,31.02,completed,
O0002891,U011224,control,2026-07-10 01:09:31.647151128,37.83,completed,
O0002892,U011227,control,2026-07-03 19:45:42.401887529,111.42,completed,
O0002893,U011230,control,2026-07-08 12:40:06.536352486,173.7,completed,
O0002894,U011231,control,2026-07-07 11:20:28.966249828,68.64,completed,
O0002895,U011241,treatment,2026-07-11 15:43:46.390498132,129.87,completed,
O0002896,U011245,control,2026-07-03 17:21:28.018263204,36.68,completed,
O0002897,U011248,treatment,2026-07-07 03:07:09.954075468,194.26,completed,
O0002898,U011251,control,2026-07-12 22:18:04.739680404,118.11,completed,
O0002899,U011256,treatment,2026-07-11 15:07:07.677144760,153.51,completed,
O0002900,U011257,treatment,2026-07-06 07:10:37.935289410,98.22,completed,
O0002901,U011258,treatment,2026-07-10 02:41:36.187518660,79.81,completed,
O0002902,U011266,control,2026-07-13 14:51:12.923559937,101.92,completed,
O0002903,U011276,treatment,2026-07-01 09:36:24.186999184,85.77,completed,
O0002904,U011278,treatment,2026-07-13 11:20:21.809967833,183.22,completed,
O0002905,U011279,treatment,2026-07-03 21:03:42.460419298,120.97,completed,
O0002906,U011281,control,2026-07-05 05:34:19.108204312,62.25,completed,
O0002907,U011284,control,2026-07-05 04:03:16.422847356,108.78,completed,
O0002908,U011290,treatment,2026-07-03 08:35:52.487492882,78.3,completed,
O0002909,U011293,control,2026-07-05 03:30:31.698161406,78.93,completed,
O0002910,U011296,treatment,2026-07-08 12:47:15.112016252,115.98,completed,
O0002911,U011299,treatment,2026-07-11 10:35:06.818807552,123.22,completed,
O0002912,U011305,treatment,2026-07-13 19:18:02.993651864,45.55,completed,
O0002913,U011308,treatment,2026-07-01 18:44:40.311068430,59.19,completed,
O0002914,U011309,treatment,2026-07-14 00:18:54.359202498,131.89,completed,
O0002915,U011314,treatment,2026-07-07 09:31:04.721619040,127.58,cancelled,2026-07-08 09:31:04.721619040
O0002916,U011316,control,2026-07-06 15:05:22.852717402,40.22,completed,
O0002917,U011321,control,2026-07-07 16:05:54.828566306,132.48,completed,
O0002918,U011326,treatment,2026-07-11 21:32:39.436966728,36.0,refunded,2026-07-15 21:32:39.436966728
O0002919,U011327,treatment,2026-07-05 23:32:21.519700838,50.64,completed,
O0002920,U011330,control,2026-07-09 10:03:58.033360232,95.21,completed,
O0002921,U011335,control,2026-07-12 22:33:22.278501824,143.41,completed,
O0002922,U011337,treatment,2026-07-03 18:22:14.246207446,74.02,completed,
O0002923,U011342,control,2026-07-07 00:32:20.616222876,66.9,completed,
O0002924,U011347,treatment,2026-07-07 09:34:57.229275738,82.43,completed,
O0002925,U011355,treatment,2026-07-09 18:16:02.645879016,59.75,completed,
O0002926,U011357,control,2026-07-05 19:44:05.057778242,93.25,completed,
O0002927,U011366,treatment,2026-07-12 23:35:52.113127996,109.66,completed,
O0002928,U011367,control,2026-07-07 11:11:20.743526072,61.59,completed,
O0002929,U011368,treatment,2026-07-11 18:45:00.476845738,113.05,completed,
O0002930,U011370,control,2026-07-04 19:57:50.635313420,104.2,completed,
O0002931,U011371,control,2026-07-07 16:19:52.655316012,158.8,completed,
O0002932,U011374,treatment,2026-07-13 07:52:39.373767020,59.06,completed,
O0002933,U011381,treatment,2026-07-04 13:08:18.386446596,96.42,completed,
O0002934,U011384,treatment,2026-07-05 02:18:05.663056376,53.32,completed,
O0002935,U011387,treatment,2026-07-06 18:29:56.969996672,137.08,completed,
O0002936,U011388,treatment,2026-07-07 04:26:59.847929458,47.61,completed,
O0002937,U011389,treatment,2026-07-06 20:09:33.254922306,131.94,cancelled,2026-07-08 20:09:33.254922306
O0002938,U011392,control,2026-07-09 04:43:22.021829714,93.13,completed,
O0002939,U011394,control,2026-07-05 16:25:43.797868590,166.73,completed,
O0002940,U011396,control,2026-07-08 12:40:56.756157358,82.4,completed,
O0002941,U011406,control,2026-07-12 01:54:39.481706035,73.9,completed,
O0002942,U011408,control,2026-07-13 04:26:02.278109116,86.5,completed,
O0002943,U011412,control,2026-07-03 01:47:36.729089744,155.62,completed,
O0002944,U011413,control,2026-07-05 04:35:19.584038196,56.06,completed,
O0002945,U011414,control,2026-07-14 10:53:21.502332865,87.12,completed,
O0002946,U011415,treatment,2026-07-02 17:56:06.450641550,98.11,completed,
O0002947,U011426,treatment,2026-07-06 14:43:32.145168896,59.9,completed,
O0002948,U011432,treatment,2026-07-04 16:48:01.192543434,51.87,completed,
O0002949,U011435,treatment,2026-07-08 15:30:31.540489752,65.19,completed,
O0002950,U011436,control,2026-07-04 01:55:11.282662782,56.79,completed,
O0002951,U011440,treatment,2026-07-02 02:50:20.814383912,137.38,completed,
O0002952,U011450,treatment,2026-07-12 17:25:34.258827132,69.36,completed,
O0002953,U011457,control,2026-07-13 04:32:22.221737808,81.15,completed,
O0002954,U011461,treatment,2026-07-10 15:09:56.894334010,113.72,completed,
O0002955,U011462,treatment,2026-07-12 17:37:58.451663802,206.33,completed,
O0002956,U011463,treatment,2026-07-08 02:14:29.561010808,105.24,completed,
O0002957,U011465,control,2026-07-13 22:14:08.617920766,67.29,completed,
O0002958,U011467,control,2026-07-01 04:14:18.720614200,187.14,completed,
O0002959,U011471,control,2026-07-02 00:44:34.156857496,55.56,completed,
O0002960,U011473,treatment,2026-07-04 22:26:32.780399356,216.97,completed,
O0002961,U011474,treatment,2026-07-03 01:57:04.302229826,164.35,completed,
O0002962,U011481,treatment,2026-07-06 23:18:44.993693434,56.85,completed,
O0002963,U011483,treatment,2026-07-14 07:59:54.427289846,43.42,completed,
O0002964,U011498,control,2026-07-04 23:38:07.809693664,74.79,completed,
O0002965,U011502,treatment,2026-07-02 14:44:36.633186208,46.0,completed,
O0002966,U011513,treatment,2026-07-04 09:35:31.815243222,89.29,completed,
O0002967,U011514,treatment,2026-07-12 16:54:59.107604584,100.73,completed,
O0002968,U011517,control,2026-07-02 19:27:43.243103002,148.24,refunded,2026-07-06 19:27:43.243103002
O0002969,U011522,control,2026-07-01 23:40:00.056587916,52.74,completed,
O0002970,U011523,treatment,2026-07-01 05:52:19.552420318,78.13,completed,
O0002971,U011529,treatment,2026-07-06 19:00:03.333968196,78.07,completed,
O0002972,U011530,treatment,2026-07-09 15:33:35.041788060,109.09,completed,
O0002973,U011532,control,2026-07-06 11:39:50.372985336,71.77,completed,
O0002974,U011533,control,2026-07-13 17:52:15.303453602,70.57,completed,
O0002975,U011542,control,2026-07-12 17:31:33.727552466,67.47,completed,
O0002976,U011543,treatment,2026-07-02 15:31:32.969593168,45.38,completed,
O0002977,U011546,treatment,2026-07-08 04:36:28.542186954,115.73,completed,
O0002978,U011553,treatment,2026-07-01 19:37:51.624590093,45.72,completed,
O0002979,U011555,treatment,2026-07-10 18:09:12.951541464,128.89,completed,
O0002980,U011557,treatment,2026-07-12 23:32:07.062201752,31.54,completed,
O0002981,U011558,treatment,2026-07-08 21:47:27.129909220,81.18,completed,
O0002982,U011559,treatment,2026-07-11 07:05:04.781179508,55.1,completed,
O0002983,U011562,control,2026-07-05 16:53:14.182425212,91.89,completed,
O0002984,U011565,treatment,2026-07-11 02:54:09.967308736,70.29,completed,
O0002985,U011570,control,2026-07-08 13:10:13.210856390,80.97,completed,
O0002986,U011571,treatment,2026-07-05 03:01:19.637512452,158.81,completed,
O0002987,U011575,treatment,2026-07-12 12:09:46.967584466,67.62,completed,
O0002988,U011577,control,2026-07-01 23:38:31.581674515,93.56,completed,
O0002989,U011578,control,2026-07-05 12:21:32.516410180,85.56,completed,
O0002990,U011594,control,2026-07-01 05:54:34.073585184,98.54,completed,
O0002991,U011595,control,2026-07-14 02:23:09.219247788,78.86,completed,
O0002992,U011598,control,2026-07-14 08:06:44.165959120,41.95,completed,
O0002993,U011601,control,2026-07-05 00:41:45.691997536,85.29,completed,
O0002994,U011602,treatment,2026-07-04 05:03:53.646253304,94.16,completed,
O0002995,U011603,control,2026-07-07 17:52:28.359405374,103.94,completed,
O0002996,U011605,treatment,2026-07-05 11:28:10.318141888,121.87,completed,
O0002997,U011607,control,2026-07-01 08:11:27.254476284,71.44,completed,
O0002998,U011608,control,2026-07-02 11:41:53.906813106,53.54,completed,
O0002999,U011609,treatment,2026-07-01 09:55:11.290487310,57.52,completed,
O0003000,U011614,treatment,2026-07-04 00:28:59.405573005,68.45,completed,
O0003001,U011616,treatment,2026-07-14 11:51:11.329105100,101.03,completed,
O0003002,U011618,control,2026-07-03 23:35:47.295759468,75.98,completed,
O0003003,U011619,treatment,2026-07-01 11:59:42.271124962,58.26,completed,
O0003004,U011621,control,2026-07-11 00:39:14.590855970,52.52,completed,
O0003005,U011624,control,2026-07-12 04:09:02.944407810,91.73,completed,
O0003006,U011625,treatment,2026-07-13 11:20:16.485195188,26.12,completed,
O0003007,U011628,control,2026-07-04 09:05:05.960269778,75.58,completed,
O0003008,U011629,treatment,2026-07-12 23:25:07.484917436,133.04,completed,
O0003009,U011633,treatment,2026-07-04 10:08:19.308267326,145.87,completed,
O0003010,U011642,control,2026-07-09 11:49:04.816453998,60.93,completed,
O0003011,U011657,treatment,2026-07-02 01:18:33.511012316,105.0,completed,
O0003012,U011658,treatment,2026-07-07 01:27:07.293741332,74.14,completed,
O0003013,U011659,control,2026-07-14 01:07:53.442712438,115.64,completed,
O0003014,U011660,control,2026-07-02 17:46:17.521925470,75.31,completed,
O0003015,U011665,control,2026-07-11 23:47:57.483944462,90.87,completed,
O0003016,U011668,control,2026-07-07 07:01:58.179425002,105.67,completed,
O0003017,U011669,control,2026-07-02 22:57:11.876565449,97.7,completed,
O0003018,U011672,treatment,2026-07-02 17:39:36.223870834,101.22,completed,
O0003019,U011679,treatment,2026-07-07 15:53:40.379569578,101.08,refunded,2026-07-09 15:53:40.379569578
O0003020,U011686,control,2026-07-01 04:23:15.432292596,72.4,completed,
O0003021,U011692,treatment,2026-07-09 20:15:34.351902174,171.28,completed,
O0003022,U011695,control,2026-07-11 05:40:59.495592808,113.51,completed,
O0003023,U011701,treatment,2026-07-02 14:48:19.150656876,52.43,completed,
O0003024,U011706,control,2026-07-13 04:14:48.549169736,46.94,completed,
O0003025,U011716,control,2026-07-10 22:55:38.593784690,131.15,refunded,2026-07-15 22:55:38.593784690
O0003026,U011718,control,2026-07-13 04:06:50.559732280,98.99,completed,
O0003027,U011719,control,2026-07-03 03:13:44.370256902,88.89,completed,
O0003028,U011729,treatment,2026-07-01 06:41:48.890413508,28.71,completed,
O0003029,U011730,treatment,2026-07-01 09:14:50.484624942,64.94,completed,
O0003030,U011734,treatment,2026-07-14 00:22:50.150706142,70.43,completed,
O0003031,U011738,control,2026-07-14 22:50:44.070832564,73.48,completed,
O0003032,U011740,treatment,2026-07-11 10:33:37.626960948,119.97,completed,
O0003033,U011741,treatment,2026-07-09 23:53:13.532855506,55.39,completed,
O0003034,U011742,control,2026-07-08 13:59:18.538334686,43.46,completed,
O0003035,U011743,control,2026-07-12 17:23:28.940204760,54.32,completed,
O0003036,U011746,treatment,2026-07-10 23:56:18.524294852,71.58,completed,
O0003037,U011750,control,2026-07-13 21:47:31.397810594,113.32,completed,
O0003038,U011753,control,2026-07-08 11:01:55.588155184,167.53,completed,
O0003039,U011760,control,2026-07-11 10:11:04.242223496,67.57,completed,
O0003040,U011761,control,2026-07-15 00:08:10.918237442,63.78,completed,
O0003041,U011766,control,2026-07-13 14:41:45.985683818,99.06,completed,
O0003042,U011767,treatment,2026-07-08 18:30:57.115457478,68.42,completed,
O0003043,U011770,treatment,2026-07-14 09:38:27.009057340,119.24,completed,
O0003044,U011772,control,2026-07-05 18:38:33.824859870,149.44,completed,
O0003045,U011780,treatment,2026-07-12 17:32:09.551632326,155.62,completed,
O0003046,U011781,treatment,2026-07-07 04:42:19.745911394,49.74,completed,
O0003047,U011782,control,2026-07-03 07:23:06.479424286,95.37,completed,
O0003048,U011787,treatment,2026-07-11 00:16:50.694363102,46.64,completed,
O0003049,U011804,control,2026-07-03 15:40:52.812556180,72.94,completed,
O0003050,U011806,control,2026-07-07 20:20:05.414509616,84.82,completed,
O0003051,U011811,treatment,2026-07-05 20:10:57.258105106,43.63,completed,
O0003052,U011813,control,2026-07-09 15:55:45.524038334,117.54,completed,
O0003053,U011827,treatment,2026-07-04 20:18:57.142005104,70.48,completed,
O0003054,U011831,treatment,2026-07-13 02:11:56.521540574,93.36,completed,
O0003055,U011835,control,2026-07-06 13:49:46.855797886,49.24,completed,
O0003056,U011836,treatment,2026-07-13 14:23:01.488681974,79.84,completed,
O0003057,U011838,treatment,2026-07-14 03:33:43.145267540,82.22,completed,
O0003058,U011847,control,2026-07-12 03:59:43.135843966,62.41,completed,
O0003059,U011850,control,2026-07-13 04:36:13.495507982,76.58,completed,
O0003060,U011851,control,2026-07-05 15:13:56.988164954,158.83,completed,
O0003061,U011855,treatment,2026-07-02 03:59:57.785515410,58.88,completed,
O0003062,U011856,treatment,2026-07-01 06:35:33.220109968,68.68,refunded,2026-07-07 06:35:33.220109968
O0003063,U011858,treatment,2026-07-04 15:46:03.662368339,55.48,completed,
O0003064,U011861,treatment,2026-07-07 23:42:09.246660894,97.81,completed,
O0003065,U011862,control,2026-07-13 22:47:54.580456272,139.63,completed,
O0003066,U011871,control,2026-07-05 01:29:08.550665250,317.12,completed,
O0003067,U011873,control,2026-07-04 13:35:33.812592134,157.81,completed,
O0003068,U011875,treatment,2026-07-14 08:23:11.467415950,124.84,completed,
O0003069,U011880,treatment,2026-07-07 00:16:02.856663282,79.29,completed,
O0003070,U011881,control,2026-07-01 07:58:28.312711062,85.66,completed,
O0003071,U011882,control,2026-07-06 14:15:54.333976394,152.27,completed,
O0003072,U011885,treatment,2026-07-11 18:21:02.686788684,198.41,completed,
O0003073,U011891,treatment,2026-07-05 20:50:43.706623092,78.8,completed,
O0003074,U011893,treatment,2026-07-02 15:15:46.891208058,97.94,completed,
O0003075,U011894,treatment,2026-07-12 20:40:37.430438824,95.69,completed,
O0003076,U011895,treatment,2026-07-14 02:53:45.070770685,132.25,completed,
O0003077,U011897,control,2026-07-14 13:01:59.127391012,46.87,completed,
O0003078,U011900,treatment,2026-07-11 13:56:23.688268770,50.44,completed,
O0003079,U011902,control,2026-07-02 03:35:00.662668098,49.6,completed,
O0003080,U011908,treatment,2026-07-14 14:58:01.442762128,44.4,completed,
O0003081,U011915,treatment,2026-07-04 22:16:36.202349724,74.27,completed,
O0003082,U011919,treatment,2026-07-07 17:11:02.904050204,108.03,completed,
O0003083,U011920,control,2026-07-13 10:41:55.040957178,100.86,completed,
O0003084,U011921,treatment,2026-07-04 07:40:58.797277038,53.03,completed,
O0003085,U011924,treatment,2026-07-09 06:28:46.995474822,55.76,completed,
O0003086,U011930,control,2026-07-07 19:28:42.353193238,97.85,completed,
O0003087,U011931,control,2026-07-09 20:54:46.036501984,80.32,completed,
O0003088,U011932,treatment,2026-07-11 11:18:19.747155054,54.92,completed,
O0003089,U011933,treatment,2026-07-02 01:34:35.747568628,82.04,completed,
O0003090,U011934,control,2026-07-08 12:38:48.288313160,149.92,completed,
O0003091,U011940,control,2026-07-14 11:19:10.578829904,35.8,completed,
O0003092,U011942,control,2026-07-04 11:01:34.148767006,145.35,completed,
O0003093,U011943,control,2026-07-10 07:21:50.988343316,58.33,completed,
O0003094,U011946,control,2026-07-12 17:04:28.341506834,53.89,completed,
O0003095,U011947,treatment,2026-07-01 22:17:51.706221518,128.96,completed,
O0003096,U011949,treatment,2026-07-14 12:12:44.945148516,96.89,completed,
O0003097,U011953,treatment,2026-07-14 21:22:20.144407294,40.41,cancelled,2026-07-20 21:22:20.144407294
O0003098,U011955,control,2026-07-14 03:27:59.750058374,125.23,completed,
O0003099,U011957,control,2026-07-04 13:20:29.523638360,100.14,completed,
O0003100,U011960,treatment,2026-07-05 05:04:08.865242974,105.89,completed,
O0003101,U011962,control,2026-07-06 05:26:42.301016734,65.29,completed,
O0003102,U011966,treatment,2026-07-12 00:01:30.476630106,188.22,completed,
O0003103,U011967,treatment,2026-07-14 14:43:14.664540404,44.2,completed,
O0003104,U011971,treatment,2026-07-05 09:32:52.254678630,156.4,completed,
O0003105,U011976,treatment,2026-07-02 20:12:09.168577194,61.54,completed,
O0003106,U011978,control,2026-07-02 23:06:58.341021416,47.03,completed,
O0003107,U011979,treatment,2026-07-03 18:26:55.435657238,253.64,completed,
O0003108,U011980,control,2026-07-06 15:01:56.830440932,143.23,completed,
O0003109,U011981,treatment,2026-07-14 19:59:39.306198210,272.09,completed,
O0003110,U011983,control,2026-07-01 15:33:26.926719885,183.0,completed,
O0003111,U011984,treatment,2026-07-07 17:07:26.355102328,75.48,completed,
O0003112,U011991,control,2026-07-12 03:38:33.744305020,81.61,completed,
O0003113,U011994,control,2026-07-06 09:51:42.544758918,60.03,completed,
O0003114,U011996,treatment,2026-07-06 03:58:52.632340640,128.17,completed,
O0003115,U011997,control,2026-07-06 11:54:19.694111074,66.68,completed,
O0003116,U011999,control,2026-07-02 08:13:57.830964420,131.77,completed,
O0003117,U012002,control,2026-07-07 15:15:14.640893008,52.77,completed,
O0003118,U012008,control,2026-07-12 02:43:05.455219163,49.64,completed,
O0003119,U012024,treatment,2026-07-13 14:49:05.023728826,209.99,completed,
O0003120,U012025,treatment,2026-07-09 05:02:22.848971514,71.6,completed,
O0003121,U012028,treatment,2026-07-06 06:46:35.112925348,134.7,completed,
O0003122,U012034,treatment,2026-07-01 06:06:49.172493446,134.91,completed,
O0003123,U012035,treatment,2026-07-10 17:07:58.309762890,123.57,completed,
O0003124,U012036,control,2026-07-14 02:16:07.740240260,93.09,completed,
O0003125,U012043,control,2026-07-06 00:06:59.682802506,62.79,completed,
O0003126,U012044,treatment,2026-07-12 05:09:45.289319431,77.51,completed,
O0003127,U012047,control,2026-07-07 19:16:46.859303934,54.01,completed,
O0003128,U012050,control,2026-07-08 21:12:38.222629476,136.93,completed,
O0003129,U012055,control,2026-07-06 19:39:34.070510027,74.97,completed,
O0003130,U012056,treatment,2026-07-11 20:49:26.810206060,184.89,completed,
O0003131,U012058,treatment,2026-07-11 23:18:34.497139882,155.6,completed,
O0003132,U012059,treatment,2026-07-06 10:17:06.618972638,76.68,completed,
O0003133,U012065,control,2026-07-08 07:14:52.544952984,146.19,completed,
O0003134,U012066,treatment,2026-07-08 12:59:15.905533475,165.28,completed,
O0003135,U012067,control,2026-07-05 01:16:08.375270790,114.32,completed,
O0003136,U012068,treatment,2026-07-09 04:14:01.415823480,166.5,completed,
O0003137,U012069,control,2026-07-02 02:03:36.464810700,87.41,completed,
O0003138,U012070,treatment,2026-07-09 11:38:15.993412619,178.86,completed,
O0003139,U012071,treatment,2026-07-08 21:13:54.391823738,45.43,completed,
O0003140,U012072,control,2026-07-07 20:06:01.441268728,71.81,completed,
O0003141,U012076,treatment,2026-07-07 22:15:21.214192572,129.73,completed,
O0003142,U012077,control,2026-07-07 08:40:51.798324230,200.77,completed,
O0003143,U012086,control,2026-07-08 03:33:12.713491526,128.1,cancelled,2026-07-11 03:33:12.713491526
O0003144,U012088,treatment,2026-07-14 19:47:03.570443894,69.21,completed,
O0003145,U012089,treatment,2026-07-12 16:41:50.638398044,162.03,completed,
O0003146,U012094,treatment,2026-07-12 13:47:01.843185586,208.21,completed,
O0003147,U012096,treatment,2026-07-06 12:04:52.876818266,73.66,completed,
O0003148,U012102,control,2026-07-08 20:57:10.520583810,61.34,completed,
O0003149,U012103,control,2026-07-14 08:37:19.390192810,35.22,refunded,2026-07-17 08:37:19.390192810
O0003150,U012114,treatment,2026-07-02 04:24:23.821817718,216.69,completed,
O0003151,U012119,control,2026-07-04 13:51:37.185567830,108.98,completed,
O0003152,U012120,treatment,2026-07-04 03:46:59.139550568,66.38,completed,
O0003153,U012126,treatment,2026-07-07 07:23:35.354438862,53.87,completed,
O0003154,U012134,control,2026-07-12 03:36:08.415807996,56.74,completed,
O0003155,U012135,control,2026-07-14 02:47:03.216024724,61.88,completed,
O0003156,U012138,treatment,2026-07-13 02:34:08.610117518,54.41,completed,
O0003157,U012142,treatment,2026-07-09 01:03:18.063962238,42.26,completed,
O0003158,U012144,treatment,2026-07-04 04:47:18.001460647,88.46,refunded,2026-07-08 04:47:18.001460647
O0003159,U012145,control,2026-07-02 07:43:08.658458706,106.58,completed,
O0003160,U012146,treatment,2026-07-08 19:13:57.382099942,59.68,refunded,2026-07-13 19:13:57.382099942
O0003161,U012149,control,2026-07-10 11:35:36.723817052,174.72,completed,
O0003162,U012152,treatment,2026-07-04 06:44:29.383966026,34.0,completed,
O0003163,U012154,control,2026-07-09 15:15:09.270513872,67.26,completed,
O0003164,U012159,control,2026-07-02 20:51:44.826476380,155.09,completed,
O0003165,U012162,treatment,2026-07-13 23:49:23.552178318,109.77,completed,
O0003166,U012163,treatment,2026-07-04 02:31:55.678591292,50.29,completed,
O0003167,U012165,treatment,2026-07-10 01:41:07.508343416,151.0,completed,
O0003168,U012171,treatment,2026-07-02 01:56:25.715322280,78.34,completed,
O0003169,U012190,control,2026-07-05 17:56:30.149090048,23.89,completed,
O0003170,U012194,treatment,2026-07-11 19:30:57.697361358,65.83,completed,
O0003171,U012195,treatment,2026-07-11 05:43:12.096060292,45.23,cancelled,2026-07-15 05:43:12.096060292
O0003172,U012205,control,2026-07-05 22:47:00.788335992,129.85,completed,
O0003173,U012210,treatment,2026-07-11 14:11:26.258866038,60.95,refunded,2026-07-14 14:11:26.258866038
O0003174,U012214,treatment,2026-07-08 21:11:02.350060644,189.18,completed,
O0003175,U012223,treatment,2026-07-07 15:49:19.882685678,36.45,completed,
O0003176,U012225,control,2026-07-05 09:44:41.447562662,124.38,completed,
O0003177,U012229,treatment,2026-07-10 18:14:29.187160948,73.85,completed,
O0003178,U012231,control,2026-07-08 03:05:18.260719080,93.82,completed,
O0003179,U012232,control,2026-07-13 00:45:21.670421992,208.83,completed,
O0003180,U012233,treatment,2026-07-13 23:15:30.715330028,177.3,completed,
O0003181,U012240,control,2026-07-11 20:42:08.746113474,112.23,completed,
O0003182,U012243,treatment,2026-07-02 21:13:24.515697946,60.64,completed,
O0003183,U012245,treatment,2026-07-08 20:16:37.904175786,75.04,completed,
O0003184,U012253,control,2026-07-05 04:09:34.780407450,139.08,completed,
O0003185,U012254,treatment,2026-07-12 16:07:44.585979102,129.09,completed,
O0003186,U012255,treatment,2026-07-02 07:13:45.498651954,105.45,cancelled,2026-07-07 07:13:45.498651954
O0003187,U012260,treatment,2026-07-10 03:24:19.143661850,35.02,completed,
O0003188,U012265,treatment,2026-07-03 12:16:08.778455208,73.69,completed,
O0003189,U012274,treatment,2026-07-14 21:19:06.770984563,99.61,completed,
O0003190,U012275,treatment,2026-07-05 06:07:54.187006474,56.13,completed,
O0003191,U012283,treatment,2026-07-12 10:14:53.269857860,57.78,completed,
O0003192,U012288,treatment,2026-07-02 18:36:31.369366718,181.55,completed,
O0003193,U012289,treatment,2026-07-03 02:07:06.884817782,98.89,completed,
O0003194,U012297,control,2026-07-06 14:22:52.693508062,55.93,completed,
O0003195,U012299,treatment,2026-07-11 04:45:16.134926206,104.6,refunded,2026-07-18 04:45:16.134926206
O0003196,U012301,treatment,2026-07-04 19:33:58.694392394,81.0,completed,
O0003197,U012307,treatment,2026-07-03 10:08:26.050173804,48.15,completed,
O0003198,U012309,treatment,2026-07-01 19:46:50.268020218,52.2,completed,
O0003199,U012310,treatment,2026-07-12 15:52:28.391230816,52.13,completed,
O0003200,U012313,treatment,2026-07-07 00:30:44.722254790,112.75,completed,
O0003201,U012325,treatment,2026-07-13 14:27:43.229355592,106.57,completed,
O0003202,U012327,treatment,2026-07-14 06:13:17.411174050,91.85,completed,
O0003203,U012333,treatment,2026-07-11 20:50:49.157461848,182.99,completed,
O0003204,U012334,treatment,2026-07-14 17:33:28.276066701,84.67,completed,
O0003205,U012340,treatment,2026-07-14 21:28:13.396605688,128.17,completed,
O0003206,U012342,control,2026-07-07 10:46:18.654117374,101.86,completed,
O0003207,U012343,control,2026-07-15 00:09:38.097961118,98.6,completed,
O0003208,U012360,control,2026-07-11 22:46:39.365979425,40.79,completed,
O0003209,U012363,control,2026-07-03 03:25:54.904026540,111.88,refunded,2026-07-06 03:25:54.904026540
O0003210,U012366,treatment,2026-07-05 18:05:38.231710494,132.71,completed,
O0003211,U012369,control,2026-07-12 23:27:46.139567412,137.88,completed,
O0003212,U012371,treatment,2026-07-13 21:09:18.997409922,122.77,completed,
O0003213,U012373,treatment,2026-07-06 08:48:37.971151058,72.1,completed,
O0003214,U012379,treatment,2026-07-01 16:29:57.344545354,89.81,cancelled,2026-07-02 16:29:57.344545354
O0003215,U012386,treatment,2026-07-13 02:18:27.734795422,85.48,completed,
O0003216,U012389,treatment,2026-07-09 12:21:50.269557828,85.04,completed,
O0003217,U012408,control,2026-07-09 09:07:12.381595046,102.16,refunded,2026-07-11 09:07:12.381595046
O0003218,U012411,treatment,2026-07-10 22:50:51.687735876,94.57,completed,
O0003219,U012412,control,2026-07-05 09:53:07.936789930,37.77,completed,
O0003220,U012414,control,2026-07-04 03:46:48.935234780,90.13,completed,
O0003221,U012417,treatment,2026-07-15 00:13:46.568247662,248.7,completed,
O0003222,U012418,control,2026-07-13 05:21:13.786970641,42.76,completed,
O0003223,U012419,control,2026-07-04 20:12:23.139164068,96.06,completed,
O0003224,U012421,treatment,2026-07-11 09:58:30.648452064,25.81,completed,
O0003225,U012423,treatment,2026-07-07 10:02:49.013196368,91.95,completed,
O0003226,U012426,control,2026-07-08 11:05:37.194510864,127.23,completed,
O0003227,U012431,control,2026-07-06 11:46:21.957975060,83.88,completed,
O0003228,U012433,control,2026-07-03 15:39:33.426932870,59.23,completed,
O0003229,U012437,control,2026-07-13 06:52:08.781158924,85.9,completed,
O0003230,U012447,treatment,2026-07-06 13:54:04.650793796,47.72,completed,
O0003231,U012449,control,2026-07-11 06:53:12.154088717,169.57,completed,
O0003232,U012455,treatment,2026-07-05 07:52:47.398079786,94.49,completed,
O0003233,U012458,control,2026-07-13 11:00:59.983258142,55.91,completed,
O0003234,U012460,control,2026-07-05 22:37:06.542335810,59.64,completed,
O0003235,U012465,control,2026-07-05 18:55:12.095783232,41.11,completed,
O0003236,U012470,control,2026-07-07 07:23:39.339954716,110.36,completed,
O0003237,U012471,treatment,2026-07-07 04:51:51.111770786,78.32,completed,
O0003238,U012475,control,2026-07-08 00:36:17.662749900,67.37,completed,
O0003239,U012479,treatment,2026-07-04 15:56:43.657698002,165.47,completed,
O0003240,U012482,control,2026-07-04 17:40:37.028985884,49.89,completed,
O0003241,U012485,treatment,2026-07-14 22:27:01.638392972,105.65,completed,
O0003242,U012486,control,2026-07-07 04:47:37.600021124,58.77,completed,
O0003243,U012492,control,2026-07-09 18:06:38.629087588,82.03,completed,
O0003244,U012493,control,2026-07-11 13:17:00.343494660,76.45,completed,
O0003245,U012497,treatment,2026-07-07 17:35:12.890277112,107.26,completed,
O0003246,U012499,treatment,2026-07-06 15:28:23.404591892,109.94,completed,
O0003247,U012503,control,2026-07-13 17:46:59.907033380,40.29,completed,
O0003248,U012504,control,2026-07-10 05:11:55.155303574,23.68,completed,
O0003249,U012516,control,2026-07-12 18:06:47.387056324,197.48,completed,
O0003250,U012527,treatment,2026-07-10 06:43:10.571180496,69.88,completed,
O0003251,U012532,treatment,2026-07-13 18:47:57.982651356,59.21,completed,
O0003252,U012534,control,2026-07-06 05:26:26.222141778,36.67,completed,
O0003253,U012542,control,2026-07-13 23:29:39.409413156,50.77,completed,
O0003254,U012553,treatment,2026-07-11 07:49:27.196523664,158.04,completed,
O0003255,U012560,treatment,2026-07-07 23:02:37.696638922,97.1,completed,
O0003256,U012562,treatment,2026-07-13 00:03:36.074170048,270.21,completed,
O0003257,U012567,control,2026-07-06 15:30:59.817778840,68.21,completed,
O0003258,U012570,control,2026-07-11 02:51:48.954908292,146.44,completed,
O0003259,U012571,control,2026-07-02 02:42:48.090005428,55.96,completed,
O0003260,U012580,control,2026-07-07 12:54:16.725515828,200.04,completed,
O0003261,U012581,treatment,2026-07-10 11:25:34.659876202,163.56,cancelled,2026-07-12 11:25:34.659876202
O0003262,U012583,treatment,2026-07-06 23:58:11.442855680,86.34,refunded,2026-07-12 23:58:11.442855680
O0003263,U012584,control,2026-07-06 03:51:42.864275970,71.18,completed,
O0003264,U012595,treatment,2026-07-08 12:42:47.674622180,130.4,completed,
O0003265,U012596,control,2026-07-03 00:21:42.368788250,100.14,completed,
O0003266,U012598,control,2026-07-02 05:06:18.558414254,68.42,completed,
O0003267,U012601,control,2026-07-09 17:23:31.473871742,105.28,completed,
O0003268,U012607,treatment,2026-07-11 12:14:01.716731928,99.39,completed,
O0003269,U012609,control,2026-07-01 02:26:58.307040872,43.01,completed,
O0003270,U012611,treatment,2026-07-02 17:41:22.440692032,74.14,completed,
O0003271,U012612,treatment,2026-07-07 20:53:44.502871662,63.46,completed,
O0003272,U012613,treatment,2026-07-14 17:45:44.248008994,74.48,completed,
O0003273,U012617,control,2026-07-07 23:42:55.457229620,43.4,completed,
O0003274,U012619,control,2026-07-13 14:20:15.990114038,68.94,completed,
O0003275,U012620,treatment,2026-07-07 21:11:26.289463802,77.59,completed,
O0003276,U012622,treatment,2026-07-13 07:48:41.025793183,67.05,completed,
O0003277,U012623,treatment,2026-07-14 00:50:47.638286008,137.2,completed,
O0003278,U012628,control,2026-07-10 16:32:48.082211828,57.11,completed,
O0003279,U012631,treatment,2026-07-11 10:55:01.801564590,261.1,completed,
O0003280,U012636,treatment,2026-07-07 22:36:18.120199246,89.69,completed,
O0003281,U012641,treatment,2026-07-02 09:50:35.054860860,120.54,refunded,2026-07-06 09:50:35.054860860
O0003282,U012643,control,2026-07-13 23:00:59.718007576,58.24,completed,
O0003283,U012645,treatment,2026-07-05 14:09:13.352919200,124.03,refunded,2026-07-10 14:09:13.352919200
O0003284,U012650,control,2026-07-14 00:01:37.845132600,71.18,refunded,2026-07-15 00:01:37.845132600
O0003285,U012662,treatment,2026-07-11 05:51:10.669302492,173.22,completed,
O0003286,U012671,control,2026-07-13 14:28:51.252457648,122.24,completed,
O0003287,U012683,treatment,2026-07-09 08:58:02.749321111,65.53,completed,
O0003288,U012688,treatment,2026-07-03 00:04:59.010921176,127.3,completed,
O0003289,U012695,control,2026-07-09 08:50:58.682896972,67.28,completed,
O0003290,U012698,control,2026-07-14 11:10:41.045390472,98.37,completed,
O0003291,U012701,control,2026-07-05 13:56:04.471092964,168.43,completed,
O0003292,U012703,control,2026-07-14 08:23:45.245526284,119.49,completed,
O0003293,U012704,treatment,2026-07-05 07:47:53.661297398,131.62,completed,
O0003294,U012707,treatment,2026-07-08 10:38:00.891377093,359.1,completed,
O0003295,U012715,control,2026-07-05 16:10:13.712169154,71.37,completed,
O0003296,U012723,control,2026-07-05 19:17:25.322844828,61.89,completed,
O0003297,U012726,control,2026-07-13 19:38:51.938462784,75.25,completed,
O0003298,U012729,treatment,2026-07-06 01:55:16.604865828,130.93,completed,
O0003299,U012731,treatment,2026-07-01 05:06:17.400919142,121.07,completed,
O0003300,U012735,control,2026-07-13 16:15:57.032317404,72.38,completed,
O0003301,U012736,treatment,2026-07-04 18:50:08.425582410,75.08,completed,
O0003302,U012742,treatment,2026-07-10 15:34:13.121534414,129.4,completed,
O0003303,U012745,treatment,2026-07-06 07:51:51.218975696,61.75,completed,
O0003304,U012748,treatment,2026-07-07 17:40:45.023328270,150.28,completed,
O0003305,U012750,treatment,2026-07-06 18:26:49.395231097,64.56,refunded,2026-07-11 18:26:49.395231097
O0003306,U012753,treatment,2026-07-08 02:42:01.485953994,77.35,completed,
O0003307,U012758,control,2026-07-13 11:46:42.198300200,47.78,completed,
O0003308,U012762,treatment,2026-07-12 18:31:18.640574282,159.12,completed,
O0003309,U012776,treatment,2026-07-10 03:53:47.118559881,86.12,completed,
O0003310,U012779,control,2026-07-14 13:58:44.527412366,137.93,completed,
O0003311,U012786,control,2026-07-11 01:16:53.805784074,119.19,completed,
O0003312,U012806,treatment,2026-07-07 00:33:59.129262948,65.83,completed,
O0003313,U012807,control,2026-07-13 03:24:07.632811322,51.85,completed,
O0003314,U012809,treatment,2026-07-14 23:52:41.699466520,47.56,completed,
O0003315,U012814,control,2026-07-11 00:18:33.915289846,47.31,completed,
O0003316,U012816,treatment,2026-07-05 02:55:12.032853728,80.3,completed,
O0003317,U012821,treatment,2026-07-15 00:18:17.051063114,79.55,completed,
O0003318,U012824,control,2026-07-10 19:59:26.496506998,103.26,completed,
O0003319,U012825,treatment,2026-07-09 15:24:53.198532594,83.26,completed,
O0003320,U012829,control,2026-07-10 16:12:44.582647446,69.89,completed,
O0003321,U012838,control,2026-07-05 01:39:55.125316126,185.05,completed,
O0003322,U012841,treatment,2026-07-10 08:13:16.080247356,44.31,completed,
O0003323,U012843,treatment,2026-07-04 01:11:19.365725846,123.63,completed,
O0003324,U012849,control,2026-07-07 06:26:42.427407140,52.81,completed,
O0003325,U012858,treatment,2026-07-12 15:28:06.634203814,114.61,completed,
O0003326,U012862,treatment,2026-07-10 15:31:45.998006520,48.41,completed,
O0003327,U012863,treatment,2026-07-06 17:44:14.303878772,47.77,completed,
O0003328,U012868,treatment,2026-07-08 02:21:14.288667684,93.54,completed,
O0003329,U012869,treatment,2026-07-02 13:37:49.466994120,117.01,completed,
O0003330,U012871,control,2026-07-04 17:46:20.058779460,103.39,completed,
O0003331,U012872,treatment,2026-07-04 18:21:28.445476216,164.87,completed,
O0003332,U012877,control,2026-07-05 23:26:01.106664838,153.18,completed,
O0003333,U012879,treatment,2026-07-05 14:26:52.269588888,113.5,completed,
O0003334,U012882,control,2026-07-10 03:17:55.623516978,88.47,refunded,2026-07-11 03:17:55.623516978
O0003335,U012885,control,2026-07-07 07:41:26.062997956,96.24,completed,
O0003336,U012889,treatment,2026-07-14 00:58:32.614090278,124.18,completed,
O0003337,U012895,treatment,2026-07-04 01:21:20.954269926,68.53,completed,
O0003338,U012897,control,2026-07-05 14:32:11.070321702,84.25,completed,
O0003339,U012902,treatment,2026-07-06 16:58:04.081027184,202.85,completed,
O0003340,U012903,treatment,2026-07-09 04:46:11.997183074,73.61,completed,
O0003341,U012909,control,2026-07-09 04:57:16.078826426,74.72,completed,
O0003342,U012911,treatment,2026-07-07 13:40:33.860509542,109.49,completed,
O0003343,U012918,control,2026-07-13 09:33:05.557356350,114.43,completed,
O0003344,U012927,treatment,2026-07-04 20:41:44.432890828,45.26,completed,
O0003345,U012928,treatment,2026-07-02 22:13:10.292544394,117.31,completed,
O0003346,U012946,control,2026-07-05 16:25:28.045287684,76.82,completed,
O0003347,U012951,control,2026-07-07 15:01:44.506182932,78.36,completed,
O0003348,U012958,control,2026-07-14 19:38:21.566363824,118.96,completed,
O0003349,U012964,control,2026-07-07 02:01:28.145972346,42.81,completed,
O0003350,U012972,control,2026-07-07 18:29:14.664331846,65.41,completed,
O0003351,U012975,treatment,2026-07-08 02:10:25.774972120,139.34,completed,
O0003352,U012983,treatment,2026-07-05 17:21:55.276389218,77.05,completed,
O0003353,U012988,treatment,2026-07-12 00:43:13.888556284,125.53,completed,
O0003354,U012993,treatment,2026-07-08 23:28:43.468550050,93.06,completed,
O0003355,U012998,treatment,2026-07-12 07:47:50.804817172,171.44,completed,
O0003356,U013001,control,2026-07-10 13:12:34.767150908,47.16,completed,
O0003357,U013003,treatment,2026-07-07 12:11:44.122155560,106.14,completed,
O0003358,U013021,control,2026-07-10 03:54:51.622150934,59.53,completed,
O0003359,U013024,treatment,2026-07-02 08:31:35.297070528,69.67,completed,
O0003360,U013025,treatment,2026-07-10 09:05:21.954288968,81.12,completed,
O0003361,U013026,treatment,2026-07-14 18:47:04.769593272,73.48,completed,
O0003362,U013032,treatment,2026-07-13 11:46:40.291239592,42.8,completed,
O0003363,U013039,control,2026-07-01 09:34:01.315426320,55.24,completed,
O0003364,U013041,treatment,2026-07-11 16:23:07.115114066,59.95,completed,
O0003365,U013043,control,2026-07-13 09:37:48.411455978,72.91,completed,
O0003366,U013048,treatment,2026-07-03 07:05:33.770882680,115.55,completed,
O0003367,U013049,treatment,2026-07-14 10:22:27.019144886,59.19,completed,
O0003368,U013050,treatment,2026-07-13 01:36:34.413218942,74.51,completed,
O0003369,U013054,treatment,2026-07-03 23:18:33.497090024,60.19,completed,
O0003370,U013056,treatment,2026-07-11 08:11:05.661140768,46.29,completed,
O0003371,U013057,control,2026-07-12 06:25:23.282046963,81.9,completed,
O0003372,U013067,treatment,2026-07-14 00:43:24.524791676,67.81,completed,
O0003373,U013068,control,2026-07-07 06:50:29.192997814,142.94,completed,
O0003374,U013074,control,2026-07-13 20:54:43.839066410,83.68,completed,
O0003375,U013080,control,2026-07-01 10:23:25.495030776,94.86,completed,
O0003376,U013084,treatment,2026-07-06 20:47:13.007695192,89.53,completed,
O0003377,U013086,treatment,2026-07-08 09:23:44.813849092,100.44,completed,
O0003378,U013087,treatment,2026-07-03 00:00:11.377394078,59.33,completed,
O0003379,U013091,control,2026-07-02 19:24:06.510334018,86.67,completed,
O0003380,U013101,control,2026-07-09 07:33:15.511199649,58.68,completed,
O0003381,U013103,control,2026-07-13 12:56:47.247797530,121.73,completed,
O0003382,U013108,control,2026-07-13 16:10:16.927140156,49.02,completed,
O0003383,U013109,control,2026-07-12 09:50:06.633764678,124.22,completed,
O0003384,U013111,control,2026-07-12 19:11:53.678552572,68.58,completed,
O0003385,U013112,control,2026-07-11 21:42:24.617833286,89.02,completed,
O0003386,U013115,control,2026-07-05 01:22:12.945234834,75.8,completed,
O0003387,U013116,treatment,2026-07-04 00:40:50.491273746,70.06,completed,
O0003388,U013118,control,2026-07-05 10:24:15.247513978,56.98,completed,
O0003389,U013122,control,2026-07-04 06:41:38.215188506,148.46,completed,
O0003390,U013123,treatment,2026-07-10 07:59:01.007339734,94.74,completed,
O0003391,U013127,control,2026-07-14 18:07:18.999007908,70.06,completed,
O0003392,U013129,treatment,2026-07-03 20:29:28.587362950,132.51,completed,
O0003393,U013132,treatment,2026-07-09 01:45:54.154653096,68.92,completed,
O0003394,U013133,control,2026-07-11 00:53:25.589801160,34.9,completed,
O0003395,U013134,treatment,2026-07-07 02:06:38.971048166,98.95,completed,
O0003396,U013135,treatment,2026-07-03 05:33:01.468113756,70.52,completed,
O0003397,U013138,control,2026-07-06 20:17:33.344688044,64.29,completed,
O0003398,U013141,treatment,2026-07-04 01:33:34.871320316,54.24,completed,
O0003399,U013142,treatment,2026-07-08 08:19:59.781939500,178.24,completed,
O0003400,U013145,treatment,2026-07-06 09:08:19.445620276,109.0,completed,
O0003401,U013154,control,2026-07-11 00:08:43.739242288,105.75,completed,
O0003402,U013156,control,2026-07-04 00:59:06.072824908,72.81,completed,
O0003403,U013162,control,2026-07-09 05:12:28.576685360,66.49,completed,
O0003404,U013164,control,2026-07-05 10:17:25.821059072,49.06,completed,
O0003405,U013167,control,2026-07-13 12:33:03.087116982,50.15,completed,
O0003406,U013168,treatment,2026-07-09 03:24:39.820236562,96.75,completed,
O0003407,U013176,treatment,2026-07-12 09:33:19.570017886,42.05,completed,
O0003408,U013179,control,2026-07-03 22:45:52.687975918,140.13,completed,
O0003409,U013191,control,2026-07-08 14:11:04.129380598,83.46,completed,
O0003410,U013193,control,2026-07-06 21:22:15.497058230,59.91,refunded,2026-07-09 21:22:15.497058230
O0003411,U013199,treatment,2026-07-03 19:02:57.628556594,44.88,completed,
O0003412,U013201,treatment,2026-07-06 11:13:46.910735472,45.84,completed,
O0003413,U013202,control,2026-07-10 10:19:11.224480418,131.98,completed,
O0003414,U013205,treatment,2026-07-10 08:06:51.382911143,98.61,completed,
O0003415,U013207,control,2026-07-10 21:17:03.428885976,90.26,completed,
O0003416,U013209,control,2026-07-05 13:10:05.882055407,86.86,completed,
O0003417,U013210,control,2026-07-03 22:48:16.034228442,101.01,completed,
O0003418,U013211,treatment,2026-07-08 14:37:57.552696560,71.7,completed,
O0003419,U013214,treatment,2026-07-01 23:48:30.672701448,74.58,completed,
O0003420,U013216,treatment,2026-07-09 22:17:59.183075530,45.89,completed,
O0003421,U013229,control,2026-07-14 14:49:02.989880242,75.92,completed,
O0003422,U013232,treatment,2026-07-13 17:33:42.253734928,128.08,completed,
O0003423,U013236,treatment,2026-07-03 07:25:07.862817874,71.62,completed,
O0003424,U013237,treatment,2026-07-09 22:14:55.885936996,41.21,completed,
O0003425,U013240,treatment,2026-07-06 02:23:15.733802202,139.83,completed,
O0003426,U013242,treatment,2026-07-07 06:15:38.470963204,93.82,completed,
O0003427,U013252,treatment,2026-07-09 18:59:34.801060128,70.94,completed,
O0003428,U013260,treatment,2026-07-02 03:02:01.138399178,110.62,completed,
O0003429,U013270,treatment,2026-07-08 20:50:17.618143200,71.17,completed,
O0003430,U013286,treatment,2026-07-12 03:57:40.572985090,101.3,completed,
O0003431,U013293,control,2026-07-02 09:10:32.483979484,79.66,completed,
O0003432,U013301,control,2026-07-01 18:31:46.569059030,102.54,completed,
O0003433,U013303,treatment,2026-07-11 05:48:51.738281948,110.26,completed,
O0003434,U013304,treatment,2026-07-15 00:44:21.654605810,88.24,completed,
O0003435,U013305,control,2026-07-04 00:40:28.018398746,45.63,completed,
O0003436,U013306,treatment,2026-07-14 14:01:24.026119022,107.79,completed,
O0003437,U013313,control,2026-07-04 18:58:36.383901822,64.44,completed,
O0003438,U013314,control,2026-07-04 23:32:35.606401552,89.51,completed,
O0003439,U013323,treatment,2026-07-01 04:29:58.080076742,135.21,completed,
O0003440,U013341,control,2026-07-12 14:30:02.614232970,75.77,completed,
O0003441,U013342,control,2026-07-13 15:12:35.873906324,166.48,completed,
O0003442,U013350,treatment,2026-07-06 07:47:34.833262904,38.48,cancelled,2026-07-08 07:47:34.833262904
O0003443,U013357,treatment,2026-07-04 01:49:56.782746410,91.94,completed,
O0003444,U013370,treatment,2026-07-09 14:46:08.147493396,68.75,completed,
O0003445,U013372,control,2026-07-07 16:02:40.236213432,109.18,completed,
O0003446,U013375,treatment,2026-07-03 08:04:33.236868428,98.32,completed,
O0003447,U013378,control,2026-07-09 02:19:26.718128674,116.54,completed,
O0003448,U013380,control,2026-07-11 19:34:43.002496138,56.56,completed,
O0003449,U013383,treatment,2026-07-15 00:01:11.576436554,137.29,refunded,2026-07-21 00:01:11.576436554
O0003450,U013387,control,2026-07-01 05:27:13.183757148,36.9,completed,
O0003451,U013390,control,2026-07-05 04:39:13.734198474,175.81,completed,
O0003452,U013391,control,2026-07-10 08:27:17.965012428,60.17,completed,
O0003453,U013398,treatment,2026-07-07 17:49:55.763878640,117.95,completed,
O0003454,U013402,treatment,2026-07-10 00:05:12.364353904,72.6,completed,
O0003455,U013403,treatment,2026-07-06 17:20:34.295780002,90.68,completed,
O0003456,U013404,treatment,2026-07-05 20:16:50.965019610,84.55,completed,
O0003457,U013410,control,2026-07-08 01:23:29.142883350,65.16,completed,
O0003458,U013411,control,2026-07-09 02:25:16.423271804,62.68,completed,
O0003459,U013416,treatment,2026-07-12 21:53:00.893915204,134.75,completed,
O0003460,U013417,treatment,2026-07-13 22:43:30.861999782,60.42,completed,
O0003461,U013419,treatment,2026-07-04 03:32:33.860837070,61.32,completed,
O0003462,U013420,control,2026-07-12 00:07:45.571666644,114.02,completed,
O0003463,U013432,control,2026-07-14 12:45:33.390037744,53.69,cancelled,2026-07-16 12:45:33.390037744
O0003464,U013434,control,2026-07-10 10:17:07.120899464,46.43,completed,
O0003465,U013435,treatment,2026-07-01 07:14:43.541406626,84.83,completed,
O0003466,U013436,treatment,2026-07-05 13:36:45.019460406,102.86,completed,
O0003467,U013437,control,2026-07-10 13:32:48.226920554,75.82,completed,
O0003468,U013441,control,2026-07-13 02:20:32.090000680,210.63,completed,
O0003469,U013449,treatment,2026-07-01 10:31:50.027312128,60.26,cancelled,2026-07-06 10:31:50.027312128
O0003470,U013455,control,2026-07-08 21:02:49.707331458,69.47,completed,
O0003471,U013457,treatment,2026-07-14 08:00:37.115832745,71.51,completed,
O0003472,U013459,treatment,2026-07-08 11:25:02.856600670,60.34,completed,
O0003473,U013463,treatment,2026-07-07 08:25:18.356290580,213.12,completed,
O0003474,U013464,control,2026-07-01 15:47:55.516838784,93.08,completed,
O0003475,U013465,treatment,2026-07-11 17:57:32.411597412,58.06,completed,
O0003476,U013466,control,2026-07-05 16:52:59.791341752,54.72,completed,
O0003477,U013468,treatment,2026-07-01 11:35:24.842759770,137.11,completed,
O0003478,U013482,control,2026-07-06 06:11:25.822038810,41.12,refunded,2026-07-09 06:11:25.822038810
O0003479,U013489,control,2026-07-11 02:39:54.007945022,65.54,completed,
O0003480,U013493,treatment,2026-07-08 23:23:13.472445746,54.24,completed,
O0003481,U013496,control,2026-07-08 15:32:22.907123286,87.84,refunded,2026-07-09 15:32:22.907123286
O0003482,U013504,control,2026-07-02 23:53:18.846970836,130.32,completed,
O0003483,U013511,control,2026-07-07 09:19:56.164785214,69.57,completed,
O0003484,U013512,control,2026-07-07 17:09:09.537612559,206.44,completed,
O0003485,U013513,control,2026-07-14 11:13:41.455453218,153.28,completed,
O0003486,U013516,treatment,2026-07-02 09:38:54.347443574,119.57,refunded,2026-07-05 09:38:54.347443574
O0003487,U013526,treatment,2026-07-09 17:03:04.378080351,78.51,completed,
O0003488,U013527,treatment,2026-07-03 06:10:58.355794552,96.44,completed,
O0003489,U013535,control,2026-07-12 16:04:17.940402478,246.55,completed,
O0003490,U013536,control,2026-07-13 09:36:20.614160262,120.05,completed,
O0003491,U013540,treatment,2026-07-01 16:00:10.621341282,75.27,completed,
O0003492,U013541,control,2026-07-02 04:15:29.137072012,35.66,refunded,2026-07-05 04:15:29.137072012
O0003493,U013554,control,2026-07-12 23:38:22.415992466,124.73,completed,
O0003494,U013556,control,2026-07-05 09:34:16.694229500,271.47,refunded,2026-07-09 09:34:16.694229500
O0003495,U013558,control,2026-07-01 19:42:33.770515926,84.59,completed,
O0003496,U013561,treatment,2026-07-11 09:49:01.470065373,112.89,completed,
O0003497,U013562,treatment,2026-07-12 19:33:09.384980125,60.46,completed,
O0003498,U013568,treatment,2026-07-05 18:23:54.632877848,49.26,completed,
O0003499,U013579,treatment,2026-07-02 05:03:07.840994416,46.61,completed,
O0003500,U013584,control,2026-07-10 14:00:52.226750832,97.18,completed,
O0003501,U013589,treatment,2026-07-01 07:47:19.941196076,74.47,completed,
O0003502,U013590,treatment,2026-07-02 22:30:44.433611508,102.38,completed,
O0003503,U013593,control,2026-07-15 00:13:24.614987252,49.91,completed,
O0003504,U013610,treatment,2026-07-05 14:43:42.055981080,132.8,completed,
O0003505,U013613,control,2026-07-07 17:07:26.175090334,36.67,completed,
O0003506,U013615,treatment,2026-07-14 14:27:30.911775856,96.56,completed,
O0003507,U013625,control,2026-07-04 07:35:34.420708744,53.31,completed,
O0003508,U013626,treatment,2026-07-09 03:51:11.948335100,60.86,completed,
O0003509,U013630,treatment,2026-07-05 04:05:28.863597490,225.92,completed,
O0003510,U013632,treatment,2026-07-10 12:09:59.261627684,113.59,completed,
O0003511,U013633,control,2026-07-07 15:12:44.060480996,86.75,completed,
O0003512,U013634,treatment,2026-07-09 11:21:52.490048018,93.98,completed,
O0003513,U013637,control,2026-07-12 16:25:56.298761156,38.25,completed,
O0003514,U013640,control,2026-07-02 09:41:52.999515352,45.16,completed,
O0003515,U013641,treatment,2026-07-03 12:48:46.506011182,87.7,completed,
O0003516,U013648,control,2026-07-10 02:00:46.401043502,56.73,completed,
O0003517,U013656,control,2026-07-09 21:13:34.289188298,49.52,completed,
O0003518,U013658,control,2026-07-05 06:19:25.311070238,125.3,completed,
O0003519,U013660,control,2026-07-04 18:52:34.496685502,226.53,completed,
O0003520,U013664,control,2026-07-01 05:49:00.728060226,63.85,completed,
O0003521,U013665,treatment,2026-07-06 23:58:11.776647434,185.94,completed,
O0003522,U013668,control,2026-07-14 23:27:38.172202892,106.72,completed,
O0003523,U013674,control,2026-07-07 23:13:58.228132758,64.54,refunded,2026-07-12 23:13:58.228132758
O0003524,U013677,control,2026-07-12 22:51:15.361553823,44.0,completed,
O0003525,U013687,control,2026-07-02 14:52:54.523387687,141.63,completed,
O0003526,U013689,control,2026-07-05 17:29:47.364370124,73.86,completed,
O0003527,U013690,control,2026-07-08 19:16:16.941270652,97.79,completed,
O0003528,U013707,treatment,2026-07-13 15:58:43.277316928,50.46,completed,
O0003529,U013708,treatment,2026-07-01 16:55:30.007243010,91.38,completed,
O0003530,U013709,treatment,2026-07-11 09:19:12.191610144,55.29,completed,
O0003531,U013710,treatment,2026-07-02 07:46:47.345192702,163.03,completed,
O0003532,U013712,control,2026-07-09 04:09:51.610667652,77.19,completed,
O0003533,U013724,treatment,2026-07-12 13:41:37.273791546,128.44,completed,
O0003534,U013729,control,2026-07-06 08:29:04.054059140,175.23,completed,
O0003535,U013733,treatment,2026-07-02 10:15:57.157367764,49.24,completed,
O0003536,U013736,treatment,2026-07-02 14:57:40.811727598,58.02,completed,
O0003537,U013738,control,2026-07-12 02:10:45.732590246,47.12,completed,
O0003538,U013741,treatment,2026-07-13 10:39:39.519662328,42.94,completed,
O0003539,U013750,treatment,2026-07-04 13:12:44.813429442,66.36,completed,
O0003540,U013755,treatment,2026-07-14 13:03:15.934315564,138.01,completed,
O0003541,U013758,treatment,2026-07-11 01:56:44.220430308,79.22,completed,
O0003542,U013764,treatment,2026-07-08 15:47:17.287871916,67.01,completed,
O0003543,U013765,control,2026-07-08 06:36:29.249165968,148.59,completed,
O0003544,U013769,control,2026-07-08 08:17:45.819643696,60.09,completed,
O0003545,U013774,control,2026-07-01 16:39:20.236935316,116.39,completed,
O0003546,U013778,control,2026-07-07 05:16:30.341160996,95.81,completed,
O0003547,U013780,control,2026-07-11 10:50:55.452561574,129.13,completed,
O0003548,U013782,treatment,2026-07-02 22:17:32.364273818,77.19,completed,
O0003549,U013789,control,2026-07-09 02:02:18.286097854,127.32,completed,
O0003550,U013794,control,2026-07-13 19:38:17.408517691,183.19,completed,
O0003551,U013797,control,2026-07-12 07:01:35.438878010,396.89,completed,
O0003552,U013810,control,2026-07-07 00:19:11.657925476,102.26,completed,
O0003553,U013812,control,2026-07-09 14:49:01.051737110,86.14,completed,
O0003554,U013819,control,2026-07-12 17:58:49.774419646,28.76,refunded,2026-07-18 17:58:49.774419646
O0003555,U013822,control,2026-07-13 18:31:28.810451030,114.7,completed,
O0003556,U013826,control,2026-07-05 23:21:11.721461558,50.54,completed,
O0003557,U013831,control,2026-07-10 04:25:53.585415890,71.42,completed,
O0003558,U013834,control,2026-07-11 03:51:10.102908040,77.39,refunded,2026-07-13 03:51:10.102908040
O0003559,U013840,control,2026-07-08 21:52:18.510177338,90.6,completed,
O0003560,U013848,control,2026-07-06 09:26:11.722714078,88.82,completed,
O0003561,U013854,control,2026-07-08 00:26:02.175709808,102.08,completed,
O0003562,U013856,treatment,2026-07-11 14:15:49.055481948,66.68,completed,
O0003563,U013866,control,2026-07-14 10:30:37.072995420,83.39,completed,
O0003564,U013872,treatment,2026-07-06 22:53:35.686108246,176.89,completed,
O0003565,U013874,treatment,2026-07-11 11:09:26.644862308,58.97,completed,
O0003566,U013882,control,2026-07-01 10:25:25.341231172,108.08,completed,
O0003567,U013893,treatment,2026-07-09 22:00:18.972531076,95.02,completed,
O0003568,U013898,control,2026-07-01 23:48:38.035103828,36.76,completed,
O0003569,U013900,control,2026-07-03 03:03:50.225588478,57.01,completed,
O0003570,U013902,treatment,2026-07-13 16:38:35.022340188,61.22,cancelled,2026-07-19 16:38:35.022340188
O0003571,U013904,control,2026-07-13 15:41:40.749273958,55.02,completed,
O0003572,U013925,treatment,2026-07-07 11:23:06.970745842,116.8,completed,
O0003573,U013927,treatment,2026-07-05 14:13:49.138263910,138.47,completed,
O0003574,U013930,treatment,2026-07-05 09:11:33.913779208,108.95,completed,
O0003575,U013931,control,2026-07-14 00:34:38.230027552,90.28,completed,
O0003576,U013934,treatment,2026-07-05 17:26:24.826383534,62.27,completed,
O0003577,U013937,control,2026-07-10 02:49:29.445834922,46.21,completed,
O0003578,U013940,treatment,2026-07-13 12:04:47.171669460,90.19,completed,
O0003579,U013946,treatment,2026-07-08 17:52:42.636315694,133.9,completed,
O0003580,U013950,control,2026-07-02 14:00:15.379009038,240.35,completed,
O0003581,U013953,control,2026-07-12 03:00:50.251271466,64.63,completed,
O0003582,U013961,control,2026-07-13 02:54:16.014203756,107.17,completed,
O0003583,U013970,control,2026-07-06 19:02:41.440854792,167.75,completed,
O0003584,U013972,treatment,2026-07-13 16:47:32.689118083,72.88,completed,
O0003585,U013980,treatment,2026-07-11 17:02:35.775261930,65.16,completed,
O0003586,U013985,control,2026-07-02 15:29:03.116830253,130.69,completed,
O0003587,U014000,treatment,2026-07-06 20:46:46.286754304,74.24,completed,
O0003588,U014001,treatment,2026-07-08 00:40:40.075993396,53.42,completed,
O0003589,U014005,treatment,2026-07-08 11:57:35.757837164,151.17,completed,
O0003590,U014006,control,2026-07-12 03:40:11.878714336,95.92,completed,
O0003591,U014008,control,2026-07-09 03:28:09.453988834,116.55,completed,
O0003592,U014011,treatment,2026-07-11 17:05:40.896738188,106.87,completed,
O0003593,U014012,control,2026-07-07 05:34:31.871849872,217.07,completed,
O0003594,U014022,control,2026-07-06 15:42:35.668326958,113.84,completed,
O0003595,U014023,control,2026-07-07 17:02:14.648838740,113.28,completed,
O0003596,U014027,treatment,2026-07-09 14:09:54.314431554,94.05,completed,
O0003597,U014032,treatment,2026-07-09 10:44:28.500127426,135.81,completed,
O0003598,U014035,treatment,2026-07-14 13:57:35.473453060,108.6,completed,
O0003599,U014037,control,2026-07-14 12:10:57.234678046,64.06,refunded,2026-07-17 12:10:57.234678046
O0003600,U014058,treatment,2026-07-13 20:58:38.773778958,67.2,completed,
O0003601,U014070,treatment,2026-07-05 02:31:21.593890614,74.94,completed,
O0003602,U014072,control,2026-07-09 05:40:58.625294840,111.01,completed,
O0003603,U014076,control,2026-07-09 13:04:16.987255842,146.2,completed,
O0003604,U014077,control,2026-07-02 18:53:56.767792112,120.96,completed,
O0003605,U014080,treatment,2026-07-10 22:11:04.759339228,46.38,completed,
O0003606,U014082,treatment,2026-07-10 17:11:43.877214220,54.45,completed,
O0003607,U014083,treatment,2026-07-14 11:57:24.378850548,62.84,completed,
O0003608,U014090,control,2026-07-11 15:33:16.279556528,37.31,completed,
O0003609,U014100,treatment,2026-07-03 01:16:43.002177907,59.35,completed,
O0003610,U014106,treatment,2026-07-01 09:16:17.000930380,88.41,completed,
O0003611,U014116,control,2026-07-05 13:02:29.327618112,144.68,refunded,2026-07-10 13:02:29.327618112
O0003612,U014119,control,2026-07-01 11:32:36.414776378,93.05,completed,
O0003613,U014123,treatment,2026-07-03 03:17:02.380769976,92.07,completed,
O0003614,U014127,control,2026-07-14 07:45:19.647959116,113.73,completed,
O0003615,U014129,control,2026-07-02 09:52:27.024724454,164.52,completed,
O0003616,U014131,control,2026-07-01 16:22:37.302228763,40.52,cancelled,2026-07-06 16:22:37.302228763
O0003617,U014136,treatment,2026-07-02 13:12:39.299173770,116.38,completed,
O0003618,U014138,treatment,2026-07-14 14:17:06.721921090,44.61,completed,
O0003619,U014139,control,2026-07-12 05:34:15.208908318,78.94,completed,
O0003620,U014143,treatment,2026-07-09 12:08:42.623450532,52.61,completed,
O0003621,U014144,treatment,2026-07-03 01:49:20.804172958,174.91,completed,
O0003622,U014153,control,2026-07-02 21:54:24.327156236,63.46,completed,
O0003623,U014156,treatment,2026-07-03 23:34:19.778277774,47.5,completed,
O0003624,U014163,control,2026-07-07 18:33:19.467650842,50.35,completed,
O0003625,U014165,control,2026-07-02 05:03:40.685429788,63.18,completed,
O0003626,U014166,treatment,2026-07-06 03:41:48.435878174,62.89,completed,
O0003627,U014167,control,2026-07-14 19:42:06.122816182,74.24,completed,
O0003628,U014176,control,2026-07-02 07:00:49.853732502,134.6,completed,
O0003629,U014177,control,2026-07-06 20:06:07.783237532,31.06,completed,
O0003630,U014178,treatment,2026-07-04 04:16:29.980304896,61.36,completed,
O0003631,U014181,treatment,2026-07-08 17:11:57.198293634,150.6,completed,
O0003632,U014182,treatment,2026-07-13 10:07:48.968552740,58.49,completed,
O0003633,U014190,treatment,2026-07-13 23:47:53.527058486,100.87,completed,
O0003634,U014201,control,2026-07-08 02:34:33.107367322,54.11,completed,
O0003635,U014202,control,2026-07-02 07:58:02.412725058,75.36,completed,
O0003636,U014205,treatment,2026-07-01 06:09:06.958457566,69.25,completed,
O0003637,U014206,control,2026-07-14 13:58:22.205211878,94.68,completed,
O0003638,U014208,control,2026-07-02 12:59:31.255894924,66.44,completed,
O0003639,U014210,treatment,2026-07-12 05:02:38.721357660,87.71,completed,
O0003640,U014211,treatment,2026-07-02 11:28:53.903787596,43.55,completed,
O0003641,U014215,treatment,2026-07-12 06:06:46.793697438,68.25,completed,
O0003642,U014216,control,2026-07-11 08:24:13.525628340,79.05,completed,
O0003643,U014222,treatment,2026-07-03 07:59:11.225525933,71.73,completed,
O0003644,U014223,treatment,2026-07-09 11:34:36.457066820,80.64,completed,
O0003645,U014230,treatment,2026-07-04 02:50:41.921251086,183.53,completed,
O0003646,U014231,control,2026-07-09 22:36:34.917166336,97.62,completed,
O0003647,U014232,control,2026-07-07 21:56:06.616629616,277.27,completed,
O0003648,U014233,control,2026-07-13 02:38:08.429963644,205.62,completed,
O0003649,U014234,control,2026-07-12 06:13:01.381895276,114.44,completed,
O0003650,U014235,treatment,2026-07-09 23:47:18.894679416,129.9,completed,
O0003651,U014237,control,2026-07-01 13:29:39.525917424,72.6,completed,
O0003652,U014241,treatment,2026-07-03 10:48:33.640213354,100.69,completed,
O0003653,U014242,control,2026-07-07 02:18:48.789860090,58.01,completed,
O0003654,U014245,control,2026-07-12 23:19:45.939499076,58.48,completed,
O0003655,U014248,control,2026-07-01 07:20:35.105731968,185.84,completed,
O0003656,U014249,treatment,2026-07-02 14:18:02.795106920,122.54,completed,
O0003657,U014254,treatment,2026-07-15 04:55:34.660776664,93.67,completed,
O0003658,U014255,treatment,2026-07-08 18:50:01.794548046,61.4,completed,
O0003659,U014257,control,2026-07-07 19:50:52.825103308,88.17,completed,
O0003660,U014258,control,2026-07-10 05:47:45.810956412,75.78,completed,
O0003661,U014259,control,2026-07-06 07:48:05.682568448,134.04,completed,
O0003662,U014267,control,2026-07-12 11:41:46.455206170,45.3,completed,
O0003663,U014269,control,2026-07-10 22:21:36.013807018,63.67,completed,
O0003664,U014278,control,2026-07-08 19:39:52.078693528,25.0,completed,
O0003665,U014279,treatment,2026-07-04 18:24:09.136801718,105.5,completed,
O0003666,U014283,treatment,2026-07-15 00:28:22.414364144,81.53,completed,
O0003667,U014284,control,2026-07-10 12:24:29.592028652,43.75,completed,
O0003668,U014287,treatment,2026-07-10 10:10:41.454402522,59.53,completed,
O0003669,U014288,control,2026-07-05 01:57:03.372544366,78.95,completed,
O0003670,U014294,treatment,2026-07-12 19:57:51.233811138,156.2,completed,
O0003671,U014297,control,2026-07-12 06:27:38.935038272,200.26,completed,
O0003672,U014298,control,2026-07-12 01:24:19.816774512,61.28,completed,
O0003673,U014299,control,2026-07-03 02:24:32.854938210,115.3,completed,
O0003674,U014304,treatment,2026-07-02 17:40:42.583766702,89.74,completed,
O0003675,U014307,control,2026-07-05 01:44:11.812636398,113.23,completed,
O0003676,U014308,control,2026-07-06 09:01:03.105488210,41.56,completed,
O0003677,U014309,control,2026-07-03 00:52:10.266534054,66.92,completed,
O0003678,U014314,treatment,2026-07-13 02:54:34.566092540,188.87,completed,
O0003679,U014316,treatment,2026-07-05 12:57:51.630470970,55.48,completed,
O0003680,U014318,treatment,2026-07-13 01:36:22.703719422,100.78,completed,
O0003681,U014320,control,2026-07-06 00:45:53.135908590,51.87,completed,
O0003682,U014321,treatment,2026-07-13 22:53:22.023149086,120.79,completed,
O0003683,U014323,control,2026-07-12 09:49:24.359067580,43.69,refunded,2026-07-19 09:49:24.359067580
O0003684,U014325,treatment,2026-07-03 10:50:03.964254710,54.26,completed,
O0003685,U014326,control,2026-07-01 10:48:22.968398222,147.89,completed,
O0003686,U014327,control,2026-07-14 16:31:24.430663488,108.4,refunded,2026-07-18 16:31:24.430663488
O0003687,U014331,treatment,2026-07-14 07:38:09.636283648,82.7,completed,
O0003688,U014338,control,2026-07-10 07:57:47.388980868,297.55,completed,
O0003689,U014339,control,2026-07-11 17:34:47.909846446,62.32,completed,
O0003690,U014352,control,2026-07-03 22:45:56.187054948,82.21,completed,
O0003691,U014357,control,2026-07-04 20:46:18.449126038,33.85,completed,
O0003692,U014361,treatment,2026-07-01 04:35:48.396724932,82.84,completed,
O0003693,U014364,control,2026-07-08 05:33:22.309637108,90.72,completed,
O0003694,U014370,treatment,2026-07-06 15:39:18.956415944,48.3,completed,
O0003695,U014374,control,2026-07-07 16:57:51.159178532,47.24,completed,
O0003696,U014381,control,2026-07-07 15:27:58.548736002,124.03,completed,
O0003697,U014382,treatment,2026-07-04 17:04:13.420361942,83.8,completed,
O0003698,U014383,treatment,2026-07-10 11:04:18.800328222,112.98,completed,
O0003699,U014385,control,2026-07-09 23:20:05.107838472,47.44,completed,
O0003700,U014386,treatment,2026-07-05 03:21:29.089043926,60.74,completed,
O0003701,U014388,control,2026-07-05 16:33:07.529917238,73.92,completed,
O0003702,U014392,treatment,2026-07-08 09:10:33.529718594,29.4,completed,
O0003703,U014394,control,2026-07-03 01:25:38.611875580,105.75,completed,
O0003704,U014399,control,2026-07-10 07:45:25.173733848,111.92,completed,
O0003705,U014400,treatment,2026-07-12 09:33:30.790642714,87.4,completed,
O0003706,U014402,treatment,2026-07-06 08:45:34.040516862,102.29,completed,
O0003707,U014405,control,2026-07-04 18:29:24.137416372,90.56,completed,
O0003708,U014407,treatment,2026-07-05 23:11:59.534670186,88.96,completed,
O0003709,U014409,treatment,2026-07-13 05:35:50.783843284,118.0,completed,
O0003710,U014416,treatment,2026-07-10 08:17:53.142883442,98.86,completed,
O0003711,U014425,treatment,2026-07-01 20:45:17.663852416,176.15,completed,
O0003712,U014427,control,2026-07-14 12:23:07.202796174,82.45,completed,
O0003713,U014429,treatment,2026-07-04 15:02:50.583938534,119.0,completed,
O0003714,U014432,control,2026-07-09 15:58:29.064831518,220.6,completed,
O0003715,U014433,treatment,2026-07-12 10:23:24.259673766,110.52,completed,
O0003716,U014436,treatment,2026-07-05 20:31:39.433314446,121.2,cancelled,2026-07-09 20:31:39.433314446
O0003717,U014442,control,2026-07-13 17:16:01.606306176,122.33,refunded,2026-07-14 17:16:01.606306176
O0003718,U014445,treatment,2026-07-07 10:58:19.562709566,206.41,completed,
O0003719,U014449,treatment,2026-07-03 20:30:20.096953722,116.67,completed,
O0003720,U014456,control,2026-07-09 14:05:38.504714712,76.48,completed,
O0003721,U014462,control,2026-07-07 05:04:51.586026318,59.5,completed,
O0003722,U014465,treatment,2026-07-09 15:39:10.476788544,125.35,completed,
O0003723,U014467,control,2026-07-09 10:14:49.995704500,25.93,completed,
O0003724,U014468,control,2026-07-01 17:37:37.001268982,87.32,completed,
O0003725,U014469,treatment,2026-07-14 00:49:50.250952190,82.1,completed,
O0003726,U014470,treatment,2026-07-07 09:13:52.082041518,102.99,refunded,2026-07-08 09:13:52.082041518
O0003727,U014476,control,2026-07-01 14:15:44.875569312,80.18,completed,
O0003728,U014478,treatment,2026-07-06 05:35:48.406201956,100.4,completed,
O0003729,U014487,treatment,2026-07-06 03:35:51.677149150,169.21,refunded,2026-07-11 03:35:51.677149150
O0003730,U014490,treatment,2026-07-07 14:48:55.138140950,61.11,completed,
O0003731,U014496,treatment,2026-07-12 06:34:30.598703086,86.08,completed,
O0003732,U014497,control,2026-07-01 08:25:52.402392530,60.97,completed,
O0003733,U014500,control,2026-07-12 18:26:32.707315652,93.8,completed,
O0003734,U014502,control,2026-07-11 18:36:26.738055850,83.97,completed,
O0003735,U014504,control,2026-07-05 09:27:17.237658892,115.74,completed,
O0003736,U014505,treatment,2026-07-05 08:42:13.064379899,82.43,completed,
O0003737,U014509,treatment,2026-07-06 23:54:11.171393706,102.89,completed,
O0003738,U014510,treatment,2026-07-01 18:25:24.065491084,123.51,completed,
O0003739,U014522,treatment,2026-07-11 10:08:19.329913812,133.47,completed,
O0003740,U014527,control,2026-07-13 04:50:25.726804006,68.98,completed,
O0003741,U014533,control,2026-07-03 21:34:24.045356920,81.76,completed,
O0003742,U014542,treatment,2026-07-01 17:34:14.052781422,60.62,completed,
O0003743,U014543,treatment,2026-07-05 00:42:20.777266628,92.45,completed,
O0003744,U014545,treatment,2026-07-03 15:21:16.641789274,46.21,completed,
O0003745,U014550,treatment,2026-07-04 06:29:48.997901118,61.9,completed,
O0003746,U014553,control,2026-07-10 13:22:34.283362688,77.9,completed,
O0003747,U014557,control,2026-07-11 14:01:45.867596708,103.61,completed,
O0003748,U014559,control,2026-07-04 18:57:33.931410782,101.77,completed,
O0003749,U014562,treatment,2026-07-12 21:50:30.561887742,84.2,completed,
O0003750,U014566,treatment,2026-07-06 21:53:24.109391578,62.32,completed,
O0003751,U014573,control,2026-07-04 23:28:57.903529228,47.81,completed,
O0003752,U014574,control,2026-07-10 22:29:59.835151814,53.22,completed,
O0003753,U014576,control,2026-07-14 14:28:44.526803356,68.2,completed,
O0003754,U014583,control,2026-07-11 23:51:11.396305376,62.63,refunded,2026-07-13 23:51:11.396305376
O0003755,U014585,treatment,2026-07-05 14:02:10.585049440,89.01,completed,
O0003756,U014587,treatment,2026-07-01 13:51:26.824028230,217.94,completed,
O0003757,U014589,control,2026-07-07 04:15:44.064778604,88.61,completed,
O0003758,U014590,treatment,2026-07-03 11:34:15.729409248,66.95,completed,
O0003759,U014591,treatment,2026-07-03 20:02:54.578353826,95.87,completed,
O0003760,U014592,treatment,2026-07-02 22:40:45.952886912,79.17,completed,
O0003761,U014596,control,2026-07-13 21:09:37.368133066,90.8,completed,
O0003762,U014602,treatment,2026-07-12 13:28:53.829144190,108.03,completed,
O0003763,U014603,treatment,2026-07-12 23:55:22.987783124,131.55,completed,
O0003764,U014604,control,2026-07-07 14:57:56.809211278,92.64,completed,
O0003765,U014606,control,2026-07-12 22:43:42.128908628,180.68,cancelled,2026-07-17 22:43:42.128908628
O0003766,U014613,control,2026-07-14 15:40:27.730689492,33.4,completed,
O0003767,U014619,treatment,2026-07-02 20:09:34.138020814,22.72,completed,
O0003768,U014620,treatment,2026-07-03 06:46:55.695825802,92.01,cancelled,2026-07-10 06:46:55.695825802
O0003769,U014624,control,2026-07-13 22:47:18.488872412,103.21,completed,
O0003770,U014626,control,2026-07-11 14:23:00.435148776,77.24,completed,
O0003771,U014630,treatment,2026-07-05 09:05:33.195699540,154.63,completed,
O0003772,U014631,treatment,2026-07-04 17:56:37.195128784,85.78,refunded,2026-07-10 17:56:37.195128784
O0003773,U014635,control,2026-07-10 05:30:01.169256522,101.43,completed,
O0003774,U014645,treatment,2026-07-13 00:48:06.995199964,160.07,completed,
O0003775,U014650,control,2026-07-04 18:24:43.140226865,126.27,completed,
O0003776,U014651,control,2026-07-01 20:46:39.839959052,146.39,completed,
O0003777,U014655,treatment,2026-07-01 08:50:26.489212906,53.5,completed,
O0003778,U014657,control,2026-07-04 16:51:36.743924870,112.12,completed,
O0003779,U014658,control,2026-07-06 10:13:37.876858994,69.47,completed,
O0003780,U014660,treatment,2026-07-14 09:08:21.281324684,91.11,completed,
O0003781,U014667,treatment,2026-07-06 18:34:41.932191690,148.19,completed,
O0003782,U014671,treatment,2026-07-14 10:24:08.704725932,74.19,completed,
O0003783,U014672,treatment,2026-07-04 15:52:35.511466934,39.8,completed,
O0003784,U014673,control,2026-07-04 04:45:43.474205986,39.23,completed,
O0003785,U014678,treatment,2026-07-14 13:37:17.539168650,21.7,completed,
O0003786,U014679,treatment,2026-07-11 18:17:56.771158966,91.52,completed,
O0003787,U014693,treatment,2026-07-05 19:14:28.433090944,69.1,completed,
O0003788,U014695,treatment,2026-07-11 12:29:01.556675920,30.12,completed,
O0003789,U014697,treatment,2026-07-03 09:17:42.986533608,113.31,completed,
O0003790,U014699,treatment,2026-07-13 20:10:11.167124298,103.09,cancelled,2026-07-16 20:10:11.167124298
O0003791,U014701,control,2026-07-04 21:47:12.391510382,27.16,completed,
O0003792,U014702,treatment,2026-07-03 16:28:56.498965316,65.68,completed,
O0003793,U014706,control,2026-07-11 20:41:54.463595694,159.05,completed,
O0003794,U014714,treatment,2026-07-11 03:15:38.192845598,83.0,completed,
O0003795,U014716,control,2026-07-03 01:16:21.028688086,146.16,completed,
O0003796,U014721,treatment,2026-07-06 21:20:03.356308324,146.81,completed,
O0003797,U014722,control,2026-07-07 06:59:42.996706548,59.69,completed,
O0003798,U014723,treatment,2026-07-05 20:40:05.214395748,89.33,completed,
O0003799,U014733,control,2026-07-05 13:25:22.805561280,64.61,completed,
O0003800,U014734,control,2026-07-12 06:10:06.309999254,155.11,completed,
O0003801,U014737,control,2026-07-10 01:37:00.209795304,55.15,completed,
O0003802,U014741,control,2026-07-05 15:04:13.693680170,166.56,completed,
O0003803,U014745,treatment,2026-07-07 19:07:52.231247910,45.66,completed,
O0003804,U014747,control,2026-07-01 22:14:46.137005642,47.5,completed,
O0003805,U014750,treatment,2026-07-11 16:36:48.512354736,62.13,completed,
O0003806,U014751,treatment,2026-07-04 13:58:34.706496292,207.08,completed,
O0003807,U014753,treatment,2026-07-11 22:21:29.142315580,38.8,completed,
O0003808,U014754,control,2026-07-01 06:22:11.933135312,40.41,completed,
O0003809,U014755,control,2026-07-14 02:15:42.844732170,121.59,completed,
O0003810,U014757,control,2026-07-04 09:24:12.412391646,50.69,completed,
O0003811,U014768,control,2026-07-03 21:36:40.298199464,159.21,completed,
O0003812,U014771,treatment,2026-07-06 02:59:08.027562880,39.46,completed,
O0003813,U014772,treatment,2026-07-07 12:41:23.683122840,56.28,refunded,2026-07-11 12:41:23.683122840
O0003814,U014773,control,2026-07-06 19:25:33.877894912,128.99,completed,
O0003815,U014775,control,2026-07-08 13:54:46.925176944,175.6,completed,
O0003816,U014780,treatment,2026-07-09 09:59:19.002323520,93.33,completed,
O0003817,U014784,control,2026-07-10 07:15:22.340901710,56.01,completed,
O0003818,U014785,control,2026-07-10 23:16:42.836937396,122.72,completed,
O0003819,U014798,treatment,2026-07-01 03:19:26.479572240,77.44,completed,
O0003820,U014799,treatment,2026-07-12 14:18:12.534424966,70.27,completed,
O0003821,U014804,treatment,2026-07-09 14:38:03.153444954,61.46,completed,
O0003822,U014805,treatment,2026-07-01 01:14:29.291811404,93.79,completed,
O0003823,U014807,control,2026-07-03 05:36:31.513476632,85.61,completed,
O0003824,U014813,treatment,2026-07-11 18:28:15.098336226,124.68,completed,
O0003825,U014816,treatment,2026-07-03 17:13:13.300441056,83.62,completed,
O0003826,U014819,treatment,2026-07-13 16:30:47.377611062,45.32,completed,
O0003827,U014820,treatment,2026-07-14 13:17:46.672803728,77.11,completed,
O0003828,U014823,treatment,2026-07-10 04:29:06.844726480,66.61,completed,
O0003829,U014829,treatment,2026-07-03 22:35:32.656637406,81.57,completed,
O0003830,U014837,control,2026-07-02 15:09:06.452089880,183.72,completed,
O0003831,U014854,control,2026-07-04 00:13:22.175605118,122.78,completed,
O0003832,U014858,control,2026-07-08 13:18:01.605762393,60.37,completed,
O0003833,U014859,control,2026-07-13 18:13:48.539273506,111.93,completed,
O0003834,U014866,treatment,2026-07-09 01:24:38.030722350,102.56,completed,
O0003835,U014868,treatment,2026-07-10 01:02:42.040044488,110.89,completed,
O0003836,U014869,control,2026-07-04 04:29:30.218660478,89.28,completed,
O0003837,U014871,control,2026-07-08 18:41:15.258492406,87.73,completed,
O0003838,U014877,control,2026-07-10 04:50:35.503897124,34.9,completed,
O0003839,U014878,control,2026-07-12 17:20:52.777239688,57.36,completed,
O0003840,U014879,treatment,2026-07-01 20:25:25.206353408,93.79,completed,
O0003841,U014880,treatment,2026-07-12 09:07:00.691871744,54.22,completed,
O0003842,U014885,control,2026-07-01 08:53:37.418052884,132.22,completed,
O0003843,U014886,treatment,2026-07-14 19:06:04.238510672,42.76,completed,
O0003844,U014890,treatment,2026-07-10 14:56:55.391099504,83.4,completed,
O0003845,U014892,treatment,2026-07-09 21:03:29.289492358,109.02,completed,
O0003846,U014893,control,2026-07-06 08:37:14.801074004,53.0,refunded,2026-07-07 08:37:14.801074004
O0003847,U014898,treatment,2026-07-07 09:22:46.667663680,59.28,completed,
O0003848,U014901,treatment,2026-07-01 14:58:32.686172042,81.57,completed,
O0003849,U014904,control,2026-07-08 21:33:12.404187742,118.9,completed,
O0003850,U014909,control,2026-07-02 20:19:06.606437760,104.37,completed,
O0003851,U014911,treatment,2026-07-09 04:11:39.840224715,99.91,completed,
O0003852,U014916,treatment,2026-07-02 18:58:05.351412022,32.41,completed,
O0003853,U014917,control,2026-07-06 05:58:46.452400580,62.23,refunded,2026-07-07 05:58:46.452400580
O0003854,U014938,treatment,2026-07-04 08:21:47.997702114,199.26,completed,
O0003855,U014940,treatment,2026-07-09 05:01:21.477303018,195.86,completed,
O0003856,U014944,treatment,2026-07-04 16:23:19.451026421,37.48,completed,
O0003857,U014947,treatment,2026-07-07 19:53:07.883994782,65.72,completed,
O0003858,U014950,control,2026-07-09 09:07:16.803446902,66.09,completed,
O0003859,U014958,control,2026-07-10 08:45:40.028647966,103.63,completed,
O0003860,U014959,treatment,2026-07-07 08:54:51.322782636,138.18,completed,
O0003861,U014961,treatment,2026-07-13 11:42:50.739753339,76.14,completed,
O0003862,U014964,treatment,2026-07-12 12:53:35.690950344,83.09,completed,
O0003863,U014967,treatment,2026-07-11 01:51:45.002425850,170.4,completed,
O0003864,U014971,control,2026-07-06 21:23:28.927638100,177.61,completed,
O0003865,U014972,control,2026-07-07 03:13:09.465099918,112.77,completed,
O0003866,U014973,control,2026-07-06 02:07:16.604576962,169.88,completed,
O0003867,U014975,treatment,2026-07-07 00:25:32.088807440,65.28,completed,
O0003868,U014976,treatment,2026-07-10 22:24:38.376649574,84.85,completed,
O0003869,U014980,treatment,2026-07-09 08:06:04.083771370,47.25,completed,
O0003870,U014983,control,2026-07-10 20:10:38.933236080,73.64,completed,
O0003871,U014990,control,2026-07-03 10:19:53.885225768,47.71,completed,
O0003872,U014993,control,2026-07-01 11:57:35.512046624,89.94,refunded,2026-07-03 11:57:35.512046624
O0003873,U014996,control,2026-07-06 15:02:38.827212110,127.94,completed,
O0003874,U015001,control,2026-07-03 15:10:02.904253952,106.99,completed,
O0003875,U015002,control,2026-07-14 09:00:50.017919054,75.97,completed,
O0003876,U015004,treatment,2026-07-05 02:46:52.030935770,37.34,completed,
O0003877,U015015,treatment,2026-07-03 01:58:25.724761268,45.03,completed,
O0003878,U015016,treatment,2026-07-05 18:42:14.958192474,69.66,completed,
O0003879,U015019,treatment,2026-07-08 06:46:37.926611488,177.54,completed,
O0003880,U015023,treatment,2026-07-13 14:18:00.915036446,80.88,completed,
O0003881,U015026,treatment,2026-07-03 02:10:25.074838002,53.35,completed,
O0003882,U015027,treatment,2026-07-14 18:35:48.384183260,96.59,completed,
O0003883,U015028,control,2026-07-05 04:01:09.643964930,60.69,completed,
O0003884,U015030,treatment,2026-07-09 11:51:10.000449898,64.44,completed,
O0003885,U015031,treatment,2026-07-13 03:57:59.749179714,92.98,refunded,2026-07-20 03:57:59.749179714
O0003886,U015037,treatment,2026-07-13 21:26:24.054955620,140.52,completed,
O0003887,U015038,treatment,2026-07-07 04:38:39.140428722,67.4,completed,
O0003888,U015039,control,2026-07-06 07:05:38.978724296,55.83,completed,
O0003889,U015042,treatment,2026-07-12 10:13:36.677365252,86.38,completed,
O0003890,U015049,control,2026-07-15 00:31:47.389294808,80.29,completed,
O0003891,U015058,control,2026-07-13 19:51:26.454774072,111.7,refunded,2026-07-20 19:51:26.454774072
O0003892,U015059,control,2026-07-06 02:50:52.922911456,42.9,completed,
O0003893,U015062,treatment,2026-07-15 00:17:27.175884098,24.02,completed,
O0003894,U015063,treatment,2026-07-01 12:55:11.416138004,82.8,completed,
O0003895,U015068,treatment,2026-07-02 01:58:57.616962290,106.85,completed,
O0003896,U015071,control,2026-07-10 20:30:41.468423220,97.28,completed,
O0003897,U015082,control,2026-07-08 14:51:05.973918566,97.0,completed,
O0003898,U015087,treatment,2026-07-10 03:15:24.741825198,139.06,completed,
O0003899,U015089,treatment,2026-07-07 06:03:55.418501134,67.3,completed,
O0003900,U015090,control,2026-07-11 00:42:00.152963408,72.65,completed,
O0003901,U015092,treatment,2026-07-06 07:20:24.513393192,64.98,completed,
O0003902,U015096,control,2026-07-14 08:48:05.198682627,69.9,completed,
O0003903,U015097,control,2026-07-06 07:13:10.718785196,136.13,completed,
O0003904,U015111,control,2026-07-08 09:44:58.391623532,65.35,completed,
O0003905,U015116,treatment,2026-07-06 21:58:35.591144542,139.36,completed,
O0003906,U015121,control,2026-07-08 21:19:18.362834416,53.39,completed,
O0003907,U015129,control,2026-07-11 10:36:08.715692261,198.73,completed,
O0003908,U015139,control,2026-07-13 09:04:55.666909774,52.04,completed,
O0003909,U015144,treatment,2026-07-11 07:28:00.047853044,75.14,completed,
O0003910,U015159,control,2026-07-07 12:03:30.164980990,51.12,completed,
O0003911,U015165,treatment,2026-07-06 13:15:59.674787076,72.73,completed,
O0003912,U015168,treatment,2026-07-10 00:00:25.464544552,164.21,completed,
O0003913,U015174,treatment,2026-07-05 08:35:41.067037658,62.28,completed,
O0003914,U015175,treatment,2026-07-04 20:07:56.679064934,78.33,completed,
O0003915,U015178,control,2026-07-07 14:55:06.918452046,114.85,completed,
O0003916,U015180,control,2026-07-14 12:51:52.283141828,77.02,completed,
O0003917,U015184,control,2026-07-10 09:23:38.309420987,138.77,completed,
O0003918,U015186,control,2026-07-11 17:21:14.525177588,76.58,completed,
O0003919,U015187,control,2026-07-12 10:23:19.646593892,165.09,completed,
O0003920,U015190,treatment,2026-07-14 09:28:53.575776400,192.11,completed,
O0003921,U015192,control,2026-07-04 17:37:54.911043634,108.33,completed,
O0003922,U015194,control,2026-07-14 14:45:24.926999828,165.43,completed,
O0003923,U015201,treatment,2026-07-12 17:41:27.806233244,72.17,refunded,2026-07-19 17:41:27.806233244
O0003924,U015205,control,2026-07-08 17:18:03.742878906,189.69,completed,
O0003925,U015215,treatment,2026-07-10 22:43:15.736163504,68.3,completed,
O0003926,U015216,control,2026-07-10 17:33:41.554817102,77.3,completed,
O0003927,U015227,control,2026-07-11 18:30:27.151986862,113.54,completed,
O0003928,U015229,treatment,2026-07-07 05:31:10.054411022,43.21,refunded,2026-07-11 05:31:10.054411022
O0003929,U015235,control,2026-07-12 18:11:47.091934494,92.3,completed,
O0003930,U015236,control,2026-07-05 01:58:08.528819398,75.25,completed,
O0003931,U015239,control,2026-07-05 00:02:05.705729192,61.22,completed,
O0003932,U015244,treatment,2026-07-13 19:19:56.331262942,81.88,completed,
O0003933,U015245,treatment,2026-07-02 15:53:25.867505266,121.93,completed,
O0003934,U015252,treatment,2026-07-10 19:09:33.789047772,102.03,completed,
O0003935,U015258,treatment,2026-07-12 11:05:22.262784294,61.55,completed,
O0003936,U015264,control,2026-07-05 00:37:49.670805886,121.96,completed,
O0003937,U015268,treatment,2026-07-14 23:39:22.006038722,60.83,completed,
O0003938,U015269,control,2026-07-04 02:43:45.975191644,106.36,completed,
O0003939,U015270,control,2026-07-06 08:41:47.139948126,48.42,cancelled,2026-07-07 08:41:47.139948126
O0003940,U015272,treatment,2026-07-02 06:24:09.564022624,174.86,completed,
O0003941,U015274,treatment,2026-07-13 16:42:10.263400768,63.96,completed,
O0003942,U015278,control,2026-07-04 23:21:47.816852166,91.23,completed,
O0003943,U015279,control,2026-07-11 08:19:20.680593724,59.67,completed,
O0003944,U015283,treatment,2026-07-05 04:50:55.108645467,129.84,completed,
O0003945,U015284,treatment,2026-07-07 14:00:35.170524374,76.82,completed,
O0003946,U015285,treatment,2026-07-02 14:01:59.466543390,57.55,completed,
O0003947,U015286,control,2026-07-12 13:03:34.609174850,61.98,completed,
O0003948,U015294,treatment,2026-07-12 00:41:42.058968332,144.56,completed,
O0003949,U015299,treatment,2026-07-11 11:35:55.085980636,49.78,completed,
O0003950,U015307,treatment,2026-07-13 20:55:04.355438903,148.1,completed,
O0003951,U015321,control,2026-07-15 00:09:17.033096432,108.68,completed,
O0003952,U015336,treatment,2026-07-01 13:57:59.273926310,103.96,completed,
O0003953,U015342,treatment,2026-07-05 21:38:20.267486919,62.62,completed,
O0003954,U015343,treatment,2026-07-05 08:10:47.563670584,121.79,cancelled,2026-07-07 08:10:47.563670584
O0003955,U015344,treatment,2026-07-12 06:36:29.309339810,77.7,completed,
O0003956,U015345,treatment,2026-07-10 12:41:48.852950091,94.59,completed,
O0003957,U015348,control,2026-07-08 05:19:46.461551754,51.14,completed,
O0003958,U015353,control,2026-07-11 13:23:59.366137524,108.52,completed,
O0003959,U015356,treatment,2026-07-07 05:38:46.793212272,75.55,completed,
O0003960,U015357,treatment,2026-07-14 09:52:54.648167042,181.93,completed,
O0003961,U015358,treatment,2026-07-13 22:33:40.038713871,98.14,completed,
O0003962,U015360,control,2026-07-02 12:55:19.271482454,47.83,completed,
O0003963,U015361,control,2026-07-08 09:25:40.549207352,56.39,completed,
O0003964,U015367,treatment,2026-07-04 04:40:40.115630116,78.93,completed,
O0003965,U015369,control,2026-07-05 03:13:13.397826468,33.61,completed,
O0003966,U015372,treatment,2026-07-07 02:19:23.656312578,49.35,completed,
O0003967,U015373,treatment,2026-07-01 12:29:13.400708126,101.2,completed,
O0003968,U015375,treatment,2026-07-06 02:28:48.058541824,195.47,refunded,2026-07-09 02:28:48.058541824
O0003969,U015385,treatment,2026-07-02 21:24:22.611399183,52.97,completed,
O0003970,U015387,control,2026-07-08 00:54:57.224807972,112.04,completed,
O0003971,U015391,treatment,2026-07-09 23:33:52.262756106,88.92,refunded,2026-07-12 23:33:52.262756106
O0003972,U015397,treatment,2026-07-12 02:35:40.111559614,48.62,completed,
O0003973,U015399,control,2026-07-08 17:12:35.181521084,152.1,completed,
O0003974,U015400,treatment,2026-07-08 04:11:16.094996556,75.66,completed,
O0003975,U015411,treatment,2026-07-11 16:34:10.412928536,86.18,completed,
O0003976,U015416,control,2026-07-05 06:47:29.155822356,61.85,completed,
O0003977,U015417,treatment,2026-07-05 09:43:11.773049738,91.24,completed,
O0003978,U015420,control,2026-07-02 21:44:45.378450564,87.12,completed,
O0003979,U015424,treatment,2026-07-11 06:30:45.169422334,149.34,completed,
O0003980,U015428,treatment,2026-07-05 11:04:39.150111756,125.53,completed,
O0003981,U015429,treatment,2026-07-03 01:08:49.638394248,61.58,completed,
O0003982,U015433,treatment,2026-07-05 12:51:44.315163892,87.96,completed,
O0003983,U015437,control,2026-07-10 23:28:13.099441792,43.48,completed,
O0003984,U015447,treatment,2026-07-03 13:04:18.513938928,93.02,completed,
O0003985,U015450,control,2026-07-06 18:20:53.288278660,62.11,completed,
O0003986,U015451,treatment,2026-07-07 11:15:12.936727852,99.52,completed,
O0003987,U015454,treatment,2026-07-05 02:50:01.393740874,174.38,completed,
O0003988,U015456,treatment,2026-07-02 12:48:40.255474512,118.77,completed,
O0003989,U015459,treatment,2026-07-03 10:53:03.212411518,54.11,completed,
O0003990,U015463,treatment,2026-07-04 08:44:12.376344320,62.7,completed,
O0003991,U015469,treatment,2026-07-03 12:55:48.163934246,73.32,completed,
O0003992,U015471,treatment,2026-07-11 23:40:20.046103722,122.56,completed,
O0003993,U015482,control,2026-07-08 18:28:01.890114076,95.29,completed,
O0003994,U015491,treatment,2026-07-06 06:05:08.459718038,138.68,completed,
O0003995,U015494,treatment,2026-07-01 14:35:08.273583978,285.2,completed,
O0003996,U015495,treatment,2026-07-10 03:30:35.945342880,72.84,completed,
O0003997,U015496,control,2026-07-13 14:53:59.443774448,93.17,completed,
O0003998,U015503,treatment,2026-07-03 00:48:38.479599034,78.55,completed,
O0003999,U015504,control,2026-07-01 07:52:41.122017802,100.78,completed,
O0004000,U015515,treatment,2026-07-02 03:21:36.301254236,73.97,completed,
O0004001,U015521,treatment,2026-07-05 07:04:04.360987840,68.09,completed,
O0004002,U015522,control,2026-07-04 12:34:10.616835374,103.29,completed,
O0004003,U015524,control,2026-07-13 23:15:00.411468100,62.76,completed,
O0004004,U015535,control,2026-07-13 06:56:30.347795540,72.63,completed,
O0004005,U015536,control,2026-07-13 16:05:10.096019006,37.88,completed,
O0004006,U015537,control,2026-07-08 10:25:21.903377776,166.04,completed,
O0004007,U015538,treatment,2026-07-05 03:16:24.630299040,67.36,completed,
O0004008,U015541,treatment,2026-07-11 17:18:24.822174510,120.29,completed,
O0004009,U015552,treatment,2026-07-08 17:33:20.453541628,219.56,completed,
O0004010,U015553,treatment,2026-07-07 09:10:06.420901436,89.66,completed,
O0004011,U015556,control,2026-07-05 02:40:09.596799357,89.58,completed,
O0004012,U015559,control,2026-07-11 17:41:41.900758418,83.95,completed,
O0004013,U015562,control,2026-07-10 05:37:19.121210944,86.71,completed,
O0004014,U015564,treatment,2026-07-04 16:46:45.291733106,80.59,completed,
O0004015,U015568,control,2026-07-14 01:47:27.439434472,115.88,completed,
O0004016,U015569,control,2026-07-10 21:36:41.643315760,220.82,completed,
O0004017,U015570,treatment,2026-07-08 01:42:03.255243644,38.53,completed,
O0004018,U015573,control,2026-07-11 16:21:14.186857568,63.17,completed,
O0004019,U015579,control,2026-07-02 06:15:48.455739478,231.31,completed,
O0004020,U015582,treatment,2026-07-06 15:49:57.692013576,110.48,completed,
O0004021,U015586,control,2026-07-05 17:06:55.443740824,61.4,completed,
O0004022,U015591,treatment,2026-07-14 22:55:59.584071908,62.99,completed,
O0004023,U015592,control,2026-07-02 03:16:32.049436574,160.62,completed,
O0004024,U015610,treatment,2026-07-01 12:47:44.991932504,173.76,completed,
O0004025,U015611,treatment,2026-07-13 12:35:54.233854813,88.61,completed,
O0004026,U015614,treatment,2026-07-08 12:11:14.905301064,89.76,completed,
O0004027,U015616,treatment,2026-07-03 11:21:05.138916444,73.13,completed,
O0004028,U015625,control,2026-07-11 03:07:10.744460244,136.35,completed,
O0004029,U015628,control,2026-07-03 12:56:50.634947254,45.76,completed,
O0004030,U015629,control,2026-07-04 14:54:02.133087480,211.21,completed,
O0004031,U015634,treatment,2026-07-12 09:39:19.134808184,121.93,completed,
O0004032,U015637,treatment,2026-07-10 13:58:12.320923008,93.06,completed,
O0004033,U015655,control,2026-07-11 01:29:07.803337200,67.96,completed,
O0004034,U015658,treatment,2026-07-02 15:19:06.107317424,102.1,completed,
O0004035,U015666,control,2026-07-03 00:10:55.043095752,149.7,completed,
O0004036,U015672,control,2026-07-13 15:48:47.440305154,151.16,completed,
O0004037,U015673,treatment,2026-07-09 13:50:45.430487174,63.66,completed,
O0004038,U015678,control,2026-07-06 08:07:25.356003432,258.11,completed,
O0004039,U015684,control,2026-07-07 18:16:26.423337984,134.78,completed,
O0004040,U015686,control,2026-07-12 06:19:09.815744506,126.79,completed,
O0004041,U015699,treatment,2026-07-12 13:53:46.989815244,24.44,completed,
O0004042,U015702,treatment,2026-07-09 13:41:17.984062106,179.48,completed,
O0004043,U015707,treatment,2026-07-04 12:29:37.777606670,90.26,completed,
O0004044,U015715,treatment,2026-07-04 08:23:18.795647384,88.61,completed,
O0004045,U015720,control,2026-07-10 14:45:22.459075332,96.41,completed,
O0004046,U015723,control,2026-07-09 21:01:27.242801982,157.49,completed,
O0004047,U015732,treatment,2026-07-07 01:36:10.022858296,118.01,completed,
O0004048,U015737,control,2026-07-14 12:10:16.109589008,48.62,completed,
O0004049,U015738,treatment,2026-07-11 00:14:40.438807806,91.12,completed,
O0004050,U015740,treatment,2026-07-08 12:15:45.205263216,77.9,completed,
O0004051,U015745,control,2026-07-03 13:52:00.835664968,90.82,completed,
O0004052,U015746,control,2026-07-12 02:18:44.494012214,56.93,completed,
O0004053,U015748,control,2026-07-14 07:00:56.844351506,196.48,completed,
O0004054,U015750,control,2026-07-13 08:58:25.234400476,174.32,completed,
O0004055,U015759,treatment,2026-07-06 01:12:05.831336554,57.44,completed,
O0004056,U015760,control,2026-07-03 22:06:58.876015960,168.96,completed,
O0004057,U015769,control,2026-07-02 18:32:49.970312566,121.85,completed,
O0004058,U015773,control,2026-07-03 06:23:02.788481478,191.45,completed,
O0004059,U015774,treatment,2026-07-10 17:37:55.588427278,66.02,completed,
O0004060,U015775,control,2026-07-03 20:14:26.051586770,188.75,completed,
O0004061,U015776,treatment,2026-07-08 04:44:15.659943572,74.79,completed,
O0004062,U015780,treatment,2026-07-15 00:34:11.502101264,124.38,completed,
O0004063,U015782,control,2026-07-14 05:31:59.379492638,64.72,completed,
O0004064,U015784,treatment,2026-07-14 02:39:12.881935207,53.1,completed,
O0004065,U015785,control,2026-07-01 15:54:26.220870062,85.92,completed,
O0004066,U015787,treatment,2026-07-09 03:32:19.716778056,50.72,completed,
O0004067,U015789,treatment,2026-07-05 15:07:53.917690790,86.08,completed,
O0004068,U015790,control,2026-07-05 04:46:41.322607116,84.62,completed,
O0004069,U015794,treatment,2026-07-11 13:07:08.965149558,68.16,completed,
O0004070,U015804,control,2026-07-01 09:05:44.467224336,95.6,completed,
O0004071,U015806,control,2026-07-08 20:32:32.538390910,67.35,completed,
O0004072,U015808,control,2026-07-07 02:44:30.113779102,52.11,completed,
O0004073,U015809,control,2026-07-11 11:11:42.834783750,57.13,completed,
O0004074,U015815,control,2026-07-08 15:47:30.256393790,66.75,completed,
O0004075,U015818,treatment,2026-07-03 08:14:24.125589658,100.61,completed,
O0004076,U015831,control,2026-07-04 19:25:00.351000652,79.35,completed,
O0004077,U015832,control,2026-07-02 00:38:38.786225556,35.56,completed,
O0004078,U015838,treatment,2026-07-09 02:36:33.923909836,97.44,completed,
O0004079,U015842,treatment,2026-07-01 17:37:01.203536378,73.77,completed,
O0004080,U015843,treatment,2026-07-01 11:10:32.734814584,47.01,completed,
O0004081,U015848,treatment,2026-07-07 11:10:11.564204380,67.85,completed,
O0004082,U015851,treatment,2026-07-04 14:12:18.286735888,55.16,completed,
O0004083,U015852,control,2026-07-07 14:57:06.582529210,80.5,completed,
O0004084,U015856,treatment,2026-07-03 13:09:45.640408714,55.37,completed,
O0004085,U015857,control,2026-07-03 13:34:34.663846666,123.0,completed,
O0004086,U015859,control,2026-07-01 18:06:03.114317582,79.04,completed,
O0004087,U015864,control,2026-07-07 20:01:33.752561060,48.28,completed,
O0004088,U015871,treatment,2026-07-11 01:04:08.924249018,74.0,completed,
O0004089,U015882,control,2026-07-14 22:58:00.197822076,63.86,completed,
O0004090,U015883,control,2026-07-13 07:02:20.497425986,97.81,completed,
O0004091,U015887,treatment,2026-07-12 08:06:47.842201064,76.6,completed,
O0004092,U015890,treatment,2026-07-07 02:10:47.864024860,125.83,completed,
O0004093,U015896,treatment,2026-07-05 14:19:43.163258882,61.42,completed,
O0004094,U015899,treatment,2026-07-11 22:31:31.082966490,55.4,completed,
O0004095,U015902,treatment,2026-07-02 20:49:32.108643860,64.76,completed,
O0004096,U015905,control,2026-07-07 00:57:27.456632941,189.46,completed,
O0004097,U015908,treatment,2026-07-10 06:15:22.851982842,108.63,completed,
O0004098,U015913,control,2026-07-04 05:41:39.618541190,123.97,completed,
O0004099,U015918,control,2026-07-06 21:56:53.088897612,57.24,completed,
O0004100,U015919,treatment,2026-07-07 12:00:45.300533822,54.81,completed,
O0004101,U015921,treatment,2026-07-14 03:51:06.226555486,40.6,refunded,2026-07-16 03:51:06.226555486
O0004102,U015923,treatment,2026-07-05 17:55:01.747347356,47.09,completed,
O0004103,U015925,control,2026-07-11 14:01:57.364593082,45.75,completed,
O0004104,U015932,treatment,2026-07-10 21:52:06.067269602,71.05,completed,
O0004105,U015934,control,2026-07-14 17:39:15.329867264,32.59,completed,
O0004106,U015937,treatment,2026-07-13 22:36:42.331013584,77.75,completed,
O0004107,U015938,control,2026-07-14 11:14:37.910562350,88.17,completed,
O0004108,U015941,treatment,2026-07-07 23:53:31.389979466,141.09,completed,
O0004109,U015942,treatment,2026-07-07 13:46:07.340419052,65.73,completed,
O0004110,U015943,control,2026-07-02 11:43:21.621193712,65.74,completed,
O0004111,U015944,treatment,2026-07-05 23:53:43.695648370,95.99,completed,
O0004112,U015945,control,2026-07-09 10:51:16.003157210,75.7,completed,
O0004113,U015946,control,2026-07-11 05:34:31.466959900,256.42,completed,
O0004114,U015947,treatment,2026-07-14 11:47:12.751491130,88.57,completed,
O0004115,U015951,treatment,2026-07-02 21:20:07.475894546,126.61,completed,
O0004116,U015952,control,2026-07-13 14:05:26.535835172,41.18,completed,
O0004117,U015954,treatment,2026-07-01 21:30:07.336412738,66.66,completed,
O0004118,U015960,treatment,2026-07-10 14:35:56.953227976,156.31,completed,
O0004119,U015964,control,2026-07-07 04:47:11.498961976,104.23,completed,
O0004120,U015965,treatment,2026-07-03 22:59:49.108413488,105.45,completed,
O0004121,U015966,treatment,2026-07-04 02:30:43.212513606,64.56,completed,
O0004122,U015967,control,2026-07-02 03:50:24.191902320,255.9,completed,
O0004123,U015981,control,2026-07-06 04:56:02.371007452,109.23,completed,
O0004124,U015982,control,2026-07-12 15:22:47.072339894,50.82,completed,
O0004125,U015986,treatment,2026-07-11 04:14:11.720588830,80.34,completed,
O0004126,U015991,control,2026-07-06 16:40:46.326118826,92.66,completed,
O0004127,U015995,control,2026-07-05 04:41:54.404186988,68.5,completed,
O0004128,U016002,control,2026-07-12 02:50:04.004014334,135.8,completed,
O0004129,U016006,control,2026-07-07 18:42:55.552813078,109.31,completed,
O0004130,U016011,control,2026-07-09 14:52:58.166428940,137.91,completed,
O0004131,U016014,treatment,2026-07-14 04:48:11.518122031,32.69,completed,
O0004132,U016018,treatment,2026-07-07 08:20:20.220632130,67.62,completed,
O0004133,U016022,treatment,2026-07-08 02:10:12.327053892,74.72,completed,
O0004134,U016027,treatment,2026-07-13 11:37:55.272500972,202.52,completed,
O0004135,U016035,treatment,2026-07-09 00:37:55.595477260,30.43,cancelled,2026-07-12 00:37:55.595477260
O0004136,U016038,control,2026-07-01 21:29:34.325196696,79.98,completed,
O0004137,U016039,control,2026-07-10 10:19:38.805054441,134.87,completed,
O0004138,U016042,control,2026-07-10 01:11:21.450254036,88.82,completed,
O0004139,U016046,control,2026-07-01 03:29:33.187957598,68.79,completed,
O0004140,U016048,treatment,2026-07-07 09:13:20.844961984,90.63,completed,
O0004141,U016050,control,2026-07-14 19:17:46.790832992,127.19,completed,
O0004142,U016053,control,2026-07-13 11:08:12.763141300,72.44,completed,
O0004143,U016055,treatment,2026-07-06 23:39:44.101376138,143.0,completed,
O0004144,U016058,control,2026-07-05 02:10:21.686986774,58.01,completed,
O0004145,U016061,treatment,2026-07-13 01:47:57.430465660,102.15,completed,
O0004146,U016062,treatment,2026-07-09 00:09:43.227662063,41.4,completed,
O0004147,U016070,treatment,2026-07-08 06:00:00.006250692,58.24,completed,
O0004148,U016077,treatment,2026-07-12 11:46:58.323173633,87.6,cancelled,2026-07-13 11:46:58.323173633
O0004149,U016079,control,2026-07-09 21:44:54.009635444,80.81,completed,
O0004150,U016082,treatment,2026-07-03 15:44:14.116532912,187.72,completed,
O0004151,U016088,control,2026-07-06 06:36:48.120461064,76.46,completed,
O0004152,U016091,treatment,2026-07-05 16:05:34.079462658,148.21,completed,
O0004153,U016093,treatment,2026-07-11 03:27:46.667038726,176.61,completed,
O0004154,U016094,treatment,2026-07-12 02:03:41.125173984,91.51,completed,
O0004155,U016109,treatment,2026-07-02 10:52:37.889184066,77.17,completed,
O0004156,U016110,control,2026-07-14 13:24:20.266419854,46.41,completed,
O0004157,U016112,treatment,2026-07-15 00:06:32.995872110,117.7,completed,
O0004158,U016114,control,2026-07-02 04:18:31.381417912,233.8,completed,
O0004159,U016117,treatment,2026-07-10 03:23:29.092958568,75.21,completed,
O0004160,U016132,control,2026-07-12 18:20:54.675463780,62.47,completed,
O0004161,U016134,treatment,2026-07-06 20:45:09.066639482,148.03,completed,
O0004162,U016145,control,2026-07-07 08:13:20.481603002,82.29,completed,
O0004163,U016151,control,2026-07-05 17:31:12.098942558,151.77,completed,
O0004164,U016152,control,2026-07-11 14:55:19.505895126,61.41,completed,
O0004165,U016156,treatment,2026-07-11 07:15:58.791831362,65.74,completed,
O0004166,U016161,treatment,2026-07-10 20:02:56.432319296,161.02,completed,
O0004167,U016166,control,2026-07-12 22:11:32.814494582,102.43,cancelled,2026-07-15 22:11:32.814494582
O0004168,U016175,control,2026-07-13 15:28:56.494265602,129.52,completed,
O0004169,U016176,control,2026-07-14 01:27:25.576150852,139.01,completed,
O0004170,U016178,control,2026-07-11 14:42:18.220721945,52.17,completed,
O0004171,U016180,control,2026-07-06 20:54:08.549149004,83.69,completed,
O0004172,U016182,control,2026-07-12 13:47:09.486109756,157.44,completed,
O0004173,U016190,control,2026-07-02 01:41:27.470819160,112.84,completed,
O0004174,U016194,control,2026-07-12 21:12:35.857618086,101.64,completed,
O0004175,U016206,treatment,2026-07-06 06:13:12.780160680,35.65,completed,
O0004176,U016209,control,2026-07-01 07:03:45.595645220,57.72,completed,
O0004177,U016219,treatment,2026-07-08 15:28:42.568854604,120.58,completed,
O0004178,U016222,treatment,2026-07-13 21:37:38.928434528,227.85,completed,
O0004179,U016233,treatment,2026-07-13 07:26:16.926905586,46.5,completed,
O0004180,U016237,treatment,2026-07-07 23:50:16.482890148,105.39,completed,
O0004181,U016246,control,2026-07-05 03:17:39.212346970,91.1,completed,
O0004182,U016249,treatment,2026-07-04 00:11:18.323844640,94.32,completed,
O0004183,U016253,control,2026-07-02 02:43:03.877559788,93.23,completed,
O0004184,U016256,treatment,2026-07-12 00:01:10.780686916,159.24,completed,
O0004185,U016262,control,2026-07-08 00:55:51.194525236,118.66,completed,
O0004186,U016263,treatment,2026-07-05 10:58:15.347255006,121.86,completed,
O0004187,U016269,control,2026-07-03 09:31:20.801123222,61.23,completed,
O0004188,U016275,control,2026-07-06 11:59:20.243501766,229.7,completed,
O0004189,U016284,control,2026-07-08 13:05:55.663554796,221.96,completed,
O0004190,U016292,control,2026-07-09 06:58:03.517888505,122.11,completed,
O0004191,U016294,treatment,2026-07-09 15:26:26.220715814,75.63,completed,
O0004192,U016300,control,2026-07-05 10:29:14.935776672,209.63,completed,
O0004193,U016301,treatment,2026-07-12 07:17:33.111809390,67.03,completed,
O0004194,U016302,control,2026-07-05 08:30:37.970932038,87.79,completed,
O0004195,U016304,treatment,2026-07-11 16:25:38.147920066,98.16,completed,
O0004196,U016305,treatment,2026-07-07 19:23:51.163015422,113.72,completed,
O0004197,U016306,control,2026-07-12 05:26:35.554312852,83.78,completed,
O0004198,U016307,treatment,2026-07-13 16:35:50.104916408,49.72,cancelled,2026-07-14 16:35:50.104916408
O0004199,U016316,treatment,2026-07-07 15:51:23.320856081,69.07,completed,
O0004200,U016319,treatment,2026-07-10 06:58:23.005795492,53.89,completed,
O0004201,U016326,control,2026-07-09 17:12:40.014867962,155.28,completed,
O0004202,U016330,control,2026-07-13 14:00:27.862565940,97.45,completed,
O0004203,U016334,control,2026-07-07 21:05:50.232923780,88.88,completed,
O0004204,U016335,treatment,2026-07-09 09:41:15.786300774,68.14,completed,
O0004205,U016338,treatment,2026-07-14 13:52:08.507434939,44.6,completed,
O0004206,U016342,control,2026-07-05 11:33:21.724253346,113.13,completed,
O0004207,U016347,control,2026-07-01 11:22:12.888822616,89.94,completed,
O0004208,U016351,treatment,2026-07-10 14:07:47.374349298,100.58,completed,
O0004209,U016354,treatment,2026-07-08 20:26:26.800804444,88.79,completed,
O0004210,U016361,treatment,2026-07-12 07:44:17.875678668,72.87,completed,
O0004211,U016363,control,2026-07-04 05:10:58.756318752,137.39,completed,
O0004212,U016377,control,2026-07-14 09:47:55.212081326,162.64,completed,
O0004213,U016378,control,2026-07-01 06:54:17.140686668,69.1,completed,
O0004214,U016391,control,2026-07-12 02:05:34.331959042,36.69,completed,
O0004215,U016392,control,2026-07-08 21:00:17.442246924,86.72,completed,
O0004216,U016393,treatment,2026-07-01 22:33:28.856787566,119.1,completed,
O0004217,U016395,control,2026-07-10 16:19:03.127917104,83.72,completed,
O0004218,U016400,treatment,2026-07-11 10:34:44.177699520,46.5,completed,
O0004219,U016403,control,2026-07-11 02:39:37.866427384,72.34,completed,
O0004220,U016406,treatment,2026-07-05 20:47:47.137434386,123.84,completed,
O0004221,U016407,treatment,2026-07-01 02:40:41.294349716,73.26,completed,
O0004222,U016408,control,2026-07-06 00:32:56.659264846,82.21,completed,
O0004223,U016422,treatment,2026-07-06 09:20:38.769924959,84.94,completed,
O0004224,U016429,treatment,2026-07-02 16:20:51.674037020,111.96,completed,
O0004225,U016442,treatment,2026-07-04 17:35:08.281177440,66.64,completed,
O0004226,U016445,treatment,2026-07-07 10:05:05.915629890,92.88,completed,
O0004227,U016448,control,2026-07-01 17:27:56.731802922,39.17,completed,
O0004228,U016452,treatment,2026-07-01 08:16:01.016375058,59.76,completed,
O0004229,U016461,treatment,2026-07-12 01:34:22.464584690,194.78,completed,
O0004230,U016463,control,2026-07-08 10:10:28.694218624,194.69,refunded,2026-07-15 10:10:28.694218624
O0004231,U016466,treatment,2026-07-02 14:18:58.612101065,86.64,completed,
O0004232,U016470,control,2026-07-01 10:21:56.479407038,38.76,completed,
O0004233,U016474,control,2026-07-04 18:40:36.908419798,137.76,completed,
O0004234,U016475,treatment,2026-07-14 01:22:28.256379506,63.08,refunded,2026-07-20 01:22:28.256379506
O0004235,U016479,treatment,2026-07-04 07:55:30.109810338,93.27,completed,
O0004236,U016484,treatment,2026-07-01 18:59:02.031896098,84.64,completed,
O0004237,U016485,treatment,2026-07-10 05:43:01.990241142,109.51,completed,
O0004238,U016497,control,2026-07-04 21:26:48.869603212,79.17,completed,
O0004239,U016500,treatment,2026-07-05 08:13:00.845613204,104.92,completed,
O0004240,U016501,control,2026-07-10 18:18:07.711329924,134.17,refunded,2026-07-17 18:18:07.711329924
O0004241,U016503,control,2026-07-13 09:59:16.357304502,109.27,completed,
O0004242,U016506,treatment,2026-07-02 03:18:38.291768154,43.37,completed,
O0004243,U016509,control,2026-07-09 09:36:01.195951884,57.4,completed,
O0004244,U016511,treatment,2026-07-05 08:22:37.156695234,69.14,completed,
O0004245,U016513,treatment,2026-07-13 08:42:46.794221424,110.43,completed,
O0004246,U016519,control,2026-07-08 11:57:47.890072950,55.59,completed,
O0004247,U016520,treatment,2026-07-09 18:09:27.344998648,92.9,completed,
O0004248,U016524,treatment,2026-07-05 22:25:18.419501572,61.03,completed,
O0004249,U016525,treatment,2026-07-02 06:02:35.132371270,197.62,completed,
O0004250,U016526,treatment,2026-07-05 08:24:13.955646250,124.99,completed,
O0004251,U016535,treatment,2026-07-03 16:48:44.688537546,19.24,completed,
O0004252,U016536,treatment,2026-07-06 23:27:06.879088230,29.84,completed,
O0004253,U016538,control,2026-07-14 21:51:52.335438634,124.96,completed,
O0004254,U016542,control,2026-07-06 13:57:53.327737623,107.43,completed,
O0004255,U016547,control,2026-07-14 01:56:52.463098796,113.48,completed,
O0004256,U016548,treatment,2026-07-02 16:13:34.741717176,73.92,completed,
O0004257,U016551,control,2026-07-09 15:48:26.544833846,108.29,completed,
O0004258,U016555,treatment,2026-07-08 04:32:04.541505122,87.54,completed,
O0004259,U016569,control,2026-07-01 20:29:34.563695494,301.99,completed,
O0004260,U016573,treatment,2026-07-07 21:15:17.219825388,310.52,completed,
O0004261,U016575,control,2026-07-07 00:26:14.979849276,64.63,completed,
O0004262,U016577,treatment,2026-07-07 10:27:32.860484558,70.85,completed,
O0004263,U016580,control,2026-07-06 06:09:26.312479670,109.27,completed,
O0004264,U016584,control,2026-07-03 16:04:22.609732036,164.21,completed,
O0004265,U016585,control,2026-07-07 17:36:59.413891282,112.27,completed,
O0004266,U016589,treatment,2026-07-03 10:19:32.834066230,69.67,completed,
O0004267,U016593,treatment,2026-07-13 01:27:02.014629295,162.64,completed,
O0004268,U016595,treatment,2026-07-06 15:28:57.031612659,91.01,completed,
O0004269,U016602,control,2026-07-04 14:20:30.301083220,150.94,completed,
O0004270,U016604,control,2026-07-06 23:05:17.357565132,125.28,completed,
O0004271,U016608,treatment,2026-07-11 02:45:46.727119930,173.54,completed,
O0004272,U016610,control,2026-07-10 01:48:28.098932384,54.71,completed,
O0004273,U016634,treatment,2026-07-09 10:59:07.810883530,107.54,completed,
O0004274,U016639,treatment,2026-07-02 09:24:25.067092914,67.94,completed,
O0004275,U016643,treatment,2026-07-12 19:45:46.170332820,171.3,completed,
O0004276,U016649,treatment,2026-07-09 17:22:37.291301198,74.05,completed,
O0004277,U016653,treatment,2026-07-12 12:19:39.455760308,60.26,completed,
O0004278,U016659,control,2026-07-13 19:55:45.718453904,78.61,completed,
O0004279,U016661,control,2026-07-07 23:55:46.049695984,79.15,completed,
O0004280,U016663,control,2026-07-08 20:29:25.007345926,127.62,completed,
O0004281,U016664,control,2026-07-10 07:23:56.467803368,129.07,completed,
O0004282,U016668,control,2026-07-01 03:00:07.956818514,127.46,completed,
O0004283,U016669,control,2026-07-04 21:56:25.004076276,63.94,completed,
O0004284,U016670,control,2026-07-07 08:09:32.330899554,82.01,completed,
O0004285,U016671,treatment,2026-07-11 22:18:52.110958694,59.83,completed,
O0004286,U016672,treatment,2026-07-06 14:06:11.027017562,58.14,completed,
O0004287,U016677,treatment,2026-07-02 11:11:01.113070496,112.4,completed,
O0004288,U016680,treatment,2026-07-11 23:24:21.015644200,130.12,completed,
O0004289,U016686,treatment,2026-07-10 19:51:43.593674850,63.26,completed,
O0004290,U016687,treatment,2026-07-06 05:03:57.799432166,67.67,completed,
O0004291,U016705,treatment,2026-07-02 01:13:32.610045106,126.47,completed,
O0004292,U016711,treatment,2026-07-12 12:09:49.094787790,37.48,completed,
O0004293,U016715,control,2026-07-15 00:30:17.717273576,135.13,completed,
O0004294,U016716,control,2026-07-05 23:59:20.003624626,82.88,completed,
O0004295,U016722,treatment,2026-07-15 00:14:45.079235192,142.57,completed,
O0004296,U016723,control,2026-07-09 07:57:44.036836952,102.25,completed,
O0004297,U016724,control,2026-07-02 16:14:00.542065376,59.39,refunded,2026-07-05 16:14:00.542065376
O0004298,U016729,control,2026-07-03 11:56:04.516868788,39.5,completed,
O0004299,U016732,treatment,2026-07-05 21:18:07.605150032,93.31,completed,
O0004300,U016740,treatment,2026-07-07 18:57:19.372589982,73.92,completed,
O0004301,U016750,control,2026-07-07 19:28:47.819643750,97.55,completed,
O0004302,U016751,treatment,2026-07-13 19:34:09.996064016,39.46,completed,
O0004303,U016753,control,2026-07-06 11:17:28.290523988,35.2,completed,
O0004304,U016754,control,2026-07-09 13:02:27.657392762,179.47,cancelled,2026-07-12 13:02:27.657392762
O0004305,U016755,control,2026-07-09 15:52:01.227651339,130.35,completed,
O0004306,U016758,control,2026-07-03 07:39:36.598502384,73.2,completed,
O0004307,U016759,control,2026-07-01 23:49:29.900289392,67.31,completed,
O0004308,U016762,treatment,2026-07-07 03:35:46.575549288,188.74,completed,
O0004309,U016764,control,2026-07-04 18:41:45.289561537,160.39,cancelled,2026-07-10 18:41:45.289561537
O0004310,U016779,control,2026-07-04 09:52:46.675510212,100.19,refunded,2026-07-05 09:52:46.675510212
O0004311,U016781,treatment,2026-07-08 18:46:49.443197900,46.35,completed,
O0004312,U016791,treatment,2026-07-01 11:21:42.809241738,64.24,cancelled,2026-07-06 11:21:42.809241738
O0004313,U016793,treatment,2026-07-05 00:35:28.946263008,69.97,completed,
O0004314,U016797,treatment,2026-07-10 08:15:21.204079104,60.73,completed,
O0004315,U016802,treatment,2026-07-12 08:53:23.402064459,95.72,completed,
O0004316,U016812,treatment,2026-07-12 12:50:01.438038802,87.59,completed,
O0004317,U016824,control,2026-07-10 14:54:13.835475542,102.06,completed,
O0004318,U016827,treatment,2026-07-10 23:43:13.671996320,69.74,completed,
O0004319,U016828,control,2026-07-13 06:02:14.944388126,63.4,completed,
O0004320,U016829,treatment,2026-07-08 16:53:53.479093450,100.65,completed,
O0004321,U016840,treatment,2026-07-04 02:48:40.655972890,48.97,completed,
O0004322,U016842,treatment,2026-07-08 04:05:07.664606088,114.88,completed,
O0004323,U016847,control,2026-07-09 04:08:15.676688694,293.63,completed,
O0004324,U016848,control,2026-07-04 01:51:00.017940664,65.3,completed,
O0004325,U016850,treatment,2026-07-10 04:22:59.564353806,143.28,completed,
O0004326,U016854,control,2026-07-13 05:26:37.619639470,49.77,completed,
O0004327,U016855,treatment,2026-07-15 10:28:19.329819270,77.35,completed,
O0004328,U016857,control,2026-07-14 18:07:24.423828024,62.62,completed,
O0004329,U016860,treatment,2026-07-06 06:01:19.915534042,106.6,completed,
O0004330,U016868,treatment,2026-07-06 11:20:27.693438976,134.69,refunded,2026-07-09 11:20:27.693438976
O0004331,U016869,treatment,2026-07-10 22:56:34.497944536,37.14,completed,
O0004332,U016872,control,2026-07-06 07:09:51.475246892,111.03,completed,
O0004333,U016878,treatment,2026-07-03 13:10:29.318868702,55.65,completed,
O0004334,U016885,control,2026-07-14 12:55:33.926887290,57.83,completed,
O0004335,U016890,control,2026-07-03 22:10:58.782669260,45.33,completed,
O0004336,U016891,control,2026-07-06 18:53:26.133897690,126.23,completed,
O0004337,U016893,control,2026-07-07 10:42:57.780261240,73.45,completed,
O0004338,U016894,control,2026-07-02 06:16:53.352805692,50.04,completed,
O0004339,U016895,control,2026-07-13 08:06:14.183874842,74.88,cancelled,2026-07-19 08:06:14.183874842
O0004340,U016897,treatment,2026-07-04 02:29:09.766245672,30.03,completed,
O0004341,U016899,control,2026-07-11 07:26:51.334887936,137.64,completed,
O0004342,U016904,treatment,2026-07-01 20:25:16.087556932,106.34,completed,
O0004343,U016906,treatment,2026-07-04 03:33:04.154622296,48.76,completed,
O0004344,U016910,treatment,2026-07-13 14:05:48.148160922,24.03,refunded,2026-07-17 14:05:48.148160922
O0004345,U016917,control,2026-07-01 13:58:56.459647601,71.12,completed,
O0004346,U016923,treatment,2026-07-11 20:30:52.046453300,164.45,completed,
O0004347,U016926,control,2026-07-03 12:27:04.323779814,83.47,completed,
O0004348,U016930,control,2026-07-09 12:52:57.517932694,105.88,completed,
O0004349,U016938,control,2026-07-03 11:53:50.153157704,59.58,completed,
O0004350,U016940,treatment,2026-07-03 15:52:07.875924964,77.98,completed,
O0004351,U016945,control,2026-07-12 16:53:52.593717104,68.08,completed,
O0004352,U016951,treatment,2026-07-07 03:27:19.463009338,121.44,completed,
O0004353,U016959,control,2026-07-03 15:03:21.378684500,37.27,cancelled,2026-07-05 15:03:21.378684500
O0004354,U016960,treatment,2026-07-03 13:32:33.990079876,55.43,completed,
O0004355,U016962,control,2026-07-10 04:08:41.489133480,75.73,completed,
O0004356,U016974,control,2026-07-12 04:55:08.197583602,74.97,completed,
O0004357,U016977,control,2026-07-11 10:53:51.080811028,128.18,completed,
O0004358,U016988,control,2026-07-14 08:42:39.191067508,98.33,completed,
O0004359,U016989,treatment,2026-07-07 14:30:56.457666718,94.3,completed,
O0004360,U016998,control,2026-07-09 20:59:09.589365666,149.03,completed,
O0004361,U017000,control,2026-07-08 02:09:04.560487314,51.99,refunded,2026-07-12 02:09:04.560487314
O0004362,U017005,treatment,2026-07-12 22:35:00.055283162,48.0,completed,
O0004363,U017006,treatment,2026-07-12 08:17:11.861294194,97.88,completed,
O0004364,U017010,control,2026-07-12 09:02:30.006047348,71.69,completed,
O0004365,U017021,treatment,2026-07-10 18:35:01.451203476,171.94,completed,
O0004366,U017023,control,2026-07-01 16:42:50.130172238,89.92,completed,
O0004367,U017024,treatment,2026-07-05 14:08:41.075576990,141.91,completed,
O0004368,U017030,control,2026-07-06 08:11:55.597372913,51.04,completed,
O0004369,U017031,control,2026-07-03 16:59:56.846905052,90.96,completed,
O0004370,U017034,treatment,2026-07-01 07:31:15.918524370,48.84,completed,
O0004371,U017037,treatment,2026-07-09 10:06:48.920541806,122.32,completed,
O0004372,U017039,treatment,2026-07-09 11:35:28.439186683,147.92,completed,
O0004373,U017042,treatment,2026-07-07 13:18:12.636963004,146.22,completed,
O0004374,U017051,treatment,2026-07-04 08:52:50.449057262,101.8,completed,
O0004375,U017061,control,2026-07-13 20:27:41.467141141,85.81,completed,
O0004376,U017067,control,2026-07-10 06:09:22.920944746,68.99,completed,
O0004377,U017072,treatment,2026-07-15 00:02:33.117631934,117.71,completed,
O0004378,U017076,control,2026-07-14 10:39:28.588514408,64.04,completed,
O0004379,U017085,control,2026-07-08 08:54:04.777988772,53.77,completed,
O0004380,U017087,treatment,2026-07-06 19:46:09.749342724,60.43,completed,
O0004381,U017089,treatment,2026-07-04 14:51:31.928237604,54.51,completed,
O0004382,U017097,control,2026-07-10 09:58:56.979075860,94.07,completed,
O0004383,U017103,treatment,2026-07-04 11:39:52.206053898,49.4,completed,
O0004384,U017104,treatment,2026-07-12 05:38:47.696665130,126.24,completed,
O0004385,U017105,treatment,2026-07-01 15:43:44.259138562,84.22,completed,
O0004386,U017107,control,2026-07-04 14:14:04.220427404,96.23,completed,
O0004387,U017109,control,2026-07-05 12:13:39.339353640,80.51,completed,
O0004388,U017111,treatment,2026-07-06 17:54:24.872896046,41.72,completed,
O0004389,U017119,control,2026-07-06 14:56:19.988062852,55.35,refunded,2026-07-08 14:56:19.988062852
O0004390,U017123,control,2026-07-09 17:05:10.749129876,60.26,completed,
O0004391,U017147,control,2026-07-03 15:14:14.661714816,128.5,completed,
O0004392,U017149,treatment,2026-07-12 18:02:08.936496026,81.85,completed,
O0004393,U017150,treatment,2026-07-08 05:34:46.760261254,165.28,completed,
O0004394,U017158,treatment,2026-07-10 01:29:42.793239956,194.28,completed,
O0004395,U017161,treatment,2026-07-13 05:44:03.502521924,58.18,completed,
O0004396,U017162,control,2026-07-13 00:47:01.802181410,137.06,completed,
O0004397,U017164,control,2026-07-06 01:04:14.470588540,116.36,completed,
O0004398,U017165,treatment,2026-07-14 01:34:51.772185750,76.69,completed,
O0004399,U017173,control,2026-07-10 01:59:22.045839310,66.07,completed,
O0004400,U017174,control,2026-07-09 23:10:37.667278342,74.95,completed,
O0004401,U017176,treatment,2026-07-06 07:24:46.947634024,151.53,completed,
O0004402,U017184,treatment,2026-07-02 17:07:17.304165248,57.93,completed,
O0004403,U017185,treatment,2026-07-14 16:40:07.862481776,83.43,completed,
O0004404,U017188,treatment,2026-07-06 01:33:30.886300372,72.94,cancelled,2026-07-13 01:33:30.886300372
O0004405,U017189,control,2026-07-01 04:37:41.455325127,180.63,cancelled,2026-07-04 04:37:41.455325127
O0004406,U017193,control,2026-07-09 12:49:17.822817102,122.39,completed,
O0004407,U017196,control,2026-07-09 18:52:53.103997314,154.71,completed,
O0004408,U017198,control,2026-07-10 19:02:44.245999784,48.19,completed,
O0004409,U017201,control,2026-07-03 20:26:39.543477162,88.12,completed,
O0004410,U017204,treatment,2026-07-04 11:53:29.701238654,29.68,completed,
O0004411,U017210,control,2026-07-14 19:05:18.784032358,50.59,completed,
O0004412,U017215,treatment,2026-07-05 15:11:34.262476892,103.58,completed,
O0004413,U017219,treatment,2026-07-02 02:23:11.017057716,59.84,completed,
O0004414,U017225,control,2026-07-04 05:47:14.362183280,77.34,completed,
O0004415,U017226,treatment,2026-07-10 07:42:25.971983016,137.13,completed,
O0004416,U017230,control,2026-07-06 01:15:20.515316890,45.81,completed,
O0004417,U017237,control,2026-07-11 10:36:12.547570132,60.32,completed,
O0004418,U017239,control,2026-07-11 02:45:19.472006648,105.8,completed,
O0004419,U017241,treatment,2026-07-08 05:36:14.050733508,89.34,completed,
O0004420,U017245,treatment,2026-07-12 08:32:21.078572008,148.0,completed,
O0004421,U017249,treatment,2026-07-04 16:54:58.756442096,135.39,refunded,2026-07-11 16:54:58.756442096
O0004422,U017251,control,2026-07-03 23:04:28.818522366,63.47,completed,
O0004423,U017252,treatment,2026-07-10 21:25:49.855929470,143.78,completed,
O0004424,U017254,control,2026-07-04 10:54:21.439143728,26.81,completed,
O0004425,U017257,treatment,2026-07-02 22:46:46.159075586,70.37,completed,
O0004426,U017264,treatment,2026-07-11 13:34:10.536975128,74.49,completed,
O0004427,U017267,treatment,2026-07-12 05:38:17.126204750,59.65,completed,
O0004428,U017268,control,2026-07-09 01:14:01.499947228,86.07,completed,
O0004429,U017273,treatment,2026-07-05 07:09:47.546407806,94.23,completed,
O0004430,U017276,control,2026-07-13 19:23:19.070741924,134.19,completed,
O0004431,U017277,treatment,2026-07-03 14:46:47.653970162,31.95,completed,
O0004432,U017284,control,2026-07-14 16:07:07.080949930,90.15,completed,
O0004433,U017285,treatment,2026-07-11 17:36:39.222762352,56.27,completed,
O0004434,U017286,control,2026-07-03 14:18:13.132004018,89.63,cancelled,2026-07-09 14:18:13.132004018
O0004435,U017291,treatment,2026-07-14 21:24:24.148069046,121.6,completed,
O0004436,U017302,control,2026-07-04 03:16:14.170494678,94.74,completed,
O0004437,U017307,treatment,2026-07-09 01:31:45.085322220,80.31,completed,
O0004438,U017310,control,2026-07-06 05:55:19.616878358,62.91,refunded,2026-07-08 05:55:19.616878358
O0004439,U017313,control,2026-07-07 16:58:14.228760422,63.23,completed,
O0004440,U017314,control,2026-07-14 11:32:55.885964630,129.27,completed,
O0004441,U017318,treatment,2026-07-07 22:44:30.057462001,95.18,completed,
O0004442,U017319,treatment,2026-07-15 00:14:01.194825182,113.89,completed,
O0004443,U017322,control,2026-07-13 08:52:07.157519831,60.71,completed,
O0004444,U017335,treatment,2026-07-06 01:55:12.724305742,55.05,completed,
O0004445,U017337,treatment,2026-07-02 15:07:15.793006096,82.06,completed,
O0004446,U017338,treatment,2026-07-07 06:04:44.713408016,34.24,completed,
O0004447,U017339,treatment,2026-07-04 07:46:59.149377648,64.66,completed,
O0004448,U017340,treatment,2026-07-09 22:04:18.160934832,120.51,completed,
O0004449,U017346,treatment,2026-07-03 12:58:54.712901030,138.9,completed,
O0004450,U017354,treatment,2026-07-05 03:55:27.170074592,94.91,completed,
O0004451,U017357,control,2026-07-14 00:12:10.038624734,130.66,completed,
O0004452,U017358,control,2026-07-14 18:14:10.982055232,128.61,completed,
O0004453,U017361,control,2026-07-09 04:13:44.297583918,142.43,completed,
O0004454,U017364,control,2026-07-05 22:33:59.374268628,168.84,completed,
O0004455,U017368,treatment,2026-07-04 23:37:13.076155792,90.31,completed,
O0004456,U017369,control,2026-07-06 06:19:28.873328592,65.37,completed,
O0004457,U017371,treatment,2026-07-04 23:22:10.506826944,97.33,refunded,2026-07-06 23:22:10.506826944
O0004458,U017375,control,2026-07-14 14:32:36.844149996,96.88,completed,
O0004459,U017377,treatment,2026-07-13 01:01:54.028795624,53.38,completed,
O0004460,U017387,treatment,2026-07-02 18:58:44.266072958,112.06,completed,
O0004461,U017388,treatment,2026-07-05 01:13:05.780242564,76.45,completed,
O0004462,U017396,control,2026-07-12 19:31:15.800366862,70.79,completed,
O0004463,U017402,control,2026-07-04 12:52:01.297714214,106.8,completed,
O0004464,U017407,treatment,2026-07-07 10:43:43.550373649,42.68,completed,
O0004465,U017410,treatment,2026-07-13 05:50:18.640025280,94.25,completed,
O0004466,U017415,treatment,2026-07-01 19:20:35.599379016,107.34,completed,
O0004467,U017417,control,2026-07-04 14:36:40.030274738,46.82,completed,
O0004468,U017419,treatment,2026-07-07 08:16:00.209246522,65.03,completed,
O0004469,U017420,treatment,2026-07-12 09:24:29.361203522,105.71,completed,
O0004470,U017422,control,2026-07-10 11:32:52.665448082,216.57,completed,
O0004471,U017423,treatment,2026-07-06 17:31:23.948586272,89.17,completed,
O0004472,U017430,control,2026-07-10 23:43:51.872904210,46.09,completed,
O0004473,U017434,control,2026-07-01 19:32:57.483991010,60.56,completed,
O0004474,U017443,treatment,2026-07-02 06:04:24.904828392,93.32,completed,
O0004475,U017451,treatment,2026-07-10 23:57:29.561257694,78.31,completed,
O0004476,U017456,treatment,2026-07-05 03:12:48.236872342,66.87,completed,
O0004477,U017460,control,2026-07-03 12:54:53.966559602,47.08,completed,
O0004478,U017462,treatment,2026-07-01 22:22:24.605479966,112.47,completed,
O0004479,U017467,treatment,2026-07-01 16:14:50.609538028,138.12,completed,
O0004480,U017470,treatment,2026-07-02 21:43:02.440279268,116.95,completed,
O0004481,U017471,control,2026-07-08 07:11:52.519698212,109.17,completed,
O0004482,U017472,treatment,2026-07-11 04:17:50.370582239,134.22,completed,
O0004483,U017474,control,2026-07-04 15:16:28.477670834,91.94,completed,
O0004484,U017477,control,2026-07-04 23:36:58.875129064,82.26,completed,
O0004485,U017481,control,2026-07-07 04:27:48.204486442,80.88,completed,
O0004486,U017486,treatment,2026-07-14 15:43:20.116715986,108.0,completed,
O0004487,U017488,treatment,2026-07-09 06:10:33.432181322,52.79,completed,
O0004488,U017490,control,2026-07-15 00:03:10.291992284,100.99,completed,
O0004489,U017495,control,2026-07-03 16:13:53.378114813,64.99,completed,
O0004490,U017496,treatment,2026-07-03 07:37:56.914339842,256.15,completed,
O0004491,U017499,treatment,2026-07-03 09:25:41.275509162,55.57,completed,
O0004492,U017500,treatment,2026-07-08 02:38:33.887776454,66.89,completed,
O0004493,U017512,control,2026-07-11 01:01:09.316760656,82.13,completed,
O0004494,U017513,control,2026-07-09 07:15:05.796391359,98.45,completed,
O0004495,U017519,control,2026-07-09 06:23:58.561562630,34.57,completed,
O0004496,U017521,treatment,2026-07-05 13:18:32.126251398,140.57,completed,
O0004497,U017523,control,2026-07-07 03:10:33.561650390,88.92,completed,
O0004498,U017524,control,2026-07-14 14:59:48.303508574,118.87,completed,
O0004499,U017526,control,2026-07-05 16:27:01.320867034,84.86,completed,
O0004500,U017527,control,2026-07-07 04:01:52.023607902,76.85,completed,
O0004501,U017540,control,2026-07-07 15:05:22.358318676,93.24,completed,
O0004502,U017542,control,2026-07-10 20:30:00.500121192,194.09,completed,
O0004503,U017544,control,2026-07-05 19:17:17.951432675,133.02,completed,
O0004504,U017545,control,2026-07-04 08:39:22.262008092,41.79,completed,
O0004505,U017546,treatment,2026-07-06 14:11:30.259217168,105.52,completed,
O0004506,U017550,treatment,2026-07-06 22:14:47.495641286,57.07,completed,
O0004507,U017552,control,2026-07-01 04:34:41.316636294,78.39,completed,
O0004508,U017553,control,2026-07-11 09:23:16.369973908,45.9,completed,
O0004509,U017554,treatment,2026-07-07 15:19:21.824766338,96.27,completed,
O0004510,U017557,treatment,2026-07-01 09:06:06.062272870,85.74,completed,
O0004511,U017562,treatment,2026-07-05 05:52:12.915265926,203.17,completed,
O0004512,U017566,treatment,2026-07-12 10:09:40.818833008,160.91,completed,
O0004513,U017567,treatment,2026-07-11 16:58:14.845845928,108.76,completed,
O0004514,U017568,treatment,2026-07-11 11:22:01.290379326,86.22,completed,
O0004515,U017570,control,2026-07-08 22:31:32.593829098,127.53,completed,
O0004516,U017585,control,2026-07-11 12:58:42.423619791,141.54,completed,
O0004517,U017588,control,2026-07-03 08:31:03.950399524,93.32,completed,
O0004518,U017590,treatment,2026-07-14 08:25:08.107307560,108.06,completed,
O0004519,U017592,treatment,2026-07-08 00:19:22.196233374,114.23,completed,
O0004520,U017599,treatment,2026-07-05 05:59:29.542195636,91.8,completed,
O0004521,U017607,treatment,2026-07-03 21:36:54.647689934,52.49,completed,
O0004522,U017609,treatment,2026-07-09 12:13:57.933094764,85.46,completed,
O0004523,U017610,treatment,2026-07-10 09:31:16.199787766,206.09,completed,
O0004524,U017611,treatment,2026-07-07 07:08:11.872408680,83.02,completed,
O0004525,U017614,treatment,2026-07-05 12:24:37.679370548,66.92,completed,
O0004526,U017617,control,2026-07-08 16:48:02.340022068,213.23,completed,
O0004527,U017619,control,2026-07-05 14:54:37.981698752,149.34,completed,
O0004528,U017621,control,2026-07-09 08:59:12.946298586,110.64,completed,
O0004529,U017629,control,2026-07-09 20:08:25.612897102,122.44,completed,
O0004530,U017631,treatment,2026-07-12 01:25:21.988412812,206.45,completed,
O0004531,U017633,control,2026-07-11 12:16:35.826720408,94.85,completed,
O0004532,U017637,treatment,2026-07-01 07:36:01.739110022,177.76,completed,
O0004533,U017638,treatment,2026-07-06 20:02:42.615637010,93.6,completed,
O0004534,U017642,treatment,2026-07-11 18:28:52.003056666,108.83,completed,
O0004535,U017651,control,2026-07-07 16:07:56.181416292,136.79,completed,
O0004536,U017652,treatment,2026-07-11 13:17:10.501615302,151.22,cancelled,2026-07-18 13:17:10.501615302
O0004537,U017653,treatment,2026-07-13 04:12:49.934881982,118.94,completed,
O0004538,U017661,treatment,2026-07-08 12:55:26.798381992,84.48,completed,
O0004539,U017665,treatment,2026-07-11 06:40:24.265401732,75.44,completed,
O0004540,U017672,treatment,2026-07-03 10:46:53.184969472,127.51,completed,
O0004541,U017674,control,2026-07-11 12:55:33.961763468,59.67,completed,
O0004542,U017677,control,2026-07-09 14:20:07.761975668,50.65,completed,
O0004543,U017684,treatment,2026-07-07 16:40:58.440701790,85.83,completed,
O0004544,U017692,control,2026-07-12 19:11:13.515999624,87.19,completed,
O0004545,U017696,control,2026-07-09 15:58:15.431301220,41.14,completed,
O0004546,U017700,control,2026-07-12 09:36:39.189169406,120.67,completed,
O0004547,U017704,treatment,2026-07-14 03:57:27.413693306,84.4,completed,
O0004548,U017708,control,2026-07-09 22:05:05.681135814,60.64,completed,
O0004549,U017709,control,2026-07-03 06:20:29.887137136,93.09,completed,
O0004550,U017715,control,2026-07-12 17:53:26.708185582,109.75,completed,
O0004551,U017716,treatment,2026-07-08 12:29:20.444986622,61.25,completed,
O0004552,U017723,treatment,2026-07-02 00:43:36.163127904,119.63,refunded,2026-07-08 00:43:36.163127904
O0004553,U017727,treatment,2026-07-01 11:59:53.678130699,36.09,completed,
O0004554,U017733,treatment,2026-07-13 13:32:11.641997621,138.09,completed,
O0004555,U017737,control,2026-07-02 13:30:43.478838786,110.54,completed,
O0004556,U017741,control,2026-07-15 00:01:34.314386048,147.33,completed,
O0004557,U017750,treatment,2026-07-10 00:16:49.886863678,46.5,completed,
O0004558,U017754,control,2026-07-01 22:13:10.509873570,96.13,completed,
O0004559,U017783,treatment,2026-07-03 11:47:55.471874446,34.14,completed,
O0004560,U017789,control,2026-07-08 11:53:27.971955852,62.55,completed,
O0004561,U017792,control,2026-07-02 23:02:34.211264870,95.7,completed,
O0004562,U017793,control,2026-07-10 01:55:38.741967426,68.93,completed,
O0004563,U017795,treatment,2026-07-11 18:41:12.626121455,50.81,refunded,2026-07-15 18:41:12.626121455
O0004564,U017798,control,2026-07-02 13:00:17.387824314,79.69,completed,
O0004565,U017801,treatment,2026-07-04 14:42:09.174031088,74.67,completed,
O0004566,U017805,treatment,2026-07-06 05:55:45.761019098,82.69,completed,
O0004567,U017808,treatment,2026-07-13 00:07:01.392490596,75.9,completed,
O0004568,U017811,treatment,2026-07-12 12:26:40.138436502,48.93,completed,
O0004569,U017816,control,2026-07-13 09:50:00.862845114,84.13,completed,
O0004570,U017821,control,2026-07-06 12:54:04.777849047,128.54,completed,
O0004571,U017824,control,2026-07-12 02:20:41.017917048,155.42,completed,
O0004572,U017825,control,2026-07-04 11:51:01.895596602,57.58,completed,
O0004573,U017826,control,2026-07-09 18:05:42.879275125,55.06,completed,
O0004574,U017828,treatment,2026-07-10 20:16:40.380466728,43.1,completed,
O0004575,U017832,treatment,2026-07-13 12:35:09.167389152,123.36,completed,
O0004576,U017833,treatment,2026-07-05 16:18:25.568402244,69.33,completed,
O0004577,U017840,treatment,2026-07-11 21:10:29.101273730,99.57,completed,
O0004578,U017846,treatment,2026-07-08 19:41:53.262238809,17.38,completed,
O0004579,U017848,treatment,2026-07-09 03:32:21.725082900,54.46,completed,
O0004580,U017852,treatment,2026-07-04 18:04:35.156059296,90.51,completed,
O0004581,U017858,treatment,2026-07-10 15:29:51.475458318,113.55,completed,
O0004582,U017864,control,2026-07-07 17:33:51.738502278,52.84,completed,
O0004583,U017865,treatment,2026-07-15 00:38:29.892044389,57.29,completed,
O0004584,U017872,control,2026-07-06 03:51:34.552510330,95.96,completed,
O0004585,U017878,treatment,2026-07-04 05:18:39.907519816,94.36,completed,
O0004586,U017881,control,2026-07-10 13:24:15.541036622,54.67,completed,
O0004587,U017885,control,2026-07-04 07:06:49.272694518,73.8,completed,
O0004588,U017886,control,2026-07-11 19:18:06.264017276,112.52,completed,
O0004589,U017892,control,2026-07-13 10:42:17.219348338,59.62,completed,
O0004590,U017904,control,2026-07-02 17:28:56.816127112,97.67,completed,
O0004591,U017906,treatment,2026-07-10 19:41:57.990319342,77.03,completed,
O0004592,U017911,control,2026-07-04 09:08:03.717363822,40.22,refunded,2026-07-11 09:08:03.717363822
O0004593,U017913,control,2026-07-08 01:28:18.909777876,61.62,completed,
O0004594,U017915,treatment,2026-07-04 03:17:53.259399904,76.6,completed,
O0004595,U017917,control,2026-07-04 18:50:28.793546534,114.59,completed,
O0004596,U017920,control,2026-07-04 05:15:55.221909206,54.19,completed,
O0004597,U017921,treatment,2026-07-03 19:19:54.346392518,65.22,refunded,2026-07-08 19:19:54.346392518
O0004598,U017922,control,2026-07-10 21:43:46.151775282,146.83,completed,
O0004599,U017933,treatment,2026-07-08 00:43:52.896256222,51.1,completed,
O0004600,U017934,treatment,2026-07-13 02:13:14.754475652,34.66,completed,
O0004601,U017936,control,2026-07-05 07:25:08.356015677,95.73,completed,
O0004602,U017940,treatment,2026-07-04 18:15:41.868682609,96.98,completed,
O0004603,U017943,control,2026-07-02 16:54:35.104240944,121.55,completed,
O0004604,U017944,treatment,2026-07-03 21:05:00.941197672,45.31,completed,
O0004605,U017946,treatment,2026-07-04 02:05:28.766747622,99.14,completed,
O0004606,U017952,treatment,2026-07-11 03:38:05.688451440,65.92,completed,
O0004607,U017953,treatment,2026-07-14 23:04:07.416434288,116.85,completed,
O0004608,U017957,treatment,2026-07-04 09:53:17.614319800,70.74,completed,
O0004609,U017960,control,2026-07-05 21:09:01.145956912,107.93,completed,
O0004610,U017961,control,2026-07-06 09:20:15.637312044,126.97,refunded,2026-07-11 09:20:15.637312044
O0004611,U017964,control,2026-07-12 20:59:03.309854976,69.36,completed,
O0004612,U017966,control,2026-07-01 16:41:27.364328630,80.63,completed,
O0004613,U017971,treatment,2026-07-03 01:32:31.779756756,123.97,completed,
O0004614,U017976,control,2026-07-07 05:13:47.228281362,193.51,completed,
O0004615,U017981,treatment,2026-07-07 11:21:39.371367906,42.97,completed,
O0004616,U017989,control,2026-07-09 07:43:50.888430792,193.41,completed,
O0004617,U017990,control,2026-07-11 13:11:01.335442926,75.74,completed,
O0004618,U017992,treatment,2026-07-05 17:27:16.687701220,101.33,completed,
O0004619,U017996,treatment,2026-07-13 14:41:15.058814552,58.89,completed,
O0004620,U018000,control,2026-07-04 16:45:29.554120606,47.05,completed,
O0004621,U018007,treatment,2026-07-10 23:46:36.963923236,107.82,completed,
O0004622,U018015,treatment,2026-07-01 23:44:25.700307199,63.05,completed,
O0004623,U018017,treatment,2026-07-08 22:05:03.304188072,105.34,completed,
O0004624,U018022,control,2026-07-07 21:07:54.338230147,88.58,completed,
O0004625,U018037,treatment,2026-07-07 08:32:55.106835243,89.24,completed,
O0004626,U018041,control,2026-07-08 23:32:13.587328220,161.5,refunded,2026-07-12 23:32:13.587328220
O0004627,U018044,treatment,2026-07-12 21:26:22.533473698,124.11,completed,
O0004628,U018048,treatment,2026-07-04 22:11:06.518262514,145.41,completed,
O0004629,U018052,control,2026-07-06 09:30:10.715035084,60.91,completed,
O0004630,U018055,treatment,2026-07-07 14:27:20.792229078,104.2,completed,
O0004631,U018057,treatment,2026-07-13 12:54:28.688269902,122.8,refunded,2026-07-14 12:54:28.688269902
O0004632,U018058,control,2026-07-11 15:39:15.321386085,154.24,completed,
O0004633,U018059,treatment,2026-07-11 14:23:03.974798600,31.22,cancelled,2026-07-13 14:23:03.974798600
O0004634,U018062,control,2026-07-07 12:31:12.051638618,41.07,completed,
O0004635,U018068,control,2026-07-01 23:14:09.250338954,72.56,completed,
O0004636,U018069,control,2026-07-12 21:17:13.522786190,44.9,completed,
O0004637,U018070,control,2026-07-08 17:12:44.612288028,249.9,completed,
O0004638,U018073,control,2026-07-05 13:41:05.644125364,74.14,completed,
O0004639,U018074,treatment,2026-07-08 03:42:46.633317810,81.9,completed,
O0004640,U018077,treatment,2026-07-08 23:38:27.451617860,108.5,completed,
O0004641,U018080,control,2026-07-07 04:47:43.533183858,108.43,completed,
O0004642,U018084,control,2026-07-11 05:54:23.729791912,115.79,completed,
O0004643,U018085,control,2026-07-06 14:57:20.366393082,198.31,completed,
O0004644,U018092,treatment,2026-07-06 04:59:48.911128020,161.55,completed,
O0004645,U018093,treatment,2026-07-04 03:50:43.528418092,141.3,completed,
O0004646,U018096,treatment,2026-07-14 08:16:39.903660602,80.46,completed,
O0004647,U018101,control,2026-07-10 21:18:30.712126002,156.0,completed,
O0004648,U018111,treatment,2026-07-12 08:16:01.002455806,100.85,completed,
O0004649,U018113,control,2026-07-01 23:42:05.023379016,61.81,completed,
O0004650,U018115,treatment,2026-07-06 20:48:30.525420601,116.66,completed,
O0004651,U018117,treatment,2026-07-13 09:04:27.319540286,62.31,completed,
O0004652,U018119,control,2026-07-15 00:36:56.225095808,100.95,refunded,2026-07-20 00:36:56.225095808
O0004653,U018128,control,2026-07-08 08:03:09.230406198,81.68,completed,
O0004654,U018129,control,2026-07-12 01:00:04.819086660,95.78,completed,
O0004655,U018132,control,2026-07-03 07:22:11.858383790,47.66,completed,
O0004656,U018133,treatment,2026-07-10 08:05:16.869842248,97.86,completed,
O0004657,U018138,control,2026-07-02 01:25:28.328326272,195.2,completed,
O0004658,U018140,control,2026-07-08 13:44:17.050542263,76.0,completed,
O0004659,U018146,treatment,2026-07-09 12:47:11.167248228,77.34,completed,
O0004660,U018147,control,2026-07-11 21:00:53.432043802,159.69,completed,
O0004661,U018152,control,2026-07-12 17:24:54.218063530,197.39,completed,
O0004662,U018153,treatment,2026-07-13 23:07:33.346949110,164.04,completed,
O0004663,U018155,control,2026-07-02 08:53:23.178164952,44.13,completed,
O0004664,U018159,treatment,2026-07-14 15:43:49.298156624,84.67,completed,
O0004665,U018164,treatment,2026-07-14 19:20:05.900484328,51.52,completed,
O0004666,U018170,treatment,2026-07-08 01:38:42.793937008,47.42,completed,
O0004667,U018173,control,2026-07-05 11:21:13.371222404,112.56,completed,
O0004668,U018176,control,2026-07-09 23:22:26.730716690,79.91,completed,
O0004669,U018177,control,2026-07-03 05:09:59.123147594,60.09,completed,
O0004670,U018181,treatment,2026-07-05 13:36:54.130134172,107.33,completed,
O0004671,U018184,control,2026-07-06 11:55:15.629801198,77.16,completed,
O0004672,U018194,control,2026-07-09 21:36:18.369980082,110.62,completed,
O0004673,U018197,control,2026-07-12 18:13:39.875868228,228.57,completed,
O0004674,U018198,treatment,2026-07-13 20:11:48.599863370,57.95,completed,
O0004675,U018203,control,2026-07-06 13:17:33.426821474,54.3,completed,
O0004676,U018204,control,2026-07-13 22:27:47.002445910,95.15,completed,
O0004677,U018208,control,2026-07-13 21:37:44.144204400,48.91,refunded,2026-07-16 21:37:44.144204400
O0004678,U018216,control,2026-07-14 02:59:16.621332826,66.85,completed,
O0004679,U018218,treatment,2026-07-02 04:06:52.102746619,92.67,completed,
O0004680,U018222,control,2026-07-08 01:24:15.165019678,260.93,refunded,2026-07-14 01:24:15.165019678
O0004681,U018225,control,2026-07-11 01:27:19.085577098,43.61,completed,
O0004682,U018226,treatment,2026-07-08 23:53:23.002236268,65.61,completed,
O0004683,U018229,control,2026-07-02 04:05:54.712431301,92.73,completed,
O0004684,U018232,control,2026-07-12 15:27:27.637755418,95.51,completed,
O0004685,U018238,treatment,2026-07-04 03:59:01.542599408,107.33,completed,
O0004686,U018239,control,2026-07-03 00:28:59.565874406,92.65,completed,
O0004687,U018240,treatment,2026-07-10 21:39:12.284723220,70.08,completed,
O0004688,U018246,treatment,2026-07-10 21:31:40.428412399,70.03,cancelled,2026-07-12 21:31:40.428412399
O0004689,U018248,control,2026-07-07 20:33:54.136478436,62.36,completed,
O0004690,U018252,control,2026-07-13 12:07:27.896024762,119.03,completed,
O0004691,U018264,control,2026-07-06 12:26:52.749494258,101.22,completed,
O0004692,U018268,control,2026-07-14 04:22:16.054262206,80.24,completed,
O0004693,U018272,treatment,2026-07-13 02:08:02.182855104,60.85,completed,
O0004694,U018278,treatment,2026-07-12 10:22:14.609662467,39.8,cancelled,2026-07-15 10:22:14.609662467
O0004695,U018280,treatment,2026-07-07 14:07:50.120243346,68.96,completed,
O0004696,U018284,control,2026-07-12 16:39:11.250891260,35.11,completed,
O0004697,U018289,control,2026-07-07 11:37:31.951516432,62.07,completed,
O0004698,U018290,treatment,2026-07-14 01:21:45.888202394,66.13,completed,
O0004699,U018291,control,2026-07-13 21:26:30.535260368,51.09,completed,
O0004700,U018294,treatment,2026-07-03 23:05:08.979030290,82.37,completed,
O0004701,U018298,treatment,2026-07-09 03:08:45.975817772,95.7,completed,
O0004702,U018303,treatment,2026-07-03 15:49:26.017240225,56.14,completed,
O0004703,U018304,treatment,2026-07-06 04:14:36.734926190,96.95,completed,
O0004704,U018305,control,2026-07-09 06:57:37.768850094,204.92,completed,
O0004705,U018309,control,2026-07-01 23:07:08.627545200,45.27,completed,
O0004706,U018313,treatment,2026-07-13 19:05:25.166477282,69.03,completed,
O0004707,U018314,treatment,2026-07-09 11:16:22.252276332,112.83,completed,
O0004708,U018316,treatment,2026-07-04 05:29:20.220659810,67.92,completed,
O0004709,U018333,control,2026-07-11 10:45:57.237974222,79.09,completed,
O0004710,U018340,treatment,2026-07-07 18:42:56.688798359,60.39,completed,
O0004711,U018349,treatment,2026-07-12 19:18:02.188357198,134.19,completed,
O0004712,U018352,control,2026-07-03 10:54:19.470370234,92.68,completed,
O0004713,U018353,treatment,2026-07-07 03:57:23.815143104,62.28,completed,
O0004714,U018355,control,2026-07-12 03:45:27.896814096,331.3,completed,
O0004715,U018357,control,2026-07-14 09:18:24.308882600,100.75,refunded,2026-07-20 09:18:24.308882600
O0004716,U018358,control,2026-07-02 12:42:14.183737658,75.66,completed,
O0004717,U018368,control,2026-07-07 20:14:57.521616030,50.76,completed,
O0004718,U018376,treatment,2026-07-13 18:35:13.329762388,109.68,completed,
O0004719,U018377,control,2026-07-10 05:50:28.231434514,102.3,completed,
O0004720,U018378,control,2026-07-12 12:38:12.172459786,70.56,completed,
O0004721,U018382,treatment,2026-07-05 04:47:54.881190448,52.18,refunded,2026-07-11 04:47:54.881190448
O0004722,U018387,treatment,2026-07-01 13:04:59.238490260,126.67,completed,
O0004723,U018390,control,2026-07-07 07:22:10.984541398,61.78,completed,
O0004724,U018392,control,2026-07-08 02:12:30.231118302,94.96,completed,
O0004725,U018393,treatment,2026-07-14 20:23:35.685529902,104.27,completed,
O0004726,U018395,control,2026-07-06 17:21:26.937767312,183.35,completed,
O0004727,U018397,treatment,2026-07-08 17:22:56.517618648,122.13,completed,
O0004728,U018398,control,2026-07-07 18:26:05.294359700,84.84,cancelled,2026-07-14 18:26:05.294359700
O0004729,U018409,treatment,2026-07-11 19:37:59.942412326,87.31,completed,
O0004730,U018410,treatment,2026-07-07 01:30:28.591280220,71.81,completed,
O0004731,U018411,control,2026-07-04 03:50:15.929346770,112.59,completed,
O0004732,U018413,treatment,2026-07-08 01:25:12.272447048,118.43,completed,
O0004733,U018415,treatment,2026-07-06 06:39:39.481343600,107.38,completed,
O0004734,U018419,control,2026-07-13 22:58:30.029212096,137.32,completed,
O0004735,U018423,control,2026-07-10 19:36:38.527108586,132.29,completed,
O0004736,U018427,treatment,2026-07-11 04:21:22.044366930,32.91,cancelled,2026-07-12 04:21:22.044366930
O0004737,U018432,treatment,2026-07-10 01:57:39.291249980,195.76,completed,
O0004738,U018434,control,2026-07-04 12:33:06.247255542,95.61,completed,
O0004739,U018436,control,2026-07-06 09:34:03.404164860,155.01,completed,
O0004740,U018439,treatment,2026-07-01 05:31:25.261520976,95.63,completed,
O0004741,U018444,control,2026-07-02 06:49:16.748975758,58.51,completed,
O0004742,U018454,control,2026-07-01 18:51:49.820057090,79.98,completed,
O0004743,U018464,treatment,2026-07-13 12:43:08.523195500,100.93,completed,
O0004744,U018465,treatment,2026-07-13 22:45:03.823613638,69.33,completed,
O0004745,U018470,treatment,2026-07-04 09:02:23.170538162,244.41,completed,
O0004746,U018475,control,2026-07-08 13:02:49.415423486,48.91,completed,
O0004747,U018482,control,2026-07-07 20:16:59.686879114,63.7,completed,
O0004748,U018495,control,2026-07-14 21:13:51.515766594,116.6,completed,
O0004749,U018497,control,2026-07-06 08:05:19.209586676,56.78,completed,
O0004750,U018502,control,2026-07-12 07:38:23.878751132,84.84,completed,
O0004751,U018516,treatment,2026-07-08 19:02:24.602072774,199.06,completed,
O0004752,U018519,treatment,2026-07-02 08:04:13.693986816,71.29,completed,
O0004753,U018520,control,2026-07-10 10:54:54.912909940,21.47,completed,
O0004754,U018525,control,2026-07-13 07:31:24.793181846,288.8,completed,
O0004755,U018528,treatment,2026-07-11 22:11:06.728963368,42.55,completed,
O0004756,U018534,treatment,2026-07-08 17:07:23.010382600,125.3,completed,
O0004757,U018536,treatment,2026-07-05 03:00:47.996306512,144.73,completed,
O0004758,U018537,control,2026-07-15 00:14:22.991229968,115.7,completed,
O0004759,U018544,treatment,2026-07-06 03:23:19.216748116,66.59,completed,
O0004760,U018545,treatment,2026-07-09 02:32:51.574158611,103.66,completed,
O0004761,U018547,control,2026-07-08 20:19:00.026096474,98.71,completed,
O0004762,U018551,control,2026-07-05 02:34:44.268657274,32.62,completed,
O0004763,U018555,treatment,2026-07-08 04:13:07.475528790,92.59,completed,
O0004764,U018559,control,2026-07-02 09:39:55.688873860,103.23,completed,
O0004765,U018567,treatment,2026-07-09 00:55:02.897365182,99.85,completed,
O0004766,U018572,treatment,2026-07-12 05:12:15.765340830,83.9,completed,
O0004767,U018579,control,2026-07-06 00:59:37.390820352,92.65,completed,
O0004768,U018582,treatment,2026-07-11 14:16:21.505285002,71.02,completed,
O0004769,U018583,treatment,2026-07-06 15:05:47.857687262,93.21,completed,
O0004770,U018586,control,2026-07-06 05:40:31.652161268,141.68,completed,
O0004771,U018587,control,2026-07-01 23:25:43.979532426,31.92,completed,
O0004772,U018589,treatment,2026-07-13 10:08:43.694983080,133.75,completed,
O0004773,U018590,control,2026-07-04 01:48:30.778609096,127.76,completed,
O0004774,U018591,control,2026-07-02 23:47:50.757950636,56.76,completed,
O0004775,U018594,control,2026-07-12 20:45:13.606925766,81.79,refunded,2026-07-16 20:45:13.606925766
O0004776,U018595,treatment,2026-07-02 07:50:13.390793848,138.25,completed,
O0004777,U018601,treatment,2026-07-08 21:43:13.556121610,37.81,completed,
O0004778,U018604,treatment,2026-07-10 04:01:06.124295318,35.22,completed,
O0004779,U018607,treatment,2026-07-10 18:50:52.845239822,72.37,completed,
O0004780,U018615,treatment,2026-07-09 11:14:20.702866978,97.5,completed,
O0004781,U018619,treatment,2026-07-05 11:33:37.371472634,40.82,completed,
O0004782,U018622,control,2026-07-04 01:12:32.346598251,59.7,completed,
O0004783,U018623,treatment,2026-07-01 02:22:11.434250628,35.11,completed,
O0004784,U018625,treatment,2026-07-08 15:10:14.949202786,59.72,completed,
O0004785,U018626,control,2026-07-02 14:46:54.577905754,48.48,completed,
O0004786,U018631,treatment,2026-07-06 16:38:47.952356466,94.76,completed,
O0004787,U018636,control,2026-07-05 00:28:40.902957240,33.86,completed,
O0004788,U018637,treatment,2026-07-02 17:18:39.929140541,69.78,completed,
O0004789,U018640,treatment,2026-07-06 22:57:03.173501462,76.88,completed,
O0004790,U018644,treatment,2026-07-05 12:35:12.514479876,110.23,completed,
O0004791,U018645,treatment,2026-07-13 12:11:33.384229126,151.68,completed,
O0004792,U018650,treatment,2026-07-02 08:46:47.547669982,140.17,completed,
O0004793,U018652,treatment,2026-07-06 06:04:19.216744638,98.4,completed,
O0004794,U018653,control,2026-07-03 21:14:10.146857790,77.61,completed,
O0004795,U018659,treatment,2026-07-04 21:03:22.494851106,94.33,completed,
O0004796,U018662,treatment,2026-07-07 22:46:42.459064174,71.56,completed,
O0004797,U018670,control,2026-07-09 13:01:26.372563256,115.74,completed,
O0004798,U018674,control,2026-07-08 06:12:06.024804058,103.23,completed,
O0004799,U018677,treatment,2026-07-03 08:34:14.305478304,127.66,completed,
O0004800,U018679,control,2026-07-01 14:58:02.154849092,76.97,completed,
O0004801,U018687,treatment,2026-07-07 15:30:12.512973604,42.72,completed,
O0004802,U018693,treatment,2026-07-07 23:10:11.843362534,98.16,completed,
O0004803,U018698,treatment,2026-07-07 17:10:33.068242924,129.15,refunded,2026-07-11 17:10:33.068242924
O0004804,U018708,control,2026-07-12 02:20:13.021270408,45.29,completed,
O0004805,U018711,control,2026-07-08 09:49:04.060402204,141.73,completed,
O0004806,U018716,control,2026-07-04 03:53:21.094150174,155.14,completed,
O0004807,U018721,control,2026-07-03 12:53:51.311891574,114.49,completed,
O0004808,U018725,treatment,2026-07-10 15:34:12.339031800,162.0,completed,
O0004809,U018731,control,2026-07-06 01:05:46.305555494,48.74,completed,
O0004810,U018733,control,2026-07-11 06:03:39.246918524,48.48,completed,
O0004811,U018737,treatment,2026-07-12 15:35:20.468284052,110.11,completed,
O0004812,U018742,treatment,2026-07-02 18:05:21.791151346,92.68,completed,
O0004813,U018743,treatment,2026-07-08 08:18:47.644944070,85.45,completed,
O0004814,U018745,treatment,2026-07-04 02:34:34.845172380,69.56,completed,
O0004815,U018748,treatment,2026-07-02 00:40:26.718391166,65.92,completed,
O0004816,U018751,treatment,2026-07-14 23:49:07.675865702,102.09,completed,
O0004817,U018757,treatment,2026-07-09 15:06:57.515205829,88.59,completed,
O0004818,U018761,treatment,2026-07-06 09:39:47.414138206,157.66,completed,
O0004819,U018762,control,2026-07-07 08:09:30.701474584,59.64,completed,
O0004820,U018763,control,2026-07-03 20:33:00.329960516,96.16,completed,
O0004821,U018767,treatment,2026-07-12 02:48:59.972642836,112.77,completed,
O0004822,U018768,treatment,2026-07-12 14:09:43.841918802,109.2,completed,
O0004823,U018771,control,2026-07-10 17:31:17.020417784,167.33,completed,
O0004824,U018774,treatment,2026-07-04 10:16:44.395855288,73.95,completed,
O0004825,U018787,treatment,2026-07-06 21:59:01.308535140,95.08,completed,
O0004826,U018792,treatment,2026-07-14 11:53:01.042356097,41.8,completed,
O0004827,U018798,control,2026-07-09 07:08:47.927084364,76.99,completed,
O0004828,U018802,control,2026-07-11 13:45:12.058136918,212.45,completed,
O0004829,U018804,control,2026-07-06 17:44:30.840617678,66.55,completed,
O0004830,U018807,control,2026-07-12 10:12:54.373204280,112.14,completed,
O0004831,U018829,treatment,2026-07-09 14:47:03.501934798,70.63,completed,
O0004832,U018830,treatment,2026-07-01 07:31:38.578989604,62.79,completed,
O0004833,U018835,control,2026-07-01 16:50:13.835304440,82.57,completed,
O0004834,U018838,control,2026-07-12 21:21:36.949716744,95.9,completed,
O0004835,U018840,treatment,2026-07-09 19:50:15.019702288,94.05,completed,
O0004836,U018841,treatment,2026-07-10 11:48:37.457615190,72.91,completed,
O0004837,U018845,control,2026-07-14 07:56:05.568957810,57.86,completed,
O0004838,U018846,control,2026-07-04 20:36:57.085278316,62.17,completed,
O0004839,U018850,treatment,2026-07-04 01:08:57.222249394,106.81,completed,
O0004840,U018856,control,2026-07-11 04:45:55.647498560,39.01,completed,
O0004841,U018857,treatment,2026-07-01 04:03:33.391244804,89.89,completed,
O0004842,U018858,control,2026-07-07 10:10:59.333381344,161.93,completed,
O0004843,U018867,treatment,2026-07-08 06:17:59.852476252,99.68,completed,
O0004844,U018870,treatment,2026-07-12 15:14:30.128530500,171.07,completed,
O0004845,U018873,control,2026-07-12 04:36:00.650900976,41.69,completed,
O0004846,U018879,control,2026-07-14 13:17:18.413630392,95.98,completed,
O0004847,U018883,treatment,2026-07-09 14:41:57.929918244,111.05,completed,
O0004848,U018886,treatment,2026-07-10 13:42:00.696620372,49.79,completed,
O0004849,U018895,treatment,2026-07-09 19:54:30.679760962,54.05,completed,
O0004850,U018896,treatment,2026-07-12 15:39:56.861455236,108.3,completed,
O0004851,U018901,treatment,2026-07-09 18:49:16.816195526,75.76,completed,
O0004852,U018907,treatment,2026-07-08 20:46:23.317610536,85.35,refunded,2026-07-09 20:46:23.317610536
O0004853,U018910,treatment,2026-07-05 00:13:57.754181750,107.8,completed,
O0004854,U018912,treatment,2026-07-13 17:16:54.748582028,85.13,completed,
O0004855,U018918,control,2026-07-06 23:46:42.500757880,94.32,completed,
O0004856,U018935,treatment,2026-07-12 03:33:02.062486584,96.54,cancelled,2026-07-14 03:33:02.062486584
O0004857,U018936,control,2026-07-09 11:53:37.752374024,184.97,completed,
O0004858,U018942,treatment,2026-07-13 14:18:46.343283714,203.45,completed,
O0004859,U018944,control,2026-07-02 07:34:49.570135500,68.58,completed,
O0004860,U018946,treatment,2026-07-07 13:58:08.640251188,92.51,completed,
O0004861,U018947,control,2026-07-03 23:20:29.256345716,131.92,completed,
O0004862,U018948,treatment,2026-07-05 18:32:45.316379298,39.22,completed,
O0004863,U018949,control,2026-07-08 02:14:30.114606500,33.68,completed,
O0004864,U018950,treatment,2026-07-08 10:21:37.172343822,88.56,completed,
O0004865,U018952,control,2026-07-06 11:11:53.818042546,117.34,completed,
O0004866,U018965,control,2026-07-12 14:05:28.691207274,159.9,completed,
O0004867,U018968,control,2026-07-13 09:05:11.248823004,37.83,completed,
O0004868,U018973,control,2026-07-08 14:16:55.501196924,34.61,refunded,2026-07-13 14:16:55.501196924
O0004869,U018974,treatment,2026-07-13 15:31:34.398229612,96.59,completed,
O0004870,U018980,treatment,2026-07-09 05:39:03.971111818,91.54,completed,
O0004871,U018982,control,2026-07-04 18:40:03.212335080,100.21,completed,
O0004872,U018990,control,2026-07-03 16:36:34.088099932,105.4,completed,
O0004873,U018999,treatment,2026-07-04 18:45:53.589282344,119.37,completed,
O0004874,U019009,treatment,2026-07-07 18:00:14.938910086,78.05,completed,
O0004875,U019011,treatment,2026-07-09 22:53:43.476184078,59.86,completed,
O0004876,U019014,treatment,2026-07-08 11:15:46.429517350,77.38,completed,
O0004877,U019017,treatment,2026-07-05 06:11:45.163168970,115.41,completed,
O0004878,U019018,treatment,2026-07-13 13:49:45.255990022,18.55,completed,
O0004879,U019023,treatment,2026-07-04 19:45:19.833984492,116.92,completed,
O0004880,U019025,treatment,2026-07-10 18:15:55.704543345,92.3,completed,
O0004881,U019028,treatment,2026-07-06 21:14:59.928201232,46.39,completed,
O0004882,U019030,control,2026-07-11 12:19:10.907598458,93.93,completed,
O0004883,U019035,control,2026-07-07 11:51:07.876342216,73.22,completed,
O0004884,U019037,treatment,2026-07-05 04:01:02.382614364,71.25,completed,
O0004885,U019040,control,2026-07-06 22:37:51.646668908,45.39,completed,
O0004886,U019042,treatment,2026-07-07 03:30:02.865302508,54.34,completed,
O0004887,U019052,control,2026-07-09 14:19:33.874740912,40.02,completed,
O0004888,U019056,control,2026-07-03 00:28:26.350354120,50.49,completed,
O0004889,U019075,treatment,2026-07-10 19:25:37.215711836,57.62,cancelled,2026-07-14 19:25:37.215711836
O0004890,U019088,treatment,2026-07-09 22:01:35.490781842,45.22,completed,
O0004891,U019090,control,2026-07-03 12:54:35.710843250,100.99,completed,
O0004892,U019093,treatment,2026-07-06 21:00:52.347638798,66.64,completed,
O0004893,U019095,treatment,2026-07-11 10:18:10.038880870,30.81,refunded,2026-07-16 10:18:10.038880870
O0004894,U019097,control,2026-07-13 19:39:05.026929418,96.14,completed,
O0004895,U019101,control,2026-07-13 14:00:23.820138682,88.86,completed,
O0004896,U019103,control,2026-07-08 11:19:18.461681996,233.28,completed,
O0004897,U019105,control,2026-07-12 15:53:13.747110866,70.78,completed,
O0004898,U019107,treatment,2026-07-06 04:07:52.441353822,74.94,completed,
O0004899,U019111,treatment,2026-07-10 07:13:57.776995500,72.81,completed,
O0004900,U019112,control,2026-07-03 12:51:29.958557412,57.53,completed,
O0004901,U019113,control,2026-07-11 02:22:56.679122298,82.98,completed,
O0004902,U019119,treatment,2026-07-01 07:19:56.510491665,302.06,completed,
O0004903,U019120,control,2026-07-13 00:54:58.175419124,62.89,completed,
O0004904,U019128,control,2026-07-01 22:06:08.247924534,98.12,completed,
O0004905,U019134,treatment,2026-07-02 02:19:32.503048842,107.5,completed,
O0004906,U019140,control,2026-07-08 22:40:16.420414652,90.02,completed,
O0004907,U019141,control,2026-07-03 05:08:51.911267944,36.46,completed,
O0004908,U019145,treatment,2026-07-13 22:35:25.187794268,93.81,completed,
O0004909,U019148,treatment,2026-07-07 19:50:42.236175848,316.04,completed,
O0004910,U019150,treatment,2026-07-10 13:10:27.879590454,45.9,completed,
O0004911,U019152,control,2026-07-11 16:53:23.530261338,169.04,refunded,2026-07-16 16:53:23.530261338
O0004912,U019163,control,2026-07-11 08:24:46.282470868,89.54,completed,
O0004913,U019165,control,2026-07-12 10:09:59.258411096,53.8,completed,
O0004914,U019168,control,2026-07-03 01:44:17.787188096,74.92,completed,
O0004915,U019169,treatment,2026-07-08 06:44:30.365922242,125.41,completed,
O0004916,U019180,treatment,2026-07-09 01:58:15.071423582,85.05,completed,
O0004917,U019181,treatment,2026-07-04 04:06:43.836098062,87.5,completed,
O0004918,U019184,control,2026-07-01 18:02:06.198522164,98.18,refunded,2026-07-02 18:02:06.198522164
O0004919,U019189,treatment,2026-07-12 15:43:05.373907842,64.02,completed,
O0004920,U019190,treatment,2026-07-10 04:23:56.499836620,50.1,completed,
O0004921,U019192,treatment,2026-07-12 16:40:43.305118082,110.89,completed,
O0004922,U019196,control,2026-07-13 18:20:10.804012829,35.61,completed,
O0004923,U019199,treatment,2026-07-08 11:50:47.337110478,180.32,completed,
O0004924,U019202,control,2026-07-14 21:15:47.262923452,74.81,completed,
O0004925,U019203,treatment,2026-07-09 06:19:06.874756122,56.61,completed,
O0004926,U019207,treatment,2026-07-09 10:26:52.341130974,103.2,completed,
O0004927,U019211,treatment,2026-07-11 20:13:31.552801288,122.81,completed,
O0004928,U019220,treatment,2026-07-12 07:45:30.584735998,72.5,completed,
O0004929,U019229,treatment,2026-07-12 11:24:03.057638472,67.51,completed,
O0004930,U019231,treatment,2026-07-09 07:30:19.977693060,76.47,completed,
O0004931,U019235,control,2026-07-04 16:52:50.000866196,126.54,completed,
O0004932,U019243,treatment,2026-07-13 00:41:31.424278669,149.09,completed,
O0004933,U019247,control,2026-07-07 22:56:22.817865308,136.93,completed,
O0004934,U019248,control,2026-07-04 09:19:33.682253106,70.48,completed,
O0004935,U019254,control,2026-07-08 21:21:37.321672218,87.82,completed,
O0004936,U019264,treatment,2026-07-08 17:04:53.691648674,92.45,completed,
O0004937,U019266,control,2026-07-07 08:48:28.853275674,62.48,completed,
O0004938,U019276,treatment,2026-07-14 06:23:38.979816740,58.04,refunded,2026-07-17 06:23:38.979816740
O0004939,U019279,treatment,2026-07-10 08:08:31.978896328,117.3,completed,
O0004940,U019280,treatment,2026-07-10 18:11:59.440269160,152.24,completed,
O0004941,U019285,control,2026-07-11 10:35:47.316343504,44.41,completed,
O0004942,U019286,control,2026-07-08 19:57:21.959875912,170.82,completed,
O0004943,U019289,treatment,2026-07-14 05:38:44.460364206,60.16,completed,
O0004944,U019295,treatment,2026-07-14 11:43:17.488207694,99.43,completed,
O0004945,U019307,treatment,2026-07-03 03:12:07.539537275,52.12,refunded,2026-07-08 03:12:07.539537275
O0004946,U019312,treatment,2026-07-02 03:58:36.766261564,96.31,completed,
O0004947,U019315,control,2026-07-09 05:43:01.504712582,118.4,completed,
O0004948,U019318,treatment,2026-07-02 23:02:38.224052200,37.89,completed,
O0004949,U019327,treatment,2026-07-05 06:36:29.898384480,55.33,completed,
O0004950,U019330,control,2026-07-03 15:18:14.581746944,88.51,completed,
O0004951,U019331,control,2026-07-07 22:39:45.842561152,88.28,completed,
O0004952,U019332,treatment,2026-07-11 10:57:21.204816902,197.43,completed,
O0004953,U019343,treatment,2026-07-01 15:01:57.445479082,111.64,completed,
O0004954,U019348,control,2026-07-06 20:26:36.925154828,86.92,completed,
O0004955,U019350,treatment,2026-07-08 19:53:10.916621658,93.15,completed,
O0004956,U019356,control,2026-07-11 16:41:40.346005134,76.64,completed,
O0004957,U019358,control,2026-07-09 10:21:09.552001006,31.57,completed,
O0004958,U019359,control,2026-07-12 13:19:39.751341322,36.6,completed,
O0004959,U019360,control,2026-07-03 18:38:29.591326436,52.68,completed,
O0004960,U019362,control,2026-07-11 22:29:55.134792516,70.02,completed,
O0004961,U019365,control,2026-07-13 10:51:54.399381476,68.15,completed,
O0004962,U019368,control,2026-07-11 13:28:04.155885096,58.16,completed,
O0004963,U019369,treatment,2026-07-10 21:30:26.922677804,173.6,completed,
O0004964,U019374,control,2026-07-03 02:15:05.466863324,170.05,refunded,2026-07-08 02:15:05.466863324
O0004965,U019377,control,2026-07-08 22:06:55.952948844,43.95,completed,
O0004966,U019384,treatment,2026-07-11 20:27:20.897878665,73.05,completed,
O0004967,U019394,treatment,2026-07-09 22:04:19.743597034,91.62,completed,
O0004968,U019401,control,2026-07-01 10:25:33.503655400,95.72,completed,
O0004969,U019404,control,2026-07-04 11:25:54.427227776,56.13,completed,
O0004970,U019405,control,2026-07-07 04:36:53.813102878,36.24,completed,
O0004971,U019418,treatment,2026-07-09 08:39:02.745218004,55.54,completed,
O0004972,U019422,control,2026-07-01 04:10:49.097717596,72.91,completed,
O0004973,U019423,treatment,2026-07-11 00:03:22.672907960,83.79,refunded,2026-07-14 00:03:22.672907960
O0004974,U019424,treatment,2026-07-02 03:27:20.293683540,94.23,completed,
O0004975,U019426,treatment,2026-07-04 17:35:56.326902968,43.59,completed,
O0004976,U019430,control,2026-07-12 02:57:15.999556186,87.52,completed,
O0004977,U019437,control,2026-07-07 14:35:16.172813190,84.37,completed,
O0004978,U019443,control,2026-07-08 18:21:43.778619054,58.63,completed,
O0004979,U019444,treatment,2026-07-05 18:01:35.792702652,99.56,completed,
O0004980,U019447,treatment,2026-07-01 13:00:42.490232828,80.94,completed,
O0004981,U019456,treatment,2026-07-04 15:41:14.290303986,74.73,completed,
O0004982,U019459,control,2026-07-09 06:42:24.229034394,60.27,completed,
O0004983,U019468,treatment,2026-07-07 05:36:49.479529402,136.42,completed,
O0004984,U019481,control,2026-07-03 23:00:17.750151388,50.74,completed,
O0004985,U019485,treatment,2026-07-06 13:50:50.402934944,103.8,completed,
O0004986,U019487,control,2026-07-01 23:23:19.548705096,60.86,completed,
O0004987,U019489,control,2026-07-05 18:46:01.920426074,183.63,completed,
O0004988,U019492,control,2026-07-13 15:57:42.061395946,45.71,completed,
O0004989,U019494,control,2026-07-02 03:33:10.127851616,73.73,completed,
O0004990,U019496,treatment,2026-07-14 16:42:12.526832810,81.06,completed,
O0004991,U019498,treatment,2026-07-10 06:50:42.524742696,125.25,completed,
O0004992,U019499,control,2026-07-05 22:07:14.900881628,117.19,completed,
O0004993,U019505,treatment,2026-07-07 14:33:48.672015844,60.13,completed,
O0004994,U019511,control,2026-07-12 20:51:01.653621652,117.94,completed,
O0004995,U019512,treatment,2026-07-14 20:20:16.045453273,66.58,completed,
O0004996,U019513,control,2026-07-01 18:02:41.145184670,74.86,completed,
O0004997,U019517,treatment,2026-07-08 09:47:32.096705284,64.0,completed,
O0004998,U019521,treatment,2026-07-10 21:33:03.339215684,83.13,completed,
O0004999,U019526,treatment,2026-07-01 23:59:32.548797350,76.67,completed,
O0005000,U019527,control,2026-07-02 02:44:00.463272180,105.43,completed,
O0005001,U019535,treatment,2026-07-09 19:47:15.407649770,65.95,completed,
O0005002,U019540,control,2026-07-02 18:01:39.265606034,102.73,completed,
O0005003,U019543,control,2026-07-10 06:57:06.355867408,158.22,completed,
O0005004,U019551,treatment,2026-07-03 03:58:00.772487612,70.93,completed,
O0005005,U019558,treatment,2026-07-03 18:10:17.925622864,73.77,refunded,2026-07-10 18:10:17.925622864
O0005006,U019559,control,2026-07-06 17:33:29.511770508,64.22,completed,
O0005007,U019561,control,2026-07-14 15:24:15.897534978,153.51,completed,
O0005008,U019562,control,2026-07-05 15:54:16.298116546,72.7,completed,
O0005009,U019566,control,2026-07-11 10:56:36.229724148,49.7,completed,
O0005010,U019568,control,2026-07-03 08:03:11.445930664,69.89,completed,
O0005011,U019571,control,2026-07-08 07:02:39.407987192,33.98,completed,
O0005012,U019582,treatment,2026-07-05 00:44:06.889817578,80.76,completed,
O0005013,U019588,treatment,2026-07-08 03:01:37.341039552,83.24,completed,
O0005014,U019591,treatment,2026-07-13 14:07:08.476323360,132.54,completed,
O0005015,U019598,treatment,2026-07-13 07:09:01.061014786,57.19,completed,
O0005016,U019599,control,2026-07-05 12:30:57.442438042,60.22,completed,
O0005017,U019603,treatment,2026-07-13 15:51:58.552399908,231.99,completed,
O0005018,U019607,treatment,2026-07-13 03:23:57.766095066,67.3,completed,
O0005019,U019608,treatment,2026-07-05 10:02:02.477260982,168.98,completed,
O0005020,U019610,treatment,2026-07-02 09:35:55.950041524,57.32,completed,
O0005021,U019613,control,2026-07-09 13:07:45.291699278,55.26,completed,
O0005022,U019616,treatment,2026-07-05 05:38:44.007565088,117.4,completed,
O0005023,U019617,control,2026-07-05 23:37:33.694328286,49.49,completed,
O0005024,U019620,treatment,2026-07-06 01:59:13.460700448,83.79,completed,
O0005025,U019622,control,2026-07-06 06:04:11.509739118,74.15,completed,
O0005026,U019632,control,2026-07-11 20:44:34.211464944,50.89,completed,
O0005027,U019634,treatment,2026-07-02 18:02:14.494286784,92.3,completed,
O0005028,U019635,treatment,2026-07-09 13:27:03.150701180,74.36,completed,
O0005029,U019640,control,2026-07-06 01:58:12.397010982,74.53,completed,
O0005030,U019643,treatment,2026-07-08 18:02:55.195215694,40.12,completed,
O0005031,U019648,treatment,2026-07-06 04:26:37.603710242,102.85,completed,
O0005032,U019657,control,2026-07-12 09:04:03.509754270,122.04,completed,
O0005033,U019662,control,2026-07-12 14:17:55.041733006,71.29,completed,
O0005034,U019668,control,2026-07-04 19:01:21.399994822,53.03,completed,
O0005035,U019670,treatment,2026-07-01 20:06:13.584962264,68.06,completed,
O0005036,U019674,treatment,2026-07-01 08:47:08.276525280,49.8,completed,
O0005037,U019680,treatment,2026-07-10 10:22:57.844592040,59.23,completed,
O0005038,U019683,treatment,2026-07-07 11:40:52.812996506,92.69,completed,
O0005039,U019688,treatment,2026-07-02 16:12:54.344791642,42.39,completed,
O0005040,U019695,treatment,2026-07-06 22:08:43.011578202,62.32,completed,
O0005041,U019697,control,2026-07-13 04:23:56.055764082,121.8,completed,
O0005042,U019698,control,2026-07-02 09:22:04.572775286,147.84,completed,
O0005043,U019701,control,2026-07-12 17:25:28.507423698,72.9,completed,
O0005044,U019702,control,2026-07-04 19:04:39.499787116,70.85,completed,
O0005045,U019703,treatment,2026-07-05 17:49:37.342193510,72.8,completed,
O0005046,U019708,treatment,2026-07-04 16:11:41.539404108,108.82,completed,
O0005047,U019711,control,2026-07-14 19:49:50.045336240,92.63,refunded,2026-07-19 19:49:50.045336240
O0005048,U019716,control,2026-07-04 18:48:49.869686598,47.39,completed,
O0005049,U019718,control,2026-07-13 14:57:36.816416644,124.85,completed,
O0005050,U019720,treatment,2026-07-05 04:24:02.820259850,116.62,completed,
O0005051,U019723,control,2026-07-02 13:03:13.769794355,134.8,completed,
O0005052,U019733,treatment,2026-07-14 14:43:34.948394256,78.49,completed,
O0005053,U019734,control,2026-07-01 16:36:34.807384040,70.43,completed,
O0005054,U019737,treatment,2026-07-11 14:27:30.681124422,74.46,completed,
O0005055,U019739,control,2026-07-14 02:30:08.796964344,63.56,completed,
O0005056,U019745,treatment,2026-07-08 10:26:41.248363990,58.64,completed,
O0005057,U019751,control,2026-07-02 23:57:51.701026986,30.06,completed,
O0005058,U019753,control,2026-07-10 12:14:54.958148930,117.27,completed,
O0005059,U019754,treatment,2026-07-08 07:34:52.352305576,202.56,completed,
O0005060,U019757,treatment,2026-07-04 10:38:45.943739446,79.93,completed,
O0005061,U019761,treatment,2026-07-10 02:32:15.142973184,90.75,completed,
O0005062,U019771,treatment,2026-07-05 03:23:37.700872126,96.16,completed,
O0005063,U019772,treatment,2026-07-03 16:45:50.019178311,45.39,completed,
O0005064,U019773,control,2026-07-02 22:22:53.306074536,187.98,completed,
O0005065,U019780,control,2026-07-06 19:14:08.782205516,107.35,completed,
O0005066,U019781,treatment,2026-07-11 05:40:48.749827230,51.52,completed,
O0005067,U019785,control,2026-07-06 14:42:06.429526970,54.17,completed,
O0005068,U019786,treatment,2026-07-01 02:32:19.222536033,42.9,completed,
O0005069,U019790,control,2026-07-11 01:02:41.163283980,97.56,completed,
O0005070,U019792,treatment,2026-07-04 04:44:02.226902984,55.65,completed,
O0005071,U019796,treatment,2026-07-10 21:02:26.833969482,25.05,completed,
O0005072,U019799,control,2026-07-12 14:04:11.864912452,155.21,completed,
O0005073,U019812,treatment,2026-07-02 02:13:54.929671882,109.22,completed,
O0005074,U019823,treatment,2026-07-05 02:10:13.185375388,56.33,completed,
O0005075,U019832,treatment,2026-07-13 18:54:22.849340336,75.32,completed,
O0005076,U019838,treatment,2026-07-05 00:50:00.193751376,21.82,completed,
O0005077,U019841,control,2026-07-14 10:06:09.031724196,83.07,completed,
O0005078,U019846,treatment,2026-07-11 01:50:25.125127448,107.92,completed,
O0005079,U019848,control,2026-07-10 16:14:41.258294338,74.72,completed,
O0005080,U019856,control,2026-07-13 15:14:54.471433826,66.15,completed,
O0005081,U019860,treatment,2026-07-10 09:43:39.906563906,117.69,completed,
O0005082,U019862,treatment,2026-07-11 00:33:03.555672808,102.78,completed,
O0005083,U019863,treatment,2026-07-11 18:32:50.253989398,58.77,refunded,2026-07-16 18:32:50.253989398
O0005084,U019866,control,2026-07-10 19:25:44.089852730,61.18,completed,
O0005085,U019870,treatment,2026-07-05 20:53:12.135635288,72.58,completed,
O0005086,U019873,control,2026-07-05 02:27:31.910457244,46.38,completed,
O0005087,U019874,control,2026-07-09 09:38:45.174926196,43.04,completed,
O0005088,U019875,control,2026-07-04 00:14:11.588615696,74.63,completed,
O0005089,U019886,treatment,2026-07-14 22:02:57.903075854,88.9,refunded,2026-07-18 22:02:57.903075854
O0005090,U019890,treatment,2026-07-04 14:41:53.357326416,78.5,completed,
O0005091,U019892,treatment,2026-07-14 14:51:38.000255555,126.27,completed,
O0005092,U019893,treatment,2026-07-05 06:37:43.307783920,125.64,completed,
O0005093,U019902,control,2026-07-02 07:55:47.988312054,77.91,completed,
O0005094,U019904,control,2026-07-08 19:19:58.291763080,63.7,completed,
O0005095,U019909,control,2026-07-01 10:06:27.426682406,46.23,completed,
O0005096,U019910,treatment,2026-07-03 05:17:51.510845844,137.44,completed,
O0005097,U019912,treatment,2026-07-14 17:24:52.844367184,46.79,completed,
O0005098,U019916,treatment,2026-07-06 20:37:27.810723752,139.29,completed,
O0005099,U019918,control,2026-07-07 15:55:33.556805084,113.17,completed,
O0005100,U019931,control,2026-07-07 05:19:46.778815260,117.69,completed,
O0005101,U019934,control,2026-07-12 19:14:34.074050834,130.86,completed,
O0005102,U019938,treatment,2026-07-11 10:42:44.769246042,103.31,completed,
O0005103,U019946,control,2026-07-06 04:44:20.587446934,90.02,completed,
O0005104,U019954,control,2026-07-07 18:32:24.185289502,89.0,completed,
O0005105,U019955,control,2026-07-05 23:01:40.442165678,75.6,completed,
O0005106,U019956,control,2026-07-06 14:24:38.945912218,38.6,completed,
O0005107,U019964,control,2026-07-12 02:12:08.731688838,64.68,completed,
O0005108,U019969,control,2026-07-14 11:46:17.404670152,85.74,refunded,2026-07-17 11:46:17.404670152
O0005109,U019973,treatment,2026-07-03 23:21:41.753743794,44.32,completed,
O0005110,U019975,treatment,2026-07-07 08:10:46.078886720,53.59,completed,
O0005111,U019976,control,2026-07-09 19:51:31.025754512,111.0,completed,
O0005112,U019977,treatment,2026-07-08 21:25:00.615350534,113.1,completed,
O0005113,U019981,treatment,2026-07-12 18:49:06.304819846,68.66,completed,
O0005114,U019982,treatment,2026-07-04 10:30:07.700251180,96.75,completed,
O0005115,U019986,treatment,2026-07-13 09:48:31.141755146,91.96,completed,
O0005116,U019987,control,2026-07-03 18:26:13.347158818,70.29,completed,
O0005117,U019990,treatment,2026-07-11 17:48:12.217236103,68.71,completed,
O0005118,U019994,treatment,2026-07-10 16:38:59.914217596,98.17,completed,
O0005119,U019996,treatment,2026-07-07 18:43:52.581359392,74.61,completed,
O0005120,U020000,control,2026-07-10 15:16:10.247928464,275.39,completed,
